Date,S/N,Tweet,annotation_id,annotator,created_at,id,lead_time,sentiment,updated_at
11/08/2024,1,The Truth shall bring them tears. ğŸ˜‚ğŸ˜‚. ODG chapter 1 verse 47.,246,1,2024-09-25T11:11:54.996611Z,1000,34.964,Offensive,2024-09-25T11:11:54.996611Z
10/08/2024,2,"Ladies and gentlemen, A valuable lesson on paying attention to detail. I said 12am, I never said what date. No be say I whine una o Na una Lose guard",247,1,2024-09-25T11:12:22.801387Z,1001,1.347,Offensive,2024-09-25T11:12:22.801387Z
10/08/2024,3,Baba na only who do anyhow dey see anyhow. Who respect himself na him we dey Respect.,248,1,2024-09-25T11:12:31.742752Z,1002,6.022,Offensive,2024-09-25T11:12:31.742752Z
10/08/2024,4,ğŸ˜‚ğŸ˜‚ No panic bros.,249,1,2024-09-25T11:12:36.858570Z,1003,2.181,Normal,2024-09-25T11:12:36.858570Z
10/08/2024,5,ğŸ˜‚ğŸ˜‚So After ALL that.. â€¦â€¦. ğŸ˜‚ğŸ˜‚ğŸ˜‚,250,1,2024-09-25T11:12:45.944524Z,1004,5.928,Normal,2024-09-25T11:12:45.944524Z
10/08/2024,6,Bro. I no fit lie. Na you suffer pass. No shades.,251,1,2024-09-25T11:12:51.270577Z,1005,2.351,Offensive,2024-09-25T11:12:51.270577Z
01/08/2024,7,Koni baje fun e. ğŸ™ğŸ¾,252,1,2024-09-25T11:12:56.131565Z,1006,1.34,Normal,2024-09-25T11:12:56.131565Z
01/08/2024,8,"As I no milk again una still wan tear my
Shirt. Wetin Una really want sef??",253,1,2024-09-25T11:13:04.205522Z,1007,4.586,Offensive,2024-09-25T11:13:04.205522Z
01/08/2024,9,I don hand am over to Falz bros.,254,1,2024-09-25T11:13:08.447410Z,1008,1.013,Normal,2024-09-25T11:13:08.447410Z
29/07/2024,10,â€œEMPTY CHAIRSâ€,255,1,2024-09-25T11:13:12.892126Z,1009,1.059,Offensive,2024-09-25T11:13:12.892126Z
29/07/2024,11,â€œNO SIGN OF WEAKNESSâ€!!!!,256,1,2024-09-25T11:13:17.552380Z,1010,1.256,Offensive,2024-09-25T11:13:17.552380Z
29/07/2024,12,"When I made this album, I literally had no expectations at all! I wanted to get shit off my chest and I appreciate you all for fuckin with it. #AFRICANGIANTIS5 ğŸ¦",257,1,2024-09-25T11:13:26.556532Z,1011,5.338,Normal,2024-09-25T11:13:26.556532Z
05/07/2024,13,"We both know how it feels to be locked up, why TF would you wish that on anyone? I gat love for u but I do NOT stand for none of this police ass shit. Take all this shit down please.",258,1,2024-09-25T11:13:33.264508Z,1012,1.808,Offensive,2024-09-25T11:13:33.264508Z
05/07/2024,14,Bro. WTF are you doing?? Take this down now !! Make me and u no get problem abeg . No be like this we dey handle differences.,259,1,2024-09-25T11:13:38.815743Z,1013,2.142,Offensive,2024-09-25T11:13:38.815743Z
05/07/2024,15,Ehen! Na wetin we dey pray for be that bros.,260,1,2024-09-25T11:13:45.239977Z,1014,1.46,Normal,2024-09-25T11:13:45.239977Z
05/07/2024,16,E shock me bros,261,1,2024-09-25T11:13:49.498894Z,1015,1.431,Normal,2024-09-25T11:13:49.498894Z
05/07/2024,17,No wam. I go soon mien.,262,1,2024-09-25T11:13:54.517438Z,1016,1.124,Normal,2024-09-25T11:13:54.517438Z
05/07/2024,18,ğŸ™ğŸ½ Thank you ğŸ‘‘ @SalifKeita.,263,1,2024-09-25T11:13:59.307078Z,1017,1.062,Normal,2024-09-25T11:13:59.307078Z
02/07/2024,19,Thanks for always riding with me Londonâ¤ï¸! #burnaboylondonstadium,264,1,2024-09-25T11:14:03.929313Z,1018,1.218,Normal,2024-09-25T11:14:03.929313Z
30/06/2024,20,Glastonbury! ğŸ’«ğŸ‘ŠğŸ¾ #Glastonbury2024 #itoldthem,265,1,2024-09-25T11:14:08.577179Z,1019,1.511,Indeterminate,2024-09-25T11:14:08.577179Z
27/06/2024,21,"For the first time in a long while I was able to spend time at home, with my people. Being present with all the volunteers that have held us down for years championing causes close to my heart. â€œHIGHERâ€ out tomorrow PHC FOREVER! 

ğŸ†™ğŸ™ğŸ½",266,1,2024-09-25T11:14:15.064654Z,1020,2.68,Normal,2024-09-25T11:14:15.064654Z
26/06/2024,22,Ahead of its Time!! ğŸ¶ ğŸ”¥,267,1,2024-09-25T11:14:20.662781Z,1021,1.768,Normal,2024-09-25T11:14:20.662781Z
01/06/2024,23,â¤ï¸ğŸ¥° i Appreciate you @__uotassia & @ raky_racky . See you in London ğŸ‡¬ğŸ‡§,268,1,2024-09-25T11:14:26.856593Z,1022,1.254,Normal,2024-09-25T11:14:26.856593Z
05/05/2024,24,Thanks for the love Guyana â¤ï¸,269,1,2024-09-25T11:14:31.155211Z,1023,1.206,Normal,2024-09-25T11:14:31.155211Z
01/05/2024,25,Guyana ğŸ‡¬ğŸ‡¾! ğŸ›¬ â€¦. See you tonight!,270,1,2024-09-25T11:14:36.798694Z,1024,1.395,Normal,2024-09-25T11:14:36.798694Z
18/04/2024,26,Love you mama â¤ï¸,271,1,2024-09-25T11:14:43.537092Z,1025,2.138,Normal,2024-09-25T11:14:43.537092Z
17/04/2024,27,I grew up in a place called PH City ğŸ™ğŸ¾â¤ï¸ thanks @TIME,272,1,2024-09-25T11:15:20.212633Z,1026,2.011,Normal,2024-09-25T11:15:20.212633Z
10/04/2024,28,Happy Eid Mubarak ğŸŒ™ğŸ’›,273,1,2024-09-25T11:15:26.515568Z,1027,1.056,Normal,2024-09-25T11:15:26.515568Z
02/04/2024,29,"Best April Fools in A while ğŸ¤£ 
but never say never!! ğŸ‘ŒğŸ½",274,1,2024-09-25T11:15:31.917431Z,1028,1.474,Offensive,2024-09-25T11:15:31.917431Z
09/03/2024,30,ATL ğŸ‘€,275,1,2024-09-25T11:15:36.397563Z,1029,1.441,Indeterminate,2024-09-25T11:15:36.397563Z
08/03/2024,31,Thank you for always holding me down D.C â¤ï¸ #ITOLDTHEMTOUR,276,1,2024-09-25T11:15:43.855462Z,1030,3.908,Normal,2024-09-25T11:15:43.855462Z
06/03/2024,32,The best ğŸš€ğŸš€,277,1,2024-09-25T11:15:48.899309Z,1031,1.414,Normal,2024-09-25T11:15:48.899309Z
05/03/2024,33,"We go still visit that audio chain and many more o. No worry, make @Cokobar money expire first.",278,1,2024-09-25T11:15:55.593402Z,1032,3.43,Normal,2024-09-25T11:15:55.593402Z
05/03/2024,34,"U see me dey smile nor mean say I dey smile o. Eyin fans mi, Dey play",279,1,2024-09-25T11:16:04.469728Z,1033,2.087,Offensive,2024-09-25T11:16:04.469728Z
03/03/2024,35,"I feel incredibly honoured and privileged! Thank you Boston! ğŸ’š

The goal has always been the same, to bring the world together. We are all so different but all the same! 

2nd of March a.k.a Burna Boy Day #ITOLDTHEMTOUR",280,1,2024-09-25T11:16:08.818550Z,1034,1.115,Normal,2024-09-25T11:16:08.818550Z
02/03/2024,36,"Boston, Iâ€™m charged up for tonight! ğŸš€ LETâ€™S GOOOO #ITOLDTHEMTOUR",281,1,2024-09-25T11:16:14.374800Z,1035,2.046,Normal,2024-09-25T11:16:14.374800Z
29/02/2024,37,Last night was amazing MontrÃ©al!! Encore ce soir! #ITOLDTHEMTOUR,282,1,2024-09-25T11:16:19.465528Z,1036,1.841,Normal,2024-09-25T11:16:19.465528Z
23/02/2024,38,Love you forever Chicago #ITOLDTHEMTOUR,283,1,2024-09-25T11:16:24.097935Z,1037,1.103,Normal,2024-09-25T11:16:24.097935Z
22/02/2024,39,Cover story @FT How To Spend It Issue ğŸŒ¹ on stands now,284,1,2024-09-25T11:16:29.099903Z,1038,1.816,Normal,2024-09-25T11:16:29.099903Z
22/02/2024,40,Thank you Chicago!!! You all made me weak in the knees! ğŸ™ğŸ¾ #ITOLDTHEMTOUR,285,1,2024-09-25T11:16:33.939992Z,1039,1.484,Normal,2024-09-25T11:16:33.939992Z
17/02/2024,41,ğŸ‡§ğŸ‡¸ Bahamas Tonight!!!,286,1,2024-09-25T11:16:38.429969Z,1040,2.387,Normal,2024-09-25T11:16:42.817574Z
11/02/2024,42,Walahi! ğŸ¤£,287,1,2024-09-25T11:16:47.569875Z,1041,0.999,Normal,2024-09-25T11:16:47.569875Z
11/02/2024,43,Help me! Help me! Dem dey carry me go where I nor know!! ğŸ˜‚ğŸ¤£,288,1,2024-09-25T11:16:53.914032Z,1042,2.807,Normal,2024-09-25T11:16:53.914032Z
07/02/2024,44,"Congratulations @NGSuperEagles !! Canâ€™t Wait to watch the finals on Sunday ğŸ’«. 
ğŸ‡³ğŸ‡¬ğŸ‡³ğŸ‡¬ğŸ‡³ğŸ‡¬",289,1,2024-09-25T11:16:58.677682Z,1043,1.21,Normal,2024-09-25T11:16:58.677682Z
12/01/2024,45,Now youâ€™re just like me ğŸ¶,290,1,2024-09-25T11:17:03.344612Z,1044,0.952,Normal,2024-09-25T11:17:03.344612Z
12/01/2024,46,Letâ€™s gooooo ğŸš€ğŸš€,291,1,2024-09-25T11:17:07.456419Z,1045,0.859,Normal,2024-09-25T11:17:07.456419Z
11/01/2024,47,Clean like a ğŸ™ğŸ¾ song,292,1,2024-09-25T11:17:11.825608Z,1046,1.105,Normal,2024-09-25T11:17:11.826615Z
09/01/2024,48,Happy birthday Mali @FamilyKabs â¤ï¸,293,1,2024-09-25T11:17:17.096428Z,1047,0.96,Normal,2024-09-25T11:17:17.096428Z
01/01/2024,49,Thank God we made it here! #HappyNewYear2024 ğŸ‰â¤ï¸,294,1,2024-09-25T11:17:22.580303Z,1048,2.157,Normal,2024-09-25T11:17:22.581311Z
22/12/2023,50,Touch down oso geme! @phynofino,295,1,2024-09-25T11:17:26.601427Z,1049,0.994,Normal,2024-09-25T11:17:26.601427Z
20/12/2023,51,Do we look like we give a F*$k? ffm.to/doiremix #DOIREMIX @phynofino ğŸ©¸ğŸ”“,296,1,2024-09-25T11:17:31.095296Z,1050,1.274,Offensive,2024-09-25T11:17:31.095296Z
17/12/2023,52,"My Grandma used to be the one crying for me to come back home, now sheâ€™s on edge every time I come back home and is already asking when Iâ€™m leaving. This is why I made â€œThanksâ€. Iâ€™m rolling with only her this December for peace to reign.",297,1,2024-09-25T11:17:43.791205Z,1051,8.877,Normal,2024-09-25T11:17:43.791205Z
12/12/2023,53,Finish them!!! ğŸ”¥ğŸ”¥ğŸ”¥,298,1,2024-09-25T11:18:02.182138Z,1052,10.455,Offensive,2024-09-25T11:18:02.182138Z
11/12/2023,54,"First time trying the light wave, Cologne you killed it! ğŸ‡©ğŸ‡ªâ¤ï¸ğŸ¥º #ITOLDTHEMTOUR",299,1,2024-09-25T11:18:12.758708Z,1053,6.165,Normal,2024-09-25T11:18:12.758708Z
11/12/2023,55,ğŸ‡©ğŸ‡ªğŸ‡©ğŸ‡ªğŸ‡©ğŸ‡ªğŸ‡©ğŸ‡ªğŸ‡©ğŸ‡ªğŸ‡©ğŸ‡ªğŸ‡©ğŸ‡ªğŸ‡©ğŸ‡ªğŸ‡©ğŸ‡ªğŸ‡©ğŸ‡ª NO SIGN OF WEAKNESS!! #ITOLDTHEMTOUR,300,1,2024-09-25T11:18:16.784339Z,1054,0.959,Normal,2024-09-25T11:18:16.784339Z
09/12/2023,56,hated by my Inferiors for having NO superiors.,301,1,2024-09-25T11:18:21.151741Z,1055,1.074,Normal,2024-09-25T11:18:21.151741Z
09/12/2023,57,Wisdom is the manifestation of knowledge. Manifestations means man speaking action. Thus Wisdom is knowledge put into activation. Peace.,302,1,2024-09-25T11:18:26.649514Z,1056,1.749,Normal,2024-09-25T11:18:26.649514Z
26/11/2023,58,"â€œPeace is the absence of confusion.â€
â€“ RZA #ITOLDTHEMTOUR",303,1,2024-09-25T11:18:31.676903Z,1057,0.961,Normal,2024-09-25T11:18:31.676903Z
29/11/2023,59,Comparing British & Nigerian Food | Snack Wars,304,1,2024-09-25T11:18:35.819680Z,1058,0.788,Normal,2024-09-25T11:18:35.819680Z
19/11/2023,60,Thank you @BBMAs ! #BBMAs #ITOLDTHEM,305,1,2024-09-25T11:18:40.029862Z,1059,1.077,Normal,2024-09-25T11:18:40.029862Z
18/11/2023,61,"Alas, ODOGWU no be nickname ğŸ’¦ #ITOLDTHEMTOUR",306,1,2024-09-25T11:18:46.595160Z,1060,1.38,Normal,2024-09-25T11:18:46.595160Z
17/11/2023,62,"Tables donâ€™t turn, na who get sense dey change him chair.
 #ITOLDTHEM

Houston, see you tonight! ğŸ’™",307,1,2024-09-25T11:18:53.890966Z,1061,4.077,Offensive,2024-09-25T11:18:53.890966Z
15/11/2023,63,"Dat money wey I wan give dem instablog dat time, e be like say na to give like 100 lawyers now, But I know say na hustle everybody dey hustle so e go pain me if I run dat kind tin. Why una dey push me na ?",308,1,2024-09-25T11:19:11.258013Z,1062,12.452,Offensive,2024-09-25T11:19:11.258013Z
14/11/2023,64,â¤ï¸. #ITOLDTHEM,309,1,2024-09-25T11:19:15.064985Z,1063,0.878,Indeterminate,2024-09-25T11:19:15.064985Z
14/11/2023,65,I love this Baba reasoning.,310,1,2024-09-25T11:19:19.299098Z,1064,0.838,Normal,2024-09-25T11:19:19.299098Z
12/11/2023,66,"Once more, my deepest gratitude to the Grammy academy for this incredible honor. A HUGE congrats to the talented African artists who were nominated alongside me. The true win lies in sharing these moments with you all at my shows and expressing it through my music. ğŸ™ğŸ¶ @recordingacad #ITOLDTHEM

As always

Love,
Damini",311,1,2024-09-25T11:19:24.184807Z,1065,0.866,Normal,2024-09-25T11:19:24.184807Z
11/11/2023,67,"Grocery store shift in Edmonton #ITOLDTHEMTOUR â¤ï¸

Canâ€™t wait to be back! ğŸ‡¨ğŸ‡¦",312,1,2024-09-25T11:19:28.933716Z,1066,1.048,Normal,2024-09-25T11:19:28.933716Z
09/11/2023,68,Telephone calls from Vancouver â˜ï¸ #ITOLDTHEMTOUR,313,1,2024-09-25T11:19:33.226205Z,1067,0.815,Normal,2024-09-25T11:19:33.226205Z
07/11/2023,69,"We did a thing in Seattle! #ITOLDTHEMTOUR

Vancouver tonight â¤ï¸",314,1,2024-09-25T11:19:37.348870Z,1068,0.887,Normal,2024-09-25T11:19:37.348870Z
06/11/2023,70,Love you ALL down!!! ğŸ˜‚â¤ï¸,315,1,2024-09-25T11:19:41.955781Z,1069,1.032,Normal,2024-09-25T11:19:41.955781Z
06/11/2023,71,GOD IS THE GREATEST â¤ï¸,316,1,2024-09-25T11:19:46.583319Z,1070,1.038,Normal,2024-09-25T11:19:46.583319Z
06/11/2023,72,ğŸ’ #ITOLDTHEM,317,1,2024-09-25T11:19:50.917993Z,1071,0.986,Indeterminate,2024-09-25T11:19:50.917993Z
05/11/2023,73,Welcome to my block!ğŸšï¸ â€¦.. Iâ¤ï¸LA #ITOLDTHEMTOUR,318,1,2024-09-25T11:19:55.232099Z,1072,0.833,Offensive,2024-09-25T11:19:55.232099Z
03/11/2023,74,Tan For Sure! #ITOLDTHEM #ITOLDTHEMTOUR,319,1,2024-09-25T11:20:00.478847Z,1073,1.414,Normal,2024-09-25T11:20:00.478847Z
03/11/2023,75,Lol heâ€™ll be back soon ğŸ¥º,320,1,2024-09-25T11:20:08.031888Z,1074,2.076,Normal,2024-09-25T11:20:08.031888Z
03/11/2023,76,You sef do fast before dem go collect this phone for my hand.,321,1,2024-09-25T11:20:12.691080Z,1075,1.031,Offensive,2024-09-25T11:20:12.691080Z
03/11/2023,77,Dem don lose guard!! Dem dey sleep. Na only me dey awake inside this plane. I greet you bros!! We gather dey here today.,322,1,2024-09-25T11:20:20.163726Z,1076,4.275,Normal,2024-09-25T11:20:20.163726Z
03/11/2023,78,"How far. all these instablog, PulseNg e.t.c abeg make all of una do meeting then decide how much I go give all of una make una forget my name totally. I know say I never pay any of una before so I say make I just run am finally. I greet you bros!!",323,1,2024-09-25T11:20:33.632288Z,1077,10.036,Offensive,2024-09-25T11:20:33.632288Z
03/11/2023,79,Oga how much be your money?? Make you sef develop amnesia for my matter. You follow for people wey I dey talk about.,324,1,2024-09-25T11:20:38.521884Z,1078,1.123,Offensive,2024-09-25T11:20:38.521884Z
03/11/2023,80,Make I pay money first. If dem born anybody make dem remember my name after I don sort. Sha All these things na because ORAIMO nor use chord again. #BringbackORAIMOchord,325,1,2024-09-25T11:20:49.789206Z,1079,6.938,Offensive,2024-09-25T11:20:49.789206Z
03/11/2023,81,Make I reason my guy PABLO! I dey come.,326,1,2024-09-25T11:20:54.365484Z,1080,1.541,Normal,2024-09-25T11:20:54.365484Z
01/11/2023,82,"Off to buy more panadol from the pharmacy, anyone need some? ğŸ«  ğŸ¤‘#ITOLDTHEMTOUR ğŸ’°ğŸ’¸",327,1,2024-09-25T11:21:09.729419Z,1081,11.238,Normal,2024-09-25T11:21:09.729419Z
01/11/2023,83,"Until the lion tells the story, the hunter will always be the hero ğŸ˜™ #ITOLDTHEMTOUR",328,1,2024-09-25T11:21:14.057932Z,1082,1.271,Normal,2024-09-25T11:21:14.057932Z
31/10/2023,84,"That time, I been nor know no go dey! #ITOLDTHEMTOUR 

onaspaceship.com",329,1,2024-09-25T11:21:23.466701Z,1083,1.587,Normal,2024-09-25T11:21:23.466701Z
27/10/2023,85,PSA: whatâ€™s our tour dress code ğŸ‘€ #ITOLDTHEMTOUR,330,1,2024-09-25T11:21:28.322123Z,1084,1.858,Normal,2024-09-25T11:21:28.322123Z
24/10/2023,86,"To cut a long story short, DEY PLAY! ğŸ˜˜â¤ï¸",331,1,2024-09-25T11:21:36.055277Z,1085,4.417,Offensive,2024-09-25T11:21:36.055277Z
18/10/2023,87,A wise man can play the fool but the fool can never play wise. #ITOLDTHEM,332,1,2024-09-25T11:21:42.432248Z,1086,2.619,Normal,2024-09-25T11:21:42.432248Z
15/10:23,88,ğŸ· ğŸ”¥ğŸ”¥!! #IToldthem,333,1,2024-09-25T11:21:47.744946Z,1087,0.976,Indeterminate,2024-09-25T11:21:47.744946Z
06/10/2023,89,"Even for bible, nor be everybody wey Dey Old Testament manage Enter New Testament #ITOLDTHEM",334,1,2024-09-25T11:21:55.991132Z,1088,3.347,Normal,2024-09-25T11:21:55.991132Z
03/10/2023,90,Queens â¤ï¸â€ğŸ”¥ ğŸ‡¬ğŸ‡­ #ITOLDTHEM,335,1,2024-09-25T11:22:00.923273Z,1089,1.055,Normal,2024-09-25T11:22:00.923273Z
02/10/2023,91,"When everything is going RIGHT, never forget to check your LEFT. #ITOLDTHEM",336,1,2024-09-25T11:22:06.543199Z,1090,1.46,Normal,2024-09-25T11:22:06.543199Z
30/09/2023,92,Sugarcoated Bitterleaf ğŸ¤·ğŸ¾â€â™‚ï¸ #ITOLDTHEM,337,1,2024-09-25T11:22:11.280000Z,1091,1.045,Normal,2024-09-25T11:22:11.280000Z
28/09/2023,93,Europe ğŸ‘€ dates in a bit #ITOLDTHEMTOUR,338,1,2024-09-25T11:22:16.691067Z,1092,1.045,Normal,2024-09-25T11:22:16.691067Z
28/09/2023,94,"As you dey gather disciples, nor forget say na still Judas Looseguard Jesus. #ITOLDTHEM",339,1,2024-09-25T11:22:26.392808Z,1093,5.803,Offensive,2024-09-25T11:22:26.392808Z
26/09/2023,95,"Iâ€™m not gonna lie, the live version of this album is sounding cold, ICE cold ğŸ¥¶ #ITOLDTHEM",340,1,2024-09-25T11:22:31.518997Z,1094,1.823,Normal,2024-09-25T11:22:31.518997Z
26/09/2023,96,Wahala ğŸ˜ª,341,1,2024-09-25T11:22:36.136720Z,1095,1.241,Normal,2024-09-25T11:22:36.136720Z
24/09/2023,97,My lifelong dream of being in the Beta Squad finally came true! ğŸ˜©ğŸ¥º #ITOLDTHEM,342,1,2024-09-25T11:22:42.882844Z,1096,3.235,Normal,2024-09-25T11:22:42.882844Z
23/09/2023,98,Briefcase full of hot tears and city boy accoutrements ğŸ˜ˆ #ITOLDTHEM,343,1,2024-09-25T11:22:48.723095Z,1097,1.872,Normal,2024-09-25T11:22:48.723095Z
16/09/2023,99,Big tune! ğŸ”¥,344,1,2024-09-25T11:22:53.703565Z,1098,1.872,Normal,2024-09-25T11:22:53.704564Z
16/09/2023,100,ğŸ¶ Wonâ€™t be the only time that youâ€™re gonna get your heart broken. #ITOLDTHEM,345,1,2024-09-25T11:23:05.038924Z,1099,2.686,Normal,2024-09-25T11:23:05.038924Z
11/09/2023,101,"On the move like Iâ€™m speed racing! ğŸï¸ğŸŒ¬ï¸
#ITOLDTHEM",346,1,2024-09-25T11:23:11.897362Z,1100,2.838,Normal,2024-09-25T11:23:11.897362Z
10/09/2023,102,Iâ€™m not even gonna lie â€¦â€¦â€¦..,347,1,2024-09-25T11:23:16.426637Z,1101,0.874,Normal,2024-09-25T11:23:16.426637Z
07/09/2023,103,MANCHESTER! Love to each and everyone of you for coming out â¤ï¸,348,1,2024-09-25T11:23:20.224981Z,1102,0.896,Normal,2024-09-25T11:23:20.224981Z
07/09/2023,104,Dey Play!,349,1,2024-09-25T11:23:26.573923Z,1103,3.014,Indeterminate,2024-09-25T11:23:26.573923Z
06/09/2023,105,"Leicester, are you ready? â¤ï¸ #ITOLDTHEM",350,1,2024-09-25T11:23:31.177671Z,1104,1.469,Normal,2024-09-25T11:23:31.177671Z
05/09/2023,106,"BELIEVE! 
#ITOLDTHEM",351,1,2024-09-25T11:23:35.648853Z,1105,0.91,Normal,2024-09-25T11:23:35.648853Z
05/09/2023,107,"Apparently, City Boy = A city dweller with sophisticated manners and clothing ğŸ¤·ğŸ¾â€â™‚ï¸ğŸ¤¨

#ITOLDTHEM",352,1,2024-09-25T11:23:40.070182Z,1106,0.971,Normal,2024-09-25T11:23:40.070182Z
03/09/2023,108,Amazing !! #ITOLDTHEM,353,1,2024-09-25T11:23:45.363109Z,1107,2.184,Normal,2024-09-25T11:23:45.364111Z
01/09/2023,109,"I told them I'm the highest!! Number 1 ğŸ’«

#ITOLDTHEMNUMBER1 #ITOLDTHEM !!",354,1,2024-09-25T11:23:51.155382Z,1108,2.63,Normal,2024-09-25T11:23:51.155382Z
01/09/2023,110,Letâ€™s Have it ! #ITOLDTHEM #ITOLDTHEMNUMBER1,355,1,2024-09-25T11:23:59.347607Z,1109,4.767,Normal,2024-09-25T11:23:59.347607Z
01/09/2023,111,#ITOLDTHEM,356,1,2024-09-25T11:24:03.253229Z,1110,0.952,Normal,2024-09-25T11:24:03.253229Z
30/08/2023,112,Birmingham Pop Up Today!! #ITOLDTHEM,357,1,2024-09-25T11:24:07.381276Z,1111,0.876,Normal,2024-09-25T11:24:07.381276Z
30/08/2023,113,Biza,358,1,2024-09-25T11:24:12.411508Z,1112,1.786,Normal,2024-09-25T11:24:12.411508Z
30/08/2023,114,That is it #ITOLDTHEM,359,1,2024-09-25T11:24:16.558771Z,1113,1.038,Normal,2024-09-25T11:24:16.558771Z
30/08/2023,115,"Sharpaly Migrate, make I dey where the vibes dey",360,1,2024-09-25T11:24:20.878672Z,1114,0.86,Normal,2024-09-25T11:24:20.878672Z
30/08/2023,116,*I be Godâ€™s Son,361,1,2024-09-25T11:24:25.390839Z,1115,1.037,Normal,2024-09-25T11:24:25.390839Z
30/08/2023,117,ğŸ˜‚ @rahman_jago_ Oya explain yourself!,362,1,2024-09-25T11:24:33.000261Z,1116,0.784,Normal,2024-09-25T11:24:33.000261Z
30/08/2023,118,Lmk what lyric on the album you want translated ğŸ˜‚#ITOLDTHEM,363,1,2024-09-25T11:24:38.254251Z,1117,1.377,Normal,2024-09-25T11:24:38.254251Z
30/08/2023,119,Chasing!,364,1,2024-09-25T11:24:43.905993Z,1118,1.298,Normal,2024-09-25T11:24:43.905993Z
30/08/2023,120,Ekelebe Chasing!,365,1,2024-09-25T11:24:48.651852Z,1119,0.77,Normal,2024-09-25T11:24:48.651852Z
29/08/2023,122,cheat on me ft @Santandave1 #ITOLDTHEM,367,1,2024-09-25T11:24:56.527408Z,1121,1.141,Normal,2024-09-25T11:25:00.696441Z
28/08/2023,123,"The Magazine ğŸ‡¬ğŸ‡§â¤ï¸ @itoldthemmag 
#ITOLDTHEM",368,1,2024-09-25T11:25:04.827476Z,1122,0.782,Normal,2024-09-25T11:25:04.827476Z
28/08/2023,124,Chaiii ğŸ˜‚ğŸ˜‚,369,1,2024-09-25T11:25:08.991100Z,1123,0.965,Indeterminate,2024-09-25T11:25:08.991100Z
27/08/2023,125,If Iâ€™m lying #ITOLDTHEM,370,1,2024-09-25T11:25:13.815010Z,1124,1.308,Indeterminate,2024-09-25T11:25:13.815010Z
26/08/2023,126,#ITOLDTHEM,371,1,2024-09-25T11:25:18.187824Z,1125,1.379,Indeterminate,2024-09-25T11:25:18.187824Z
26/08/2023,127,On baby!! @_Telz #ITOLDTHEM,372,1,2024-09-25T11:25:22.584308Z,1126,0.908,Indeterminate,2024-09-25T11:25:22.584308Z
26/08/2023,128,The city boys just came outside! Summer till October! #ITOLDTHEM,373,1,2024-09-25T11:25:26.615003Z,1127,0.908,Normal,2024-09-25T11:25:26.615003Z
26/08/2023,129,"If e too stress you make you leave am, no be everybody be believer ğŸ¶ #ITOLDTHEM",374,1,2024-09-25T11:25:32.527114Z,1128,2.676,Offensive,2024-09-25T11:25:32.527114Z
25/08/2023,130,In the middle of a rain storm in Saint Martin â¤ï¸ğŸ™ğŸ¾ #ITOLDTHEM,375,1,2024-09-25T11:25:37.889281Z,1129,1.562,Normal,2024-09-25T11:25:37.889281Z
25/08/2023,131,The floating tracklist ğŸ‘€ #ITOLDTHEM,376,1,2024-09-25T11:25:42.582900Z,1130,1.11,Normal,2024-09-25T11:25:42.582900Z
25/08/2023,132,Me I just want make my people dey Biza ğŸ¥º #IToldThem,377,1,2024-09-25T11:25:50.145886Z,1131,2.273,Normal,2024-09-25T11:25:50.145886Z
24/08/2023,133,Cole and Burna = Shaq and Kobe ğŸ”’,378,1,2024-09-25T11:25:55.626277Z,1132,1.818,Normal,2024-09-25T11:25:55.626277Z
22/08/2023,134,"""In 15 minutes ğŸ¤«""",379,1,2024-09-25T11:26:01.584299Z,1133,3.314,Indeterminate,2024-09-25T11:26:01.584299Z
22/08/2023,135,Itâ€™s peak today!!! #ITOLDTHEM,380,1,2024-09-25T11:26:05.857855Z,1134,0.803,Normal,2024-09-25T11:26:05.857855Z
22/08/2023,136,I think Iâ€™m gna drop something in an hour tbh #ITOLDTHEM,381,1,2024-09-25T11:26:10.958028Z,1135,2.206,Normal,2024-09-25T11:26:10.958028Z
21/08/2023,137,#ITOLDTHEM !! ğŸ’«,382,1,2024-09-25T11:26:15.259440Z,1136,0.977,Normal,2024-09-25T11:26:15.259440Z
18/08/2023,138,Cause I be City Boy! #ITOLDTHEM,383,1,2024-09-25T11:26:20.310845Z,1137,1.612,Normal,2024-09-25T11:26:20.310845Z
01/08/2023,139,"Congratulations @KrissyNliam !!! 
Youngest Outsider in Charge ğŸ‘‘#big7",384,1,2024-09-25T11:26:25.183303Z,1138,0.872,Normal,2024-09-25T11:26:25.183303Z
01/08/2023,140,Legendary #Big7,385,1,2024-09-25T11:26:41.191785Z,1139,1.966,Normal,2024-09-25T11:26:41.191785Z
29/07/2023,141,#BIG7,386,1,2024-09-25T11:26:47.449216Z,1140,2.066,Normal,2024-09-25T11:26:47.449216Z
28/07/2023,142,Big 7 by Burna Boy!!! âœ…,387,1,2024-09-25T11:26:55.041810Z,1141,3.68,Normal,2024-09-25T11:26:55.041810Z
14/07/2023,143,Thank You for Having Me @CitiField !! #BIG7,388,1,2024-09-25T11:27:04.733798Z,1142,3.069,Normal,2024-09-25T11:27:04.733798Z
14/07/2023,144,"The Love continues... ğŸ«¶ğŸ¿ğŸ¦
 Burna Boyâ€™s Love, Damini tour the Last Ever Love Damini Tour Date in Arnhem Netherlands! 
Sunday 23rd July 2023",389,1,2024-09-25T11:27:10.687684Z,1143,1.624,Normal,2024-09-25T11:27:10.687684Z
08/07/2023,145,"Love Damini the Album is a Year Old Today!!! 
Lots of Milestones Achieved and Records Broken!!
Just Want to Say Thank You All for your Support!!! 
2.9 Billion Streams ğŸ’¥ğŸ’¥
Celebrating at Citi Field Stadium Tonight!!!

#LOVEDAMINIYEARANNIVERSARY 
#LoveDaminiStadiumTour 
#BURNABOYCITIFIELD 
#BurnaboyStadiumTour",390,1,2024-09-25T11:27:20.804880Z,1144,1.562,Normal,2024-09-25T11:27:20.804990Z
20/07/2023,146,Don't miss out.,391,1,2024-09-25T11:27:38.582954Z,1145,2.704,Normal,2024-09-25T11:27:38.582954Z
08/07/2023,147,See you tonight @degmodegann !!! â¤ï¸,392,1,2024-09-25T11:27:42.584549Z,1146,0.877,Normal,2024-09-25T11:27:42.584549Z
05/07/2023,148,ğŸ‘ŠğŸ½ ğŸ‘ŠğŸ½ Collateral Damage!!,393,1,2024-09-25T11:27:47.297368Z,1147,0.802,Normal,2024-09-25T11:27:47.297368Z
03/07/2023,149,Shows that leave you in awe ğŸ¥ºğŸ™ğŸ¾ #roskildefestival,394,1,2024-09-25T11:27:51.192992Z,1148,2.032,Normal,2024-09-25T11:27:55.361451Z
01/07/2023,150,"Portugal, itâ€™s always a pleasure â¤ï¸
 #Big7 #SOTOTW",395,1,2024-09-25T11:29:35.046154Z,1149,3.359,Normal,2024-09-25T11:29:35.046154Z
01/07/2023,151,BELIEVE! #Big7 #SOTOTW,396,1,2024-09-25T11:29:39.299075Z,1150,1.412,Normal,2024-09-25T11:29:39.299075Z
30/06/2023,152,St kitts â¤ï¸â¤ï¸ !! ğŸ‡°ğŸ‡³,397,1,2024-09-25T11:29:43.281430Z,1151,0.925,Normal,2024-09-25T11:29:43.281430Z
28/06/2023,153,"Big vibes in St. Kitts! ğŸ‡°ğŸ‡³ğŸ¥º
-
Thanks for Having Me!",398,1,2024-09-25T11:29:47.246321Z,1152,414.749,Normal,2024-09-25T11:36:54.200030Z
24/06/2023,154,"Saint Kitts and Nevis ğŸ‡°ğŸ‡³!! We are Here!!!!
StkittsMusicFestival @SKMusicFes Tonight!!!",399,1,2024-09-25T11:37:04.125382Z,1153,2.074,Normal,2024-09-25T11:37:04.125382Z
22/06/2023,155,Big 7! ğŸ¦,400,1,2024-09-25T11:37:10.703276Z,1154,1.898,Normal,2024-09-25T11:37:10.703276Z
04/06/2023,156,Awww Congratulations @LivingWithTola.,401,1,2024-09-25T11:37:19.019848Z,1155,1.227,Normal,2024-09-25T11:37:19.019848Z
31/05/2023,157,SITTIN' ON TOP OF THE WORLD!!!,402,1,2024-09-25T11:37:26.004105Z,1156,2.26,Normal,2024-09-25T11:37:26.004105Z
26/05/2023,158,More than One!! ğŸ¦,403,1,2024-09-25T11:37:32.598135Z,1157,1.266,Normal,2024-09-25T11:37:32.598135Z
26/05/2023,159,Thank you for Having me @ParisLaDefArena ! #lovedaministadiumtour ğŸŸï¸ğŸ¦,404,1,2024-09-25T11:37:46.600426Z,1158,1.146,Normal,2024-09-25T11:37:46.600426Z
26/05/2023,160,A Moment! @ParisLaDefArena ğŸ‡«ğŸ‡· #burnaboystadiumtour !!! ğŸŸï¸ğŸ¦,405,1,2024-09-25T11:37:55.261310Z,1159,1.333,Normal,2024-09-25T11:37:55.261310Z
21/05/2023,161,Thank you Paris! ğŸ‡«ğŸ‡·,406,1,2024-09-25T11:38:01.552469Z,1160,1.272,Normal,2024-09-25T11:38:01.552469Z
20/05/2023,162,"Been Wavy Since Morning!!! 
Paris Tonight #LoveDaminiStadiumTour ğŸŸï¸",407,1,2024-09-25T11:38:06.747358Z,1161,1.256,Normal,2024-09-25T11:38:06.747358Z
19/05/2023,163,#LoveDaminiStadiumTour ğŸŸï¸,408,1,2024-09-25T11:38:11.659762Z,1162,1.131,Normal,2024-09-25T11:38:11.659762Z
14/05/2023,164,Go Hilda. We are rooting for you to break that record . And I trust say the food go sweet die.,409,1,2024-09-25T11:38:16.904093Z,1163,1.444,Normal,2024-09-25T11:38:16.904093Z
14/05/2023,165,So sick ! ğŸ”¥ @jjcook9628!!! How long did it take to make this ? ğŸ¤¯,410,1,2024-09-25T11:38:28.409473Z,1164,6.632,Normal,2024-09-25T11:38:28.409473Z
13/05/2023,166,Time For New Music! ğŸ¤”,411,1,2024-09-25T11:38:33.188156Z,1165,1.151,Normal,2024-09-25T11:38:33.188156Z
07/05/2023,167,More Life @MAJORLEAGUEDJZ ! ğŸ¥‚,412,1,2024-09-25T11:38:38.216641Z,1166,1.133,Normal,2024-09-25T11:38:38.216641Z
07/05/2023,168,Canâ€™t believe Location is 4 x Platinum . Been on Apple Music Uk top 100 for over 4 years and is still there! ğŸ¤¯ Must be the First or one of the first Urban Uk Songs to Do This! You owe me a Patek lol @Santandave1 !! ğŸ¤£. Congratulations my bro This is Crazy ğŸ¦,413,1,2024-09-25T11:38:48.323261Z,1167,1.923,Normal,2024-09-25T11:38:48.323261Z
01/05/2023,169,"New Month . New Blessings! 
Happy New Month . ğŸ¦",414,1,2024-09-25T11:38:53.451448Z,1168,1.419,Normal,2024-09-25T11:38:53.451448Z
28/04/2023,170,Locked in!!!! ğŸ¦,745,1,2024-09-25T12:22:58.992860Z,1169,9.389,Normal,2024-09-25T12:22:58.992860Z
28/04/2023,171,#BurnaBoyMSG,415,1,2024-09-25T11:43:24.948771Z,1170,4.203,Indeterminate,2024-09-25T11:43:29.283738Z
24/04/2023,172,This is Amazing ! Congratulations @mommyfinnasmoke ! ğŸ‘â¤ï¸,416,1,2024-09-25T11:43:35.404505Z,1171,3.386,Normal,2024-09-25T11:43:35.404505Z
12/04/2023,173,Dallas Tonight! Rockâ­ï¸ #lovedamini,417,1,2024-09-25T11:43:40.469509Z,1172,1.965,Normal,2024-09-25T11:43:40.469509Z
09/04/2023,174,Congratulations champ @stylebender ! ğŸ‡³ğŸ‡¬,418,1,2024-09-25T11:43:44.167783Z,1173,1.036,Normal,2024-09-25T11:43:44.167783Z
09/04/2023,175,Happy Easter!! ğŸ£ğŸ°ğŸ’–,419,1,2024-09-25T11:43:51.842594Z,1174,3.926,Normal,2024-09-25T11:43:51.842594Z
18/02/2023,176,Rip Christian Atsu ğŸ•Šï¸,420,1,2024-09-25T11:43:56.515273Z,1175,1.777,Normal,2024-09-25T11:43:56.515273Z
22/01/2023,177,Marine Serre Paris FW23!ğŸ–¤,421,1,2024-09-25T11:44:00.565849Z,1176,1.162,Normal,2024-09-25T11:44:00.565849Z
19/01/2023,178,Thank you @afrimaofficial and Everyone that Voted . #lovedamini ğŸ¦,422,1,2024-09-25T11:44:07.877107Z,1177,3.223,Normal,2024-09-25T11:44:07.877107Z
29/12/2022,179,"RIP Pele. 

A man with a strong legacy that will be remembered FOREVER. ğŸ•Šï¸â¤ï¸

Legends Never Die they are always Remembered in the hearts of the People.",423,1,2024-09-25T11:44:12.861636Z,1178,0.732,Normal,2024-09-25T11:44:12.861636Z
28/12/2022,180,ğŸ“Afrochella Accra Tomorrow ğŸ‡¬ğŸ‡­,424,1,2024-09-25T11:44:16.859168Z,1179,0.867,Normal,2024-09-25T11:44:16.859168Z
21/12/2022,181,Couldnâ€™t let you start the year any other way! â€¦.. see you 2023 #lagoslovesdamini â¤ï¸,425,1,2024-09-25T11:44:30.895930Z,1180,8.626,Normal,2024-09-25T11:44:30.895930Z
18/12/2022,182,Jamaica Tonight ğŸ‡¯ğŸ‡²!!,426,1,2024-09-25T11:44:35.403087Z,1181,1.031,Normal,2024-09-25T11:44:35.403087Z
17/12/2022,183,Antigua Tonight! ğŸ˜»,427,1,2024-09-25T11:44:39.316700Z,1182,22.512,Normal,2024-09-25T11:45:03.938565Z
16/12/2022,184,Trinidad Tonight! ğŸ‡¹ğŸ‡¹ #LoveDamini,428,1,2024-09-25T11:45:06.887621Z,1183,0.64,Normal,2024-09-25T11:45:06.887621Z
11/12/2022,185,Happy birthday to your Dad A real Outsider. This video has made my day ğŸ˜Šhopefully I get to meet him someday. Thank you for the support it means a lot ğŸ’¨,429,1,2024-09-25T11:45:10.863611Z,1184,14.599,Normal,2024-09-25T11:45:26.160415Z
08/11/2022,186,Happy Birthday @ItsTrinBean. God bless your mum and thank her for translating the songs lol â¤ï¸,430,1,2024-09-25T11:45:29.848676Z,1185,1.267,Normal,2024-09-25T11:45:29.848676Z
30/11/2022,187,"Thank you so much @MOBOAwards for the Two Awards!!! 
Best International Act 2022 & 
Best African Music Act 2022 
sorry I couldnâ€™t be there. 
Truly Grateful. 
Thank you to all my fans and those that voted #LOVEDAMINI",431,1,2024-09-25T11:45:34.177745Z,1186,1.399,Normal,2024-09-25T11:45:34.177745Z
30/11/2022,188,Thank you @MOBOAwards ! I wish I could be there but I am in Zurich for my show today . Big love to @KanyaKing and everyone who work hard to make the mobo awards a success. #LOVEDAMINI,432,1,2024-09-25T11:45:47.414795Z,1187,10.226,Normal,2024-09-25T11:45:47.414795Z
27/11/2022,189,"Why?

Because I can ğŸ˜‰ğŸ¤·ğŸ¾â€â™‚ï¸ #lovedamini 

Thank You for All for The Love and Support.",433,1,2024-09-25T11:45:51.505364Z,1188,1.062,Normal,2024-09-25T11:45:51.505364Z
24/11/2022,190,June 3rd. ğŸš€,434,1,2024-09-25T11:45:59.586825Z,1189,2.346,Normal,2024-09-25T11:45:59.586825Z
13/11/2022,191,Thanks for the love @mtvema Iâ€™m super bummed I couldnâ€™t be there. We go again! ğŸš€â¤ï¸,435,1,2024-09-25T11:46:03.456218Z,1190,0.832,Normal,2024-09-25T11:46:03.456218Z
09/12/2022,192,Whiskey doc screening with a couple folks! ğŸš€,436,1,2024-09-25T11:46:07.509313Z,1191,0.993,Normal,2024-09-25T11:46:07.509313Z
12/11/2022,193,"ğŸ›¸ @BukayoSaka87 .. 
Good Luck at the World Cup! â¤ï¸",437,1,2024-09-25T11:46:13.170820Z,1192,1.799,Normal,2024-09-25T11:46:13.170820Z
20/10/2022,194,20/10/2020 ğŸ‡³ğŸ‡¬,438,1,2024-09-25T11:46:17.005007Z,1193,23.218,Indeterminate,2024-09-25T11:46:41.784996Z
11/10/2022,195,Amazing â¤ï¸,439,1,2024-09-25T11:46:46.073524Z,1194,1.589,Normal,2024-09-25T11:46:46.073524Z
07/10/2022,196,STADIUM SETTINGS ğŸ ,440,1,2024-09-25T11:46:49.508425Z,1195,0.732,Normal,2024-09-25T11:46:49.508425Z
07/10/2022,197,"2023, a new realm ğŸ  onaspaceship.com #lovedaministadiumtour #LDST",441,1,2024-09-25T11:46:56.529831Z,1196,4.124,Normal,2024-09-25T11:46:56.529831Z
25/09/2022,198,Namibia Tonight! ğŸ¦ ğŸ‡³ğŸ‡¦,442,1,2024-09-25T11:47:00.305608Z,1197,1.236,Normal,2024-09-25T11:47:00.305608Z
25/09/2022,199,"About Last Night ğŸ˜»ğŸ¦ ! 
Love to all my ğŸ‡¿ğŸ‡¦ Fans @DeliciousFestSA",443,1,2024-09-25T11:47:04.555292Z,1198,1.515,Normal,2024-09-25T11:47:04.555292Z
24/09/2022,200,100%.,444,1,2024-09-25T11:47:08.421511Z,1199,0.927,Normal,2024-09-25T11:47:08.421511Z
22/09/2022,201,"Next Tuesday. 

Love,
Damini",445,1,2024-09-25T11:47:11.831102Z,1200,0.759,Normal,2024-09-25T11:47:11.831102Z
21/09/2022,202,See you there â¤ï¸,446,1,2024-09-25T11:47:15.978542Z,1201,1.12,Normal,2024-09-25T11:47:15.978542Z
21/09/2022,203,Happy birthday â¤ï¸,447,1,2024-09-25T11:47:44.102411Z,1202,2.13,Normal,2024-09-25T11:47:44.102411Z
15/09/2022,204,Something Big is Coming EuropeLovesDamini.com!,448,1,2024-09-25T11:47:47.796888Z,1203,0.755,Normal,2024-09-25T11:47:47.796888Z
14/09/2022,205,ğŸ¤£ğŸ¤£ğŸ¤£!!! This made my day,449,1,2024-09-25T11:47:51.201339Z,1204,0.697,Normal,2024-09-25T11:47:51.201339Z
13/09/2022,206,"Thanks for having me
 @jimmyfallon @FallonTonight !!! ğŸ¦",450,1,2024-09-25T11:47:55.190508Z,1205,1.002,Normal,2024-09-25T11:47:55.190508Z
05/09/2022,207,ğŸ‘€ğŸ‘€ğŸ˜»ğŸ˜» @afropunk,451,1,2024-09-25T11:47:58.986176Z,1206,1.028,Normal,2024-09-25T11:47:58.986176Z
04/09/2022,208,Even with one Leg. Won le ba mi.,452,1,2024-09-25T11:48:02.849617Z,1207,1.909,Offensive,2024-09-25T11:48:06.844456Z
01/09/2022,209,Working on this deluxe ğŸ˜®â€ğŸ’¨,453,1,2024-09-25T11:48:10.724596Z,1208,1.214,Normal,2024-09-25T11:48:10.724596Z
31/08/2022,210,#lovedamini,454,1,2024-09-25T11:48:14.804855Z,1209,1.448,Indeterminate,2024-09-25T11:48:14.804855Z
27/08/2022,211,Everyone follow @NigeriaStories now. They teach some of the True history we ought to have learned in school.,455,1,2024-09-25T11:48:24.242593Z,1210,2.568,Normal,2024-09-25T11:48:24.242593Z
24/08/2022,212,"Lowlands 22â€™ ğŸ‡³ğŸ‡± 

Love, 
Damini",456,1,2024-09-25T11:48:28.723112Z,1211,1.723,Normal,2024-09-25T11:48:28.723112Z
23/08/2022,213,It is very possible that FC doctored this one too just now. But if this is true I donâ€™t support this rubbish. You can bant but donâ€™t play with peoples Family or money. And most importantly DONâ€™T drag us backwards by lying to the world about our true conditions as African people.,457,1,2024-09-25T11:48:40.960669Z,1212,8.638,Offensive,2024-09-25T11:48:40.960669Z
23/08/2022,214,This is me after a bottle of @_HavanaClub,458,1,2024-09-25T11:48:45.257248Z,1213,1.19,Normal,2024-09-25T11:48:45.257248Z
23/08/2022,215,"Wether you know it or not, All our suffering stems from our miseducation. We do not know who we truly are or the strength we truly have.",459,1,2024-09-25T11:48:56.180041Z,1214,7.123,Normal,2024-09-25T11:48:56.180041Z
22/08/2022,216,#LoveDamini in ğŸ‡³ğŸ‡±,460,1,2024-09-25T11:49:00.858570Z,1215,2.059,Indeterminate,2024-09-25T11:49:00.858570Z
21/08/2022,217,Talk to me nicely ğŸ˜˜,461,1,2024-09-25T11:49:04.205736Z,1216,0.866,Normal,2024-09-25T11:49:04.205736Z
19/08/2022,218,ğŸ‡«ğŸ‡®! #lovedamini,462,1,2024-09-25T11:49:07.949217Z,1217,1.064,Indeterminate,2024-09-25T11:49:07.949217Z
19/08/2022,219,"Love, Damini ! ğŸ˜»ğŸ¦",463,1,2024-09-25T11:49:13.743859Z,1218,2.005,Normal,2024-09-25T11:49:13.743859Z
16/08/2022,220,"And by 2022 Iâ€™ve performed in almost every country in the world. Once I do The Asia, Australia and southAmerican tour. I will truly have done it all.",464,1,2024-09-25T11:49:33.476834Z,1219,14.272,Normal,2024-09-25T11:49:33.476834Z
16/08/2022,221,"My Documentary is deep sha. Watching some old videos and realised Iâ€™ve been Touring since 2013 and by 2015 I had already performed in almost all 36 states of Nigeria with Glo and Star, by 2018 I had performed in almost every African country already.",465,1,2024-09-25T11:49:44.231166Z,1220,7.361,Normal,2024-09-25T11:49:44.231166Z
16/08/2022,222,A True Artist. ğŸ™ŒğŸ¾,466,1,2024-09-25T11:50:25.147163Z,1221,0.732,Normal,2024-09-25T11:50:25.147163Z
16/08/2022,223,"Heavy is the head that wears the crown. But when your born with that Crown on your head, you donâ€™t feel the weight.",467,1,2024-09-25T11:50:33.234934Z,1222,5.194,Normal,2024-09-25T11:50:33.234934Z
14/08/2022,224,"Happy 2nd Birthday, ğŸ‰ #TAT",468,1,2024-09-25T11:50:36.764450Z,1223,0.8,Offensive,2024-09-25T11:50:36.764450Z
10/08/2022,225,ğŸ¤¯ğŸ˜¶â€ğŸŒ«ï¸ğŸ¥¶ @Santandave1 !,469,1,2024-09-25T11:50:40.277068Z,1224,0.83,Indeterminate,2024-09-25T11:50:40.277669Z
08/08/2022,226,"Just wrapped our North American tour, Love, Damini is a month old TODAY, skin is clear, Iâ€™m hydrated and nourished! Thank God! #LoveDamini",470,1,2024-09-25T11:50:47.551792Z,1225,2.921,Normal,2024-09-25T11:50:47.551792Z
07/08/2022,227,Woke up covered in sweat from having these wild dreams. #LoveDamini,471,1,2024-09-25T11:50:54.647431Z,1226,3.79,Normal,2024-09-25T11:50:54.647431Z
06/08/2022,228,Stadium dates and tickets in Paris and Amsterdam droppingâ€¦â€¦ .. ğŸ‡«ğŸ‡· & ğŸ‡³ğŸ‡± LETS GO!!!!!!,472,1,2024-09-25T11:52:23.177036Z,1227,3.74,Normal,2024-09-25T11:52:23.177036Z
05/08/2022,229,"Toronto ğŸ‡¨ğŸ‡¦! This Saturday 6th August 
Markham Fair Grounds!!!!",473,1,2024-09-25T11:52:26.657485Z,1228,0.739,Normal,2024-09-25T11:52:26.657485Z
05/08/2022,230,Lol ğŸ¤£ğŸ¤£!,474,1,2024-09-25T11:52:30.020313Z,1229,0.658,Normal,2024-09-25T11:52:30.020313Z
04/08/2022,231,Here already @Omo_Gaa!!! See you tonight ğŸ˜»ğŸ¦,475,1,2024-09-25T11:52:33.588214Z,1230,0.613,Normal,2024-09-25T11:52:33.588214Z
04/08/2022,232,Yessir See you tonight @jimoh_hhakeem !!! ğŸ¦ğŸ¦,476,1,2024-09-25T11:52:36.944704Z,1231,0.696,Normal,2024-09-25T11:52:36.944704Z
04/08/2022,233,Tonight!!!!! ğŸ˜»ğŸ˜» @Coderedpresents !! ğŸ¦,477,1,2024-09-25T11:52:40.655371Z,1232,0.753,Normal,2024-09-25T11:52:40.655371Z
04/08/2022,234,"Vancouver, are you ready!? ğŸ‡¨ğŸ‡¦ #LOVEDAMINTOUR",478,1,2024-09-25T11:52:44.267119Z,1233,0.731,Normal,2024-09-25T11:52:44.267119Z
03/08/2022,235,Views #LOVEDAMINITOUR â¤ï¸ğŸ¥º,479,1,2024-09-25T11:52:48.023491Z,1234,0.726,Indeterminate,2024-09-25T11:52:48.023491Z
05/08/2022,236,Uganda ğŸ‡ºğŸ‡¬ my People ! Please disregard this show itâ€™s fake and False advertising I wonâ€™t be there..,480,1,2024-09-25T11:52:53.295916Z,1235,2.385,Offensive,2024-09-25T11:52:53.295916Z
03/08/2022,237,Edmonton ğŸ‘€ âŒ,481,1,2024-09-25T11:52:56.611901Z,1236,0.673,Normal,2024-09-25T11:52:56.611901Z
31/07/2022,238,"Thank you Boston! Being on stage felt like a family party! #LOVEDAMINITOUR 

ğŸ“· @thekwameblue",482,1,2024-09-25T11:52:59.918185Z,1237,0.754,Normal,2024-09-25T11:52:59.918185Z
30/07/2022,239,"Montreal!!!! ğŸ‡¨ğŸ‡¦ğŸ‡¨ğŸ‡¦ Tonight for @osheaga ! 
ğŸ˜» #LoveDamini",483,1,2024-09-25T11:53:04.753133Z,1238,0.596,Normal,2024-09-25T11:53:04.753133Z
29/07/2022,240,Canâ€™t wait to see you â¤ï¸,484,1,2024-09-25T11:53:09.379688Z,1239,0.692,Normal,2024-09-25T11:53:09.379688Z
29/07/2022,241,"Dallasssss! Iâ€™ll never for get you! â¤ï¸

Boston youâ€™re #6 weâ€™re going UP! Tonight #lovedaminitour",485,1,2024-09-25T11:53:13.611643Z,1240,1.204,Normal,2024-09-25T11:53:13.611643Z
28/07/2022,242,Gna be dropping #behindthealbum tweets about #lovedamini all week! Iâ€™ve never actually spoken about how it all came together â˜ºï¸,486,1,2024-09-25T11:53:18.360298Z,1241,1.057,Normal,2024-09-25T11:53:18.360298Z
28/07/2022,243,"FYI: This song is called whiskey as a reference to the famous â€œDark n Stormyâ€ cocktail #lovedamini â€œbehind the lyricsâ€ ğŸ™‚

Love you Dallas!! â¤ï¸",487,1,2024-09-25T11:53:33.722537Z,1242,7.182,Normal,2024-09-25T11:53:33.722537Z
26/07/2022,244,"Love, Damini",488,1,2024-09-25T11:53:37.353879Z,1243,1.114,Normal,2024-09-25T11:53:37.353879Z
27/07/2022,245,Officially a Rocket! Thanks Houston â¤ï¸ #LOVEDAMINI,489,1,2024-09-25T11:53:41.002301Z,1244,0.914,Normal,2024-09-25T11:53:41.002301Z
24/07/2022,246,ğŸ˜‚ğŸ˜‚ I would never do The Chi like that!,490,1,2024-09-25T11:53:45.429903Z,1245,0.923,Offensive,2024-09-25T11:53:45.429903Z
24/07/2022,247,I love this!! ğŸ¥º,491,1,2024-09-25T11:53:49.688710Z,1246,1.154,Normal,2024-09-25T11:53:49.688710Z
30/08/2024,248,"A very serious businessmanğŸ‘¨ğŸ¾â€ğŸ’¼ğŸ’¼
@burnaboy x @HUGOBOSS ğŸ”¥",492,1,2024-09-25T11:53:53.355646Z,1247,0.673,Normal,2024-09-25T11:53:53.355646Z
23/07/2022,249,ğŸ¤£ğŸ¤£ğŸ¥³@ameliadimz,493,1,2024-09-25T11:53:57.102540Z,1248,0.726,Indeterminate,2024-09-25T11:53:57.102540Z
24/07/2022,250,â¤ï¸â¤ï¸â¤ï¸â¤ï¸â¤ï¸ @ms___dale.,494,1,2024-09-25T11:54:00.399631Z,1249,0.611,Indeterminate,2024-09-25T11:54:00.399631Z
23/07/2022,251,I like it @Coaly_bizzy ğŸ˜». #lovedamini,495,1,2024-09-25T11:54:04.216707Z,1250,1.643,Normal,2024-09-25T11:54:07.973268Z
22/07/2022,252,Detroit! Like I said last night you are LEGENDARY!! â¤ï¸ğŸ‡ºğŸ‡¸ #lovedamintour,496,1,2024-09-25T11:54:15.100194Z,1251,2.11,Normal,2024-09-25T11:54:15.100194Z
22/07/2022,253,Both ğŸ˜˜,497,1,2024-09-25T11:54:18.797069Z,1252,0.685,Indeterminate,2024-09-25T11:54:18.797069Z
21/07/2022,254,ğŸ”¥ğŸ”¥@IAmENISA,498,1,2024-09-25T11:54:23.290575Z,1253,1.815,Indeterminate,2024-09-25T11:54:23.290575Z
21/07/2022,255,"Donâ€™t wanna waste my days I want to spend them on enjoyment!! #lovedamini 
-
Shout out â€œBTMIâ€ ğŸ‡§ğŸ‡§for the vibes â¤ï¸",499,1,2024-09-25T11:54:29.414710Z,1254,3.922,Normal,2024-09-25T11:54:33.050154Z
21/07/2022,256,If I do 99 good e go remain 1,500,1,2024-09-25T11:54:37.196464Z,1255,0.651,Normal,2024-09-25T11:54:37.196464Z
20/07/2022,257,ğŸ¤£ğŸ¤£ğŸ¤£ @Goated_21 !!,501,1,2024-09-25T11:54:41.120947Z,1256,1.402,Indeterminate,2024-09-25T11:54:41.120947Z
18/07/2022,258,"Thank you Barbados ğŸ‡§ğŸ‡§ 

ğŸ¥ @shawnogulu",502,1,2024-09-25T11:54:45.441875Z,1257,0.895,Normal,2024-09-25T11:54:45.441875Z
18/07/2022,259,ğŸ¤£ğŸ¤£ğŸ¤£ğŸ¤£ğŸ¤£! So funny,503,1,2024-09-25T11:54:49.817382Z,1258,1.106,Normal,2024-09-25T11:54:49.817382Z
17/07/2022,260,Barbados ğŸ‡§ğŸ‡§ Iâ€™m on my way!,504,1,2024-09-25T11:54:53.281110Z,1259,0.726,Normal,2024-09-25T11:54:53.281110Z
16/07/2022,261,Big plans!! â¤ï¸ğŸ™ğŸ¾,505,1,2024-09-25T11:54:56.705856Z,1260,0.678,Normal,2024-09-25T11:54:56.708258Z
15/07/2022,262,"Thank you for all supporting, weâ€™re still out here #LOVEDAMINI",506,1,2024-09-25T11:55:00.373643Z,1261,0.628,Normal,2024-09-25T11:55:00.373643Z
14/07/2022,263,One more hour!!!!! Letâ€™s go!,507,1,2024-09-25T11:55:04.603094Z,1262,0.985,Normal,2024-09-25T11:55:04.603094Z
14/07/2022,264,Come through! Weâ€™re keeping doors open longer â¤ï¸â¤ï¸,508,1,2024-09-25T11:55:08.115159Z,1263,0.706,Normal,2024-09-25T11:55:08.115159Z
14/07/2022,265,Love u bro,509,1,2024-09-25T11:55:11.960313Z,1264,0.664,Normal,2024-09-25T11:55:11.960313Z
13/07/2022,266,Send me screenshots!!!,510,1,2024-09-25T11:55:16.158156Z,1265,1.006,Normal,2024-09-25T11:55:16.158156Z
13/07/2022,267,ğŸ¥º #LOVEDAMINI,511,1,2024-09-25T11:55:19.787525Z,1266,0.755,Normal,2024-09-25T11:55:19.787525Z
13/07/2022,268,ğŸ˜‚ğŸ˜‚ we love to see it,512,1,2024-09-25T11:55:23.664802Z,1267,0.759,Normal,2024-09-25T11:55:23.664802Z
13/07/2022,269,ğŸ˜ #LOVEDAMINI,513,1,2024-09-25T11:55:27.563501Z,1268,1.065,Indeterminate,2024-09-25T11:55:27.563501Z
11/07/2022,270,100%,514,1,2024-09-25T11:55:31.426288Z,1269,0.765,Indeterminate,2024-09-25T11:55:31.426288Z
11/07/2022,271,"Before I announced, working on a second :) #LOVEDAMINI",515,1,2024-09-25T11:55:37.753353Z,1270,2.543,Normal,2024-09-25T11:55:37.753353Z
11/07/2022,272,ğŸ¥³ğŸ¥³ â€œFor My Handâ€™,516,1,2024-09-25T11:55:41.537354Z,1271,1.085,Indeterminate,2024-09-25T11:55:41.537354Z
10/07/2022,273,"Well, #LOVEDAMINI",517,1,2024-09-25T11:55:45.296718Z,1272,0.823,Indeterminate,2024-09-25T11:55:45.296718Z
10/07/2022,274,Hmmmm!,518,1,2024-09-25T11:55:49.162488Z,1273,0.958,Indeterminate,2024-09-25T11:55:49.162488Z
10/07/2022,275,Hereâ€™s better pic quality for you @MannyNorte lol,519,1,2024-09-25T11:55:52.428156Z,1274,0.665,Normal,2024-09-25T11:55:52.428156Z
10/07/2022,276,Yesss! @ADELLEO ğŸ’¨. #LOVEDAMINI,520,1,2024-09-25T11:55:55.955880Z,1275,0.817,Normal,2024-09-25T11:55:55.955880Z
09/07/2022,277,â¤ï¸â¤ï¸ @TheREACHNG,521,1,2024-09-25T11:55:59.836817Z,1276,0.784,Indeterminate,2024-09-25T11:55:59.836817Z
09/07/2022,278,#LOVEDAMINI,522,1,2024-09-25T11:56:05.123317Z,1277,1.409,Indeterminate,2024-09-25T11:56:05.123317Z
09/07/2022,279,Made sure I Signed a few CDs for my outsiders in London and Birmingham that couldnâ€™t make it! Go grab in store at HMV #LOVEDAMINI,523,1,2024-09-25T11:56:08.803321Z,1278,0.743,Normal,2024-09-25T11:56:08.803321Z
09/07/2022,280,Letâ€™s go Birmingham! ğŸ‰ #LOVEDAMINI,524,1,2024-09-25T11:56:12.300094Z,1279,0.734,Normal,2024-09-25T11:56:12.300094Z
09/07/2022,281,Just got to Birmingham! See you at @hmvtweets store!!,525,1,2024-09-25T11:56:16.096579Z,1280,0.755,Normal,2024-09-25T11:56:16.096579Z
09/07/2022,282,Thanks ğŸ˜Š #LOVEDAMINI,526,1,2024-09-25T11:56:19.448886Z,1281,0.573,Indeterminate,2024-09-25T11:56:19.448886Z
07/07/2022,283,"I Also wonâ€™t be doing Wireless Birmingham, Sincerest Apologies.",527,1,2024-09-25T11:56:23.177833Z,1282,1.84,Normal,2024-09-25T11:56:29.533281Z
07/07/2022,284,I wonâ€™t be doing Wireless 2moro. Sorry.,528,1,2024-09-25T11:56:33.515559Z,1283,0.954,Normal,2024-09-25T11:56:33.515559Z
05/07/2022,285,ğŸ¦ğŸ¦ğŸ¦!!!,529,1,2024-09-25T11:56:37.095281Z,1284,0.678,Indeterminate,2024-09-25T11:56:37.095281Z
05/07/2022,286,The cover #LOVEDAMINI,530,1,2024-09-25T11:56:40.678636Z,1285,0.826,Indeterminate,2024-09-25T11:56:40.678636Z
05/07/2022,287,ğŸ‚ #LOVEDAMINI,531,1,2024-09-25T11:56:45.602904Z,1286,1.63,Indeterminate,2024-09-25T11:56:45.602904Z
04/07/2022,288,"Apparently I was born just after midnight, so Iâ€™m gna be dropping teasers everyday till release at midnight #LOVEDAMINI",532,1,2024-09-25T11:56:49.414071Z,1287,0.691,Normal,2024-09-25T11:56:49.414071Z
04/07/2022,289,Bro ğŸ©¸ â¤ï¸ @Giannis_An34,533,1,2024-09-25T11:56:53.430388Z,1288,1.184,Normal,2024-09-25T11:56:53.430388Z
03/07/2022,290,Only Two @pryvyd_ !!! Lol you can do better ğŸ¤£ğŸ”¥â¤ï¸,534,1,2024-09-25T11:56:57.573354Z,1289,1.158,Normal,2024-09-25T11:56:57.573354Z
03/07/2022,291,This made my Day @TheREACHNG. ğŸ˜»,535,1,2024-09-25T11:57:01.155478Z,1290,0.711,Normal,2024-09-25T11:57:01.155478Z
02/07/2022,292,#LOVEDAMINI canâ€™t Wait for them to hear this one !! @thegreatkhalid !!! ğŸ”¥ğŸ”¥,536,1,2024-09-25T11:57:04.782252Z,1291,0.693,Normal,2024-09-25T11:57:04.782252Z
03/07/2022,293,ğŸŒŸğŸŒŸğŸŒŸğŸŒŸğŸŒŸ @blacksherif_,537,1,2024-09-25T11:57:08.729914Z,1292,0.925,Normal,2024-09-25T11:57:08.729914Z
02/07/2022,294,ğŸ’¨ğŸ’¨ğŸ’¨ğŸ’¨ @MannyNorte!! ğŸ¦,538,1,2024-09-25T11:57:13.290842Z,1293,1.388,Indeterminate,2024-09-25T11:57:13.290842Z
02/07/2022,295,"â€œThank you Lisbon â¤ï¸â€ Love, Damini",539,1,2024-09-25T11:57:18.269002Z,1294,1.738,Normal,2024-09-25T11:57:18.269002Z
15/06/2022,296,#LOVEDAMINI PSA this Friday ğŸ‘€,540,1,2024-09-25T11:57:21.816285Z,1295,0.702,Normal,2024-09-25T11:57:21.816285Z
15/06/2022,297,"Nigerian Social media can say BURNA BOY started Boko haram, e no go shock me.",541,1,2024-09-25T11:57:27.976807Z,1296,1.384,Offensive,2024-09-25T11:57:27.976807Z
13/06/2022,298,Primavera! Amazing Crowd â¤ï¸,542,1,2024-09-25T11:57:33.223064Z,1297,1.821,Normal,2024-09-25T11:57:33.223064Z
07/06/2022,299,ğŸ‘€ğŸ‘€ğŸ‘€! Sir Lewis Hamilton @LewisHamilton ğŸ”¥ğŸ”¥ğŸ¥¶,543,1,2024-09-25T11:57:38.317090Z,1298,1.401,Normal,2024-09-25T11:57:38.317090Z
06/06/2022,300,"Nothing is sacred anymore!? Motherâ€™s, fathers, children and babies getting killed ğŸ’”My heartfelt condolences to all those who have lost family or friends from terrorists strikes across our country ğŸ‡³ğŸ‡¬ these past few months. I stand with you.

Love, Damini.",544,1,2024-09-25T11:57:45.011952Z,1299,1.895,Offensive,2024-09-25T11:57:45.011952Z
05/06/2022,301,Fair enough,545,1,2024-09-25T11:57:49.007808Z,1300,0.781,Normal,2024-09-25T11:57:49.007808Z
03/06/2022,302,Harare 22â€ ğŸ‡¿ğŸ‡¼,546,1,2024-09-25T11:57:53.021333Z,1301,0.606,Normal,2024-09-25T11:57:53.021333Z
03/06/2022,303,Zimbabwe We Here! ğŸ‡¿ğŸ‡¼ ğŸ˜»,547,1,2024-09-25T11:57:56.850588Z,1302,0.711,Normal,2024-09-25T11:57:56.850588Z
01/06/2022,304,4 weeks to go #lovedamini,548,1,2024-09-25T11:58:01.056125Z,1303,1.237,Normal,2024-09-25T11:58:01.056125Z
29/05/2022,305,Legends never Die. ğŸ’”. RIP SIDHU MOOSE WALA. Shit Still donâ€™t feel real.,549,1,2024-09-25T11:58:04.925375Z,1304,0.938,Normal,2024-09-25T11:58:04.925375Z
21/05/2022,306,Shayooooooâ€¦â€¦!,550,1,2024-09-25T11:58:10.120808Z,1305,0.803,Offensive,2024-09-25T11:58:10.120808Z
19/05/2022,307,Last Last!!! ğŸ¦ğŸ«£,551,1,2024-09-25T11:58:14.719229Z,1306,0.96,Normal,2024-09-25T11:58:14.719229Z
18/05/2022,308,"Deep down I really want this to be my album cover. ğŸ¥º Love, Damini.",552,1,2024-09-25T11:58:18.995872Z,1307,1.274,Normal,2024-09-25T11:58:18.995872Z
17/05/2022,309,I appreciate u â¤ï¸,553,1,2024-09-25T11:58:23.507937Z,1308,1.459,Normal,2024-09-25T11:58:23.507937Z
17/05/2022,310,I do music for a living ğŸ˜‰ #LastLast,554,1,2024-09-25T11:58:28.569311Z,1309,1.554,Normal,2024-09-25T11:58:28.569311Z
16/05/2022,311,BBMAs 22 ğŸš€ğŸ™ğŸ¾,555,1,2024-09-25T11:58:34.495138Z,1310,2.187,Normal,2024-09-25T11:58:34.495138Z
14/05/2022,312,I no holy! And I no denge pose like Baba Frio ğŸ¶,556,1,2024-09-25T11:58:43.037972Z,1311,1.652,Normal,2024-09-25T11:58:43.037972Z
12/05/2022,313,LAST LAST!!!!!,557,1,2024-09-25T11:58:48.416371Z,1312,0.812,Normal,2024-09-25T11:58:48.416371Z
12/05/2022,314,Big 7! ğŸ¦,558,1,2024-09-25T11:58:53.446941Z,1313,1.137,Normal,2024-09-25T11:58:53.446941Z
02/05/2022,315,Big shout out to my @chippercashapp family for being part of this huge moment with me and the OUTSIDERS! #Bankonit #chipperxburna,559,1,2024-09-25T11:59:00.686149Z,1314,2.03,Normal,2024-09-25T11:59:00.686149Z
29/04/2022,316,My legend!!! Thank you for blessing the stage with me ğŸ™ğŸ¾ğŸš€,560,1,2024-09-25T11:59:05.533369Z,1315,0.869,Normal,2024-09-25T11:59:05.533369Z
29/04/2022,317,"Love, Damini is a personal body of work. Itâ€™s about the ups and downs, the growth, the Lâ€™s and Wâ€™s. Iâ€™m excited to share this journey and roll out with you all #LoveDamini #Burnaboy",561,1,2024-09-25T11:59:11.092466Z,1316,0.868,Normal,2024-09-25T11:59:11.092466Z
28/04/2022,318,"The Journey in NY has been a blessing. PlayStation theatre in 2017, Gramercy theatre in 2018, The Apollo in 2019 and Today 2022 we are in MADISON SQUARE GARDEN. Thank you NEW YORK for sticking with me all these years through this great Journey. Love, Damini.",562,1,2024-09-25T11:59:17.642624Z,1317,0.735,Normal,2024-09-25T11:59:17.642624Z
28/04/2022,319,ALL!!,563,1,2024-09-25T11:59:26.336157Z,1318,1.695,Indeterminate,2024-09-25T11:59:26.336157Z
28/04/2022,320,Big positive vibes only!!! ğŸ’™,564,1,2024-09-25T11:59:32.937243Z,1319,1.28,Normal,2024-09-25T11:59:32.937243Z
28/04/2022,321,We move! #OneNightInSpace,565,1,2024-09-25T11:59:38.816756Z,1320,1.043,Normal,2024-09-25T11:59:38.816756Z
26/04/2022,322,ğŸ˜‚ğŸ˜‚ see you soon my G,566,1,2024-09-25T11:59:43.226601Z,1321,0.77,Normal,2024-09-25T11:59:43.226601Z
26/04/2022,323,#ONENIGHTINSPACE,567,1,2024-09-25T11:59:47.874537Z,1322,1.844,Indeterminate,2024-09-25T11:59:52.615826Z
26/04/2022,324,"#burnaboy
#burnamsg",568,1,2024-09-25T11:59:57.065962Z,1323,0.832,Indeterminate,2024-09-25T11:59:57.065962Z
21/04/2022,325,Love. Damini.,569,1,2024-09-25T12:00:01.578653Z,1324,0.677,Indeterminate,2024-09-25T12:00:01.578653Z
21/04/2022,326,"NO REGRETS. Keep working, keep Trying, keep Moving. Make mistakes and learn but NEVER REGRET. I ainâ€™t perfect neither are you. Nobody is.",570,1,2024-09-25T12:00:09.137306Z,1325,1.247,Normal,2024-09-25T12:00:09.137306Z
15/04/2022,327,EVERY single one of you â¤ï¸,571,1,2024-09-25T12:00:14.249166Z,1326,1.411,Normal,2024-09-25T12:00:14.249166Z
15/04/2022,328,AMSTERDAM â€˜22 ğŸ™ğŸ¾,572,1,2024-09-25T12:00:18.410045Z,1327,0.735,Normal,2024-09-25T12:00:18.410045Z
15/04/2022,329,"THANK YOU AMSTERDAM, last night was incredible!! ğŸ¤¯â¤ï¸ğŸ‡³ğŸ‡±
-
 ğŸ“¸@ElliotHensford",573,1,2024-09-25T12:00:22.819860Z,1328,0.75,Normal,2024-09-25T12:00:22.819860Z
14/04/2022,330,Outsiders!!! ğŸ¦,574,1,2024-09-25T12:00:26.903095Z,1329,1.281,Normal,2024-09-25T12:00:26.903095Z
14/04/2022,331,ğŸ’¥ğŸ’¥ğŸ’¥ğŸ’¥ @ZiggoDome !,575,1,2024-09-25T12:00:30.733065Z,1330,0.641,Normal,2024-09-25T12:00:30.733065Z
14/04/2022,332,My Everything!! She is probably the reason I donâ€™t believe any girl Loves me. I know what true love feels like.. Grandmaâ€™s Love.,576,1,2024-09-25T12:00:36.860289Z,1331,2.863,Normal,2024-09-25T12:00:36.860289Z
14/04/2022,333,"Just in Amsterdam doing sound check and all I can think of is â€œI need my grandma everywhere I goâ€ but that woman cannot understand/handle fans screaming and touching me, or seeing me stressed without crying so hard out of genuine fear and love.",577,1,2024-09-25T12:00:40.573556Z,1332,0.838,Normal,2024-09-25T12:00:40.573556Z
13/04/2022,334,âœŠğŸ¾âœŠğŸ¾âœŠğŸ¾ #SPACEDRIFT,578,1,2024-09-25T12:00:44.584328Z,1333,0.98,Indeterminate,2024-09-25T12:00:44.584328Z
13/04/2022,335,"ROTTERDAM â€œ22 ğŸ‡³ğŸ‡± #spacedrift 

ğŸ“¸ @ElliotHensford",579,1,2024-09-25T12:00:48.965244Z,1334,0.915,Indeterminate,2024-09-25T12:00:48.965244Z
13/04/2022,336,THANK YOU ROTTERDAM ğŸ‡³ğŸ‡±â¤ï¸,580,1,2024-09-25T12:00:53.789667Z,1335,1.864,Indeterminate,2024-09-25T12:00:53.789667Z
11/04/2022,337,"Everyone: Drop album, Drop Album. Me :",581,1,2024-09-25T12:01:04.900603Z,1336,4.597,Normal,2024-09-25T12:01:04.900603Z
11/04/2022,338,Dada cover my faceâ€¦â€¦â€¦,582,1,2024-09-25T12:01:08.421748Z,1337,0.708,Normal,2024-09-25T12:01:08.421748Z
06/04/2022,339,Blood typeğŸ†â¤ï¸ ğŸ”’ @RealBlackCoffee,583,1,2024-09-25T12:01:12.508711Z,1338,0.948,Normal,2024-09-25T12:01:12.509728Z
06/04/2022,340,Mama â¤ï¸ ğŸ† @angeliquekidjo,584,1,2024-09-25T12:01:17.496939Z,1339,2.076,Normal,2024-09-25T12:01:17.496939Z
05/04/2022,341,Signed a few of these for my OUTSIDERS. Who wants one? @RollingStoneUK,585,1,2024-09-25T12:01:22.797436Z,1340,2.394,Normal,2024-09-25T12:01:22.797436Z
05/04/2022,342,Na the last time wey I go jaiye for Club DNA for Lagos.,586,1,2024-09-25T12:01:26.879346Z,1341,0.965,Normal,2024-09-25T12:01:26.879346Z
05/04/2022,343,After Ramadan na @Olamide go Gbemi Trabaye. Him dey owe me like 40 AZUL. I need all.,587,1,2024-09-25T12:01:35.879451Z,1342,4.674,Normal,2024-09-25T12:01:35.880451Z
05/04/2022,344,I fit still no drop album sha. Na to dey Order azul I wan continue to dey do.,588,1,2024-09-25T12:01:41.595760Z,1343,2.383,Normal,2024-09-25T12:01:41.595760Z
03/04/2022,345,Happy Sunday ğŸš€ğŸ’¨,589,1,2024-09-25T12:01:45.324654Z,1344,0.867,Normal,2024-09-25T12:01:45.324654Z
26/03/2022,346,"Everywhere just dey boring since. dem go soon collect phone from my hand now, everywhere go dry again.",590,1,2024-09-25T12:01:54.084421Z,1345,5.497,Normal,2024-09-25T12:01:54.084421Z
26/03/2022,347,ZAZuu!,591,1,2024-09-25T12:01:57.895136Z,1346,0.684,Normal,2024-09-25T12:01:57.895136Z
26/03/2022,348,"Na now all bloggers dey wake up. Lol. ğŸ˜‚ğŸ¤£. Ive been making history and opening doors that Could have NEVER opened without me. dem no see that 1 post or talk about, Na highest paid dey enter their eye. They want me to put them on payroll but I never needed them.",592,1,2024-09-25T12:02:06.060863Z,1347,4.644,Offensive,2024-09-25T12:02:06.060863Z
25/03/2022,349,"Oh I almost forgot â˜ºï¸

Love,
Damini",593,1,2024-09-25T12:02:20.123432Z,1348,9.563,Normal,2024-09-25T12:02:20.123432Z
25/03/2022,350,Sooner than you think,594,1,2024-09-25T12:02:24.854338Z,1349,0.886,Normal,2024-09-25T12:02:24.854338Z
25/03/2022,351,I said money doesnâ€™t satisfy me and itâ€™s my Truth but it Doesnâ€™t change the fact that Iâ€™m the highest paid artist in the History of African music. Believe it or not.,595,1,2024-09-25T12:02:30.476914Z,1350,2.329,Normal,2024-09-25T12:02:30.476914Z
25/03/2022,352,#NewProfilePic,596,1,2024-09-25T12:02:36.609360Z,1351,2.643,Normal,2024-09-25T12:02:36.609360Z
25/03/2022,353,I thank God and the world for giving me This. I just wish the world would leave me out of all politics and just let/watch me perform till I Die. The only time my heart feels genuine peace is On stage and thatâ€™s where I want to live and Die.,597,1,2024-09-25T12:02:56.773090Z,1352,17.049,Normal,2024-09-25T12:02:56.773090Z
25/03/2022,354,â€œTo LIVE and DIEâ€ is another way of saying â€œFOREVERâ€,598,1,2024-09-25T12:03:01.979282Z,1353,2.092,Normal,2024-09-25T12:03:01.979282Z
25/03/2022,355,"At this point I just want to LIVE and DIE on STAGE with my Band The OUTSIDERS. Iâ€™ve achieved All the dreams I ever personally had. Money gives me No satisfaction, Nothing really does, except being On STAGE with my God sent band.",599,1,2024-09-25T12:03:06.829813Z,1354,1.532,Offensive,2024-09-25T12:03:06.829813Z
25/03/2022,356,How did you know?? Person dey leak info ni?,600,1,2024-09-25T12:03:12.857503Z,1355,2.862,Normal,2024-09-25T12:03:12.857503Z
22/03/2022,357,Paris!!! JE Tâ€™AIME ğŸ‡«ğŸ‡·â¤ï¸ â€¦.. shouts to the bro @GazoMlg for coming through!,601,1,2024-09-25T12:03:16.489343Z,1356,0.683,Normal,2024-09-25T12:03:16.489343Z
21/03/2022,358,"Thank you Manchester! â€¦. Paris pt. 2 tonight!!! ğŸ‡«ğŸ‡· on y va! #SpaceDrift 

ğŸ“¸@ElliotHensford",602,1,2024-09-25T12:03:20.050570Z,1357,0.64,Normal,2024-09-25T12:03:20.050570Z
21/03/2022,359,Zazu â˜ºï¸,603,1,2024-09-25T12:03:24.278698Z,1358,1.234,Normal,2024-09-25T12:03:24.278698Z
19/03/2022,360,â¤ï¸ğŸ‡¨ğŸ‡­â¤ï¸ #SpaceDrift #genevarena,604,1,2024-09-25T12:03:28.075975Z,1359,0.655,Normal,2024-09-25T12:03:28.075975Z
19/03/2022,361,From Lagos to Geneva ğŸ‡¨ğŸ‡­ğŸ‡¨ğŸ‡­â€¦ thanks for having me!,605,1,2024-09-25T12:03:31.605542Z,1360,0.56,Normal,2024-09-25T12:03:31.605542Z
18/03/2022,362,"Geneva, Iâ€™m en route! ğŸ‡¨ğŸ‡­ #spacedrift",606,1,2024-09-25T12:03:35.305684Z,1361,0.808,Normal,2024-09-25T12:03:35.305684Z
18/03/2022,363,Thank you DUBLIN! ğŸ‡®ğŸ‡ªâ¤ï¸ #3arena #spacedrift,607,1,2024-09-25T12:03:39.113145Z,1362,0.816,Normal,2024-09-25T12:03:39.113145Z
08/03/2022,364,Happy International Womenâ€™s Day . â¤ï¸ğŸ¦,608,1,2024-09-25T12:03:42.944614Z,1363,0.734,Normal,2024-09-25T12:03:42.944614Z
06/03/2022,365,El MEJOR,609,1,2024-09-25T12:03:46.389148Z,1364,0.619,Normal,2024-09-25T12:03:46.389148Z
02/03/2022,366,Thank you @NME sorry I couldnâ€™t make it but it means a Lot!!! My First NME!!!!!ğŸ˜ ğŸ¦,610,1,2024-09-25T12:03:50.114820Z,1365,0.826,Normal,2024-09-25T12:03:50.114820Z
19/02/2022,367,This is what I do ğŸ˜,611,1,2024-09-25T12:03:54.380950Z,1366,0.694,Normal,2024-09-25T12:03:54.380950Z
14/02/2022,368,JÃ«rÃ«jÃ«f SENEGAL!! ğŸ–¤ğŸ‡¸ğŸ‡³ğŸ–¤,612,1,2024-09-25T12:03:57.796560Z,1367,0.692,Normal,2024-09-25T12:03:57.796560Z
06/02/2022,369,Love it lol @djpaak ğŸ¤£ğŸ’¯ğŸ§¨,613,1,2024-09-25T12:04:01.309974Z,1368,0.688,Normal,2024-09-25T12:04:01.309974Z
28/01/2022,370,Happy birthday!!! ğŸ–¤,614,1,2024-09-25T12:04:05.011552Z,1369,0.761,Normal,2024-09-25T12:04:05.011552Z
06/02/2022,371,Congratulations to Senegal ğŸ‡¸ğŸ‡³! Afcon champions @FootballSenegal @Fsfofficielle Well deserved see you this Weekend..!!!!,615,1,2024-09-25T12:04:09.296270Z,1370,1.187,Normal,2024-09-25T12:04:09.296270Z
19/01/2022,372,Lol! Itâ€™s about to be an eventful year,616,1,2024-09-25T12:04:13.081067Z,1371,0.665,Normal,2024-09-25T12:04:13.081067Z
27/12/2021,373,#BurnaLiveInLagos Today! ğŸ¦â˜ºï¸,617,1,2024-09-25T12:04:16.761132Z,1372,0.615,Normal,2024-09-25T12:04:16.761132Z
26/12/2021,374,#BurnaLiveInLagos tomorrow! ğŸ˜ğŸ¦,618,1,2024-09-25T12:04:20.122192Z,1373,0.772,Normal,2024-09-25T12:04:20.122192Z
17/12/2021,375,GO CRAZY! #Burnaxmsg ğŸ›¸ğŸ’¨,619,1,2024-09-25T12:04:23.486294Z,1374,0.516,Normal,2024-09-25T12:04:23.486294Z
17/12/2021,376,Oui ğŸ™ğŸ¾,620,1,2024-09-25T12:04:27.282637Z,1375,2.23,Normal,2024-09-25T12:04:31.360119Z
15/12/2021,377,Donâ€™t snooze guys! ğŸ˜­ğŸ˜­,621,1,2024-09-25T12:04:35.792080Z,1376,1.409,Normal,2024-09-25T12:04:35.792080Z
14/12/2021,378,Isong my man @p2jmusic !!!!,622,1,2024-09-25T12:04:39.738035Z,1377,0.839,Normal,2024-09-25T12:04:39.738035Z
13/12/2021,379,Also #santaburna is on the loose today ğŸ¶ ğŸ‘€,623,1,2024-09-25T12:04:43.767768Z,1378,0.681,Normal,2024-09-25T12:04:43.767768Z
10/12/2021,380,Itâ€™s lit!!! ğŸ”¥ğŸ”¥ #BurnaxMSG,624,1,2024-09-25T12:04:47.697208Z,1379,0.934,Normal,2024-09-25T12:04:47.697208Z
07/12/2021,381,Tomorrow â€¦â€¦ğŸ‡¬ğŸ‡­ x ğŸ‡³ğŸ‡¬ #santaburna is backkkkk,625,1,2024-09-25T12:04:52.626145Z,1380,0.612,Normal,2024-09-25T12:04:52.626145Z
30/11/2021,382,Happy birthday @garrick_steph,626,1,2024-09-25T12:04:56.390912Z,1381,0.594,Normal,2024-09-25T12:04:56.390912Z
17/11/2021,383,"Lagos, how can I forget U!? 27/12 ğŸ‡³ğŸ‡¬",627,1,2024-09-25T12:05:00.049921Z,1382,0.581,Normal,2024-09-25T12:05:00.049921Z
14/11/2021,384,Lewis Hamilton! Greatest Driver of all time ğŸ,628,1,2024-09-25T12:05:03.896585Z,1383,0.567,Normal,2024-09-25T12:05:03.896585Z
12/11/2021,385,"TROP FORT! ğŸ‡«ğŸ‡· 21â€™

ğŸ“· @ElliotHensford",629,1,2024-09-25T12:05:08.009657Z,1384,0.881,Normal,2024-09-25T12:05:08.009657Z
11/11/2021,386,Love u â¤ï¸,630,1,2024-09-25T12:05:11.256191Z,1385,0.66,Normal,2024-09-25T12:05:11.256191Z
11/11/2021,387,THANK YOU PARIS!! ğŸ˜­ğŸ–¤ ğŸ‡«ğŸ‡·,631,1,2024-09-25T12:05:14.636137Z,1386,0.67,Normal,2024-09-25T12:05:14.636137Z
07/11/2021,388,"Hamburg Germany 
This is a Fake Afterparty ! 
Please Disregard . 
I will not be here respectfully",632,1,2024-09-25T12:05:18.224634Z,1387,0.73,Normal,2024-09-25T12:05:18.224634Z
04/11/2021,389,"Letâ€™s go!! â¤ï¸#MISEDUCATIONFOUNDATION#
@GlblCtzn @UN @BorisJohnson @BritishCouncil",633,1,2024-09-25T12:05:22.480496Z,1388,1.077,Normal,2024-09-25T12:05:22.480496Z
01/11/2021,390,Love this!,634,1,2024-09-25T12:05:26.093653Z,1389,0.575,Normal,2024-09-25T12:05:26.093653Z
01/11/2021,391,OUTSIDELANDS FESTIVAL 21â€™,635,1,2024-09-25T12:05:29.707153Z,1390,0.744,Normal,2024-09-25T12:05:29.707153Z
27/10/2021,392,I want to be like you when I grow up @NissiNation ğŸ¥ºğŸ¥º,636,1,2024-09-25T12:05:33.562736Z,1391,1.068,Normal,2024-09-25T12:05:33.562736Z
25/10/2021,393,Views. @F1 Gand Prix. ğŸğŸ’¨,637,1,2024-09-25T12:05:37.166461Z,1392,0.728,Indeterminate,2024-09-25T12:05:37.166461Z
20/10/2021,394,20.10.20 ğŸ•¯ ğŸ‡³ğŸ‡¬,638,1,2024-09-25T12:05:41.327108Z,1393,1.382,Normal,2024-09-25T12:05:41.327108Z
18/10/2021,395,NO REHEARSAL ğŸ¦,639,1,2024-09-25T12:05:44.825297Z,1394,0.723,Normal,2024-09-25T12:05:44.825297Z
18/10/2021,396,ğŸ”¥ğŸ”¥ğŸ”¥ğŸ”¥ğŸ”¥ @ESMagOfficial !,640,1,2024-09-25T12:05:48.953880Z,1395,0.627,Normal,2024-09-25T12:05:48.953880Z
14/10/2021,397,Big big love!! ğŸ‡³ğŸ‡±,641,1,2024-09-25T12:05:52.332681Z,1396,0.588,Normal,2024-09-25T12:05:52.332681Z
13/10/2021,398,#WANTITALL,642,1,2024-09-25T12:05:56.100397Z,1397,0.851,Normal,2024-09-25T12:05:56.100397Z
11/10/2021,399,Well deserved my brothers â¤ï¸ğŸ™ğŸ¾,643,1,2024-09-25T12:05:59.860767Z,1398,0.864,Normal,2024-09-25T12:05:59.860767Z
11/10/2021,400,"Hollywood Bowl 21â€™ 
ğŸ“¸ @jenjphoto",644,1,2024-09-25T12:06:03.208033Z,1399,245.51,Normal,2024-09-25T12:10:10.919704Z
09/10/2021,401,Weâ€™re getting your ğŸ‡³ğŸ‡¬ passport ready! ğŸ˜‚,645,1,2024-09-25T12:10:45.999636Z,1400,31.854,Normal,2024-09-25T12:10:45.999636Z
09/10/2021,402,OUTSIDERS â¤ï¸â¤ï¸,646,1,2024-09-25T12:10:52.870948Z,1401,2.618,Normal,2024-09-25T12:10:52.870948Z
09/10/2021,403,Big Wiz ğŸ’¯,647,1,2024-09-25T12:10:57.397776Z,1402,0.935,Normal,2024-09-25T12:10:57.397776Z
09/10/2021,404,Love this @EmmanuelAcho,648,1,2024-09-25T12:11:01.399474Z,1403,0.757,Normal,2024-09-25T12:11:01.399474Z
09/10/2021,405,Thank you for coming ğŸ˜‰ @QUEENSLEYFELIX,649,1,2024-09-25T12:11:12.332104Z,1404,1.513,Normal,2024-09-25T12:11:12.332104Z
08/10/2021,406,Amazing! Love to my bro @Santandave1 for this one . Classic Record ğŸ”¥ğŸ”¥ğŸ’¯,650,1,2024-09-25T12:11:16.417623Z,1405,1.059,Normal,2024-09-25T12:11:16.417623Z
05/10/2021,407,Wetin man go do!?,651,1,2024-09-25T12:11:19.996737Z,1406,0.624,Normal,2024-09-25T12:11:19.996737Z
05/10/2021,408,Lost In Riddim 21â€™,652,1,2024-09-25T12:11:26.689462Z,1407,1.364,Normal,2024-09-25T12:11:26.689462Z
04/10/2021,409,Finalising my set list for the holly wood bowl! Tell me what songs you wanna hear ğŸ‘€ğŸ‘€,653,1,2024-09-25T12:11:32.020469Z,1408,0.702,Normal,2024-09-25T12:11:32.020469Z
03/10/2021,410,Letâ€™s gooooooo,654,1,2024-09-25T12:11:36.630403Z,1409,1.597,Normal,2024-09-25T12:11:36.630403Z
02/10/2021,411,For anyone wey dey ask what I ball for!? ğŸ™‚,655,1,2024-09-25T12:11:41.041764Z,1410,1.413,Normal,2024-09-25T12:11:41.041764Z
01/10/2021,412,"NO lie, no cap, God knows ğŸ¶ #WANTITALL",656,1,2024-09-25T12:12:00.005099Z,1411,1.876,Normal,2024-09-25T12:12:00.005099Z
01/10/2021,413,#WANTITALL,657,1,2024-09-25T12:12:03.535251Z,1412,0.611,Indeterminate,2024-09-25T12:12:03.535251Z
26/09/2021,414,Global Citizen Live 21 #GlobalCitizenLive,658,1,2024-09-25T12:12:07.916382Z,1413,0.652,Normal,2024-09-25T12:12:07.916382Z
22/09/2021,415,When the OUTSIDERS get on the tour bus ğŸ˜‚ğŸ˜­ğŸ™ğŸ¾ #SPACEDRIFT,659,1,2024-09-25T12:12:11.561427Z,1414,0.807,Normal,2024-09-25T12:12:11.561427Z
19/09/2021,416,Strawberries & Creem 21â€™ ğŸ“,660,1,2024-09-25T12:12:15.423854Z,1415,0.854,Normal,2024-09-25T12:12:15.423854Z
13/09/2021,417,Beautiful Mind.,661,1,2024-09-25T12:12:19.155683Z,1416,0.611,Normal,2024-09-25T12:12:19.155683Z
13/09/2021,418,PARK LIFE 2ï¸âƒ£1ï¸âƒ£,662,1,2024-09-25T12:12:22.585764Z,1417,1.03,Normal,2024-09-25T12:12:22.585764Z
11/09/2021,419,Watched my brother kill it! @paulpogba ğŸ™ğŸ¾ğŸ‰ #MU,663,1,2024-09-25T12:12:26.431252Z,1418,0.617,Normal,2024-09-25T12:12:26.431252Z
10/09/2021,420,QUESTIONNNNNNNNNN ğŸ¶,664,1,2024-09-25T12:12:30.511943Z,1419,0.732,Normal,2024-09-25T12:12:30.511943Z
29/08/2021,421,The Space drift Continues. ğŸ›¸,665,1,2024-09-25T12:12:33.972815Z,1420,0.574,Normal,2024-09-25T12:12:33.972815Z
29/08/2021,422,I stay thanking God that Real life is not Twitter or Social media. I always win in Real Life. ALWAYS! Remember that.,666,1,2024-09-25T12:12:40.525388Z,1421,2.908,Normal,2024-09-25T12:12:40.525388Z
28/08/2021,423,WHAT A TIME! ğŸ›¸ğŸ’¨ğŸ‡¬ğŸ‡§,667,1,2024-09-25T12:12:44.298537Z,1422,1.042,Normal,2024-09-25T12:12:44.298537Z
27/08/2021,424,Girls like Ruger die ğŸ˜‚ğŸ˜‚,668,1,2024-09-25T12:12:48.025127Z,1423,0.806,Normal,2024-09-25T12:12:48.025127Z
27:8/21,425,I swear watching REMA and OMAH LAY tonight made me so emotional. Iâ€™m so proud of them boys.,669,1,2024-09-25T12:12:52.222744Z,1424,0.538,Normal,2024-09-25T12:12:52.222744Z
27/08/2021,426,OUTSIDERS 4 ever,670,1,2024-09-25T12:12:55.253800Z,1425,0.511,Normal,2024-09-25T12:12:55.253800Z
27/08/2021,427,You think say e easy for Space?,671,1,2024-09-25T12:12:58.350136Z,1426,0.578,Normal,2024-09-25T12:12:58.350136Z
27/08/2021,428,D-Day ğŸ›¸ğŸ’¨ğŸ‡¬ğŸ‡§,672,1,2024-09-25T12:13:01.845276Z,1427,0.691,Normal,2024-09-25T12:13:01.845276Z
26/08/2021,429,The Dancing starts now lol ğŸ˜‰ #burnaboy02,673,1,2024-09-25T12:13:08.038087Z,1428,1.514,Normal,2024-09-25T12:13:08.038087Z
25/08/2021,430,Truer words have never been spoken ğŸ’¯,674,1,2024-09-25T12:13:12.869507Z,1429,1.858,Normal,2024-09-25T12:13:12.869507Z
25/08/2021,431,Walked into rehearsals then thisâ€¦â€¦the angels are ready ğŸ‡¬ğŸ‡§ğŸ‡¬ğŸ‡§ ğŸ”¥ğŸ”¥,675,1,2024-09-25T12:13:18.495260Z,1430,4.517,Normal,2024-09-25T12:13:22.343571Z
24/08/2021,432,If dem like make dem chop all the tomato dem no go ketchup ğŸ… ğŸ¶,676,1,2024-09-25T12:13:32.749896Z,1431,7.787,Normal,2024-09-25T12:13:32.749896Z
23/08/2021,433,Itâ€™s Don Jazzy Again!!!,677,1,2024-09-25T12:13:36.394352Z,1432,0.901,Normal,2024-09-25T12:13:36.394352Z
23/08/2021,434,Itâ€™s not too much to ask na.,678,1,2024-09-25T12:13:41.296611Z,1433,1.219,Normal,2024-09-25T12:13:41.296611Z
15/08/2021,435,London â€¦. Itâ€™s almost time! ğŸ‡¬ğŸ‡§ ğŸ›¸ğŸ’¨,679,1,2024-09-25T12:13:54.861891Z,1434,2.114,Normal,2024-09-25T12:13:54.861891Z
14/08/2021,436,Whatâ€™s your favourite song on there? #TAT,680,1,2024-09-25T12:13:58.174762Z,1435,0.655,Normal,2024-09-25T12:13:58.174762Z
14/08/2021,437,I make albums that represent the energy and emotion that I feel at specific times in my life; making #TAT was therapy for me. Happy first birthday ğŸ›¸ğŸ’¨,681,1,2024-09-25T12:14:02.537311Z,1436,1.168,Normal,2024-09-25T12:14:02.537311Z
29/07/2021,438,Steppinâ€™ ğŸ›¸,682,1,2024-09-25T12:14:06.010267Z,1437,0.812,Normal,2024-09-25T12:14:06.010267Z
21/07/2021,439,I said â€¦DONT PLAY WITH BRO!!! ğŸ† ğŸ’ªğŸ¾,683,1,2024-09-25T12:14:13.053846Z,1438,3.907,Normal,2024-09-25T12:14:13.053846Z
20/07/2021,440,#EidMubarak,684,1,2024-09-25T12:14:16.271347Z,1439,0.64,Normal,2024-09-25T12:14:16.271347Z
13/07/2021,441,"Wetin you find go sokoto, me I get am for shokoto ğŸ‘–",685,1,2024-09-25T12:14:32.042246Z,1440,4.23,Normal,2024-09-25T12:14:32.042246Z
12/07/2021,442,MVPs ğŸ†,686,1,2024-09-25T12:14:37.184354Z,1441,1.4,Indeterminate,2024-09-25T12:14:37.184354Z
11/07/2021,443,So Fearless. You inspired a whole generation and Left an Impact For Eternity. An absolute LEGEND. RIP @Soundsultan ğŸ•Š,687,1,2024-09-25T12:14:44.096600Z,1442,3.973,Normal,2024-09-25T12:14:44.096600Z
10/07/2021,444,God is Great So happy for you @eddiethedon12 . ğŸ’¯,688,1,2024-09-25T12:14:47.809367Z,1443,0.696,Normal,2024-09-25T12:14:47.809367Z
10/07/2021,445,â¤ï¸ @angeliquekidjo,689,1,2024-09-25T12:14:53.585067Z,1444,1.795,Normal,2024-09-25T12:14:53.585067Z
10/07/2021,446,"As e dey pain dem, E go dey sweet us! As E dey sweet us, E go dey pain dem!!",690,1,2024-09-25T12:15:00.548241Z,1445,2.839,Offensive,2024-09-25T12:15:00.548241Z
10/07/2021,447,Major announcement ğŸ“£ ğŸ”œ. ğŸ¥³ğŸ¥³ğŸ¥³ğŸ¥³ğŸ¥³,691,1,2024-09-25T12:15:04.513627Z,1446,0.538,Normal,2024-09-25T12:15:04.513627Z
10/07/2021,448,GOD IS TRULY WONDERFUL,692,1,2024-09-25T12:15:22.397259Z,1447,1.696,Normal,2024-09-25T12:15:22.397259Z
10/07/2021,449,"Iâ€™ve sold out every venue Iâ€™ve ever been booked for since 2018. Most of them 2 or three nights back to back. This next chapter of my Life as a performer is something I really look forward to. Iâ€™m in only ARENAS, STADIUMS and FESTIVALS worldwide. DREAMS come TRUE for REAL. ğŸ™ğŸ¾",693,1,2024-09-25T12:16:07.046213Z,1448,40.936,Normal,2024-09-25T12:16:07.046213Z
10/07/2021,450,That babe wey nor know our face don dey my dms since 2018 o. ğŸ˜‚ğŸ¤£ ğŸ¤£.,694,1,2024-09-25T12:16:20.866043Z,1449,9.351,Offensive,2024-09-25T12:16:20.866043Z
07/07/2021,451,Thank you to every club we went to. Thank you to everyone in Miami who held us down. Thank you to everyone who showed up. Thank you to everyone back home and all around the world who Celebrated me even in my absence. May you all be celebrated the same way. Love you all.,695,1,2024-09-25T12:16:56.401838Z,1450,30.276,Normal,2024-09-25T12:16:56.401838Z
07/07/2021,452,I really wanna thank everyone involved in making my Birthday special. This birthday really meant a lot to me. I remember a time I wasnâ€™t sure Iâ€™d even see age 30. From the bottom of my heart I appreciate everyone who went out of their way to make my day.,696,1,2024-09-25T12:17:01.265664Z,1451,1.048,Normal,2024-09-25T12:17:01.265664Z
06/07/2021,453,BIG TUNE!!! ğŸ”¥ğŸ”¥ğŸ”¥,697,1,2024-09-25T12:17:04.536495Z,1452,0.589,Normal,2024-09-25T12:17:04.536495Z
03/07/2021,454,Are there really 30+ traits?? ğŸ˜ª 24 hours into it and my joints are squeaking!,698,1,2024-09-25T12:17:10.852881Z,1453,3.014,Normal,2024-09-25T12:17:10.852881Z
03/07/2021,455,"Big love to you all for the birthday love!! I see it, I feel it ğŸ–¤ğŸ–¤ #BURNA30",699,1,2024-09-25T12:17:15.278985Z,1454,1.465,Normal,2024-09-25T12:17:15.278985Z
28/06/2021,456,Namix with the Drip!!! ğŸ”¥,700,1,2024-09-25T12:17:18.762131Z,1455,0.596,Normal,2024-09-25T12:17:18.762131Z
27/06/2021,457,ğŸ™ğŸ¾ X #BETAwards,701,1,2024-09-25T12:17:22.042051Z,1456,0.54,Normal,2024-09-25T12:17:22.042051Z
27/06/2021,458,Yes @BET_Africa !! ğŸ¦ğŸ¦#betawards2021,702,1,2024-09-25T12:17:25.336842Z,1457,0.595,Normal,2024-09-25T12:17:25.336842Z
27/06/2021,459,Thank you @BET #BETAwards,703,1,2024-09-25T12:17:28.818431Z,1458,0.73,Normal,2024-09-25T12:17:28.818431Z
27/06/2021,460,Thank you @TwitterMusic #BETAwards,704,1,2024-09-25T12:17:32.232900Z,1459,0.837,Normal,2024-09-25T12:17:32.232900Z
24/06/2021,461,OBVIOUSLY!! Stop playing with BRO,705,1,2024-09-25T12:17:37.944562Z,1460,1.853,Normal,2024-09-25T12:17:37.944562Z
27/06/2021,462,Thank you #BETAwards,706,1,2024-09-25T12:17:43.019068Z,1461,1.359,Normal,2024-09-25T12:17:43.019068Z
23/06/2021,463,Everyone who can make it to MIAMI on the 2nd of July to the 5th of July should COME PARTY with me.,707,1,2024-09-25T12:17:47.803350Z,1462,1.693,Normal,2024-09-25T12:17:47.803350Z
23/06/2021,464,Iâ€™m feeling emotional as fuck right now. lol. I wanna be in MIAMI on my birthday Smiling the whole week. @Diddy @Pharrell @KodakBlack1k @USMAN84kg @RickRoss @ZoeyDollaz im turning 30 in yo City! What we doing?,708,1,2024-09-25T12:17:56.975097Z,1463,5.999,Normal,2024-09-25T12:17:56.975097Z
23/06/2021,465,My Father is Not rich at all But i pray that as this new phase of my life begins I can be even half the man that he is. I just want to be better and do better,709,1,2024-09-25T12:18:07.431985Z,1464,6.435,Normal,2024-09-25T12:18:07.431985Z
23/06/2021,466,I canâ€™t believe Iâ€™m really turning 30 years old in a week.,710,1,2024-09-25T12:18:11.443602Z,1465,1.016,Normal,2024-09-25T12:18:11.443602Z
22/06/2021,467,YABA BULUKUUUUU! â€¦ you know we had to spin it for the people!,711,1,2024-09-25T12:18:16.089061Z,1466,1.952,Normal,2024-09-25T12:18:16.089061Z
22/06/2021,468,E file fun Burna ğŸ˜°,712,1,2024-09-25T12:18:20.650906Z,1467,1.467,Normal,2024-09-25T12:18:20.650906Z
17/06/2021,469,ğŸ˜‚. Me sef I pray make this kind thing happen.,713,1,2024-09-25T12:18:24.747760Z,1468,1.292,Normal,2024-09-25T12:18:24.747760Z
03/06/2021,470,"ğŸ“ London, 2019 ğŸ¦",714,1,2024-09-25T12:18:28.392854Z,1469,0.817,Normal,2024-09-25T12:18:28.392854Z
29/05/2021,471,"No face, no case.",715,1,2024-09-25T12:18:32.954017Z,1470,0.908,Normal,2024-09-25T12:18:32.954017Z
28/05/2021,472,"ğŸ–¤ğŸ–¤, I might have something for you",716,1,2024-09-25T12:18:36.734996Z,1471,0.593,Normal,2024-09-25T12:18:36.734996Z
25/05/2021,473,ğŸ˜‚ğŸ˜‚ this guy!,717,1,2024-09-25T12:18:40.498486Z,1472,0.62,Normal,2024-09-25T12:18:40.498486Z
25/05/2021,474,Iâ€™ll be drifting all summer 2021 ğŸğŸ,718,1,2024-09-25T12:18:44.741922Z,1473,0.588,Normal,2024-09-25T12:18:44.741922Z
25/05/2021,475,WEâ€™RE OUTSIDE!,719,1,2024-09-25T12:18:48.321757Z,1474,0.867,Normal,2024-09-25T12:18:48.321757Z
24/05/2021,476,ğŸ‡¬ğŸ‡§ big announcement in a few hours â€¦â€¦â€¦,720,1,2024-09-25T12:18:52.184802Z,1475,0.578,Normal,2024-09-25T12:18:52.184802Z
18/05/2021,477,OUTSIDERS ğŸ”’,721,1,2024-09-25T12:18:56.095429Z,1476,0.685,Normal,2024-09-25T12:18:56.095429Z
18/05/2021,478,Lol. I didnâ€™t get a dime. Only the artists who honoured me by performing at my homecoming were paid. Get your facts right.,722,1,2024-09-25T12:18:59.530377Z,1477,0.901,Normal,2024-09-25T12:18:59.530377Z
18/05/2021,479,All join! Add Colombia and Timbuktu sef. ğŸ™ğŸ¾,723,1,2024-09-25T12:19:04.308653Z,1478,1.411,Normal,2024-09-25T12:19:04.308653Z
18/05/2021,480,"Iâ€™m from here and I live here because I love my home and my people, E no pass like that. I donâ€™t make money from Nigeria. Na only cruise dey here.",724,1,2024-09-25T12:19:08.925735Z,1479,1.402,Normal,2024-09-25T12:19:08.925735Z
18/05/2021,481,Me wey no even be Nigerian artist. ğŸ¤£ğŸ˜‚,725,1,2024-09-25T12:19:22.294276Z,1480,7.763,Normal,2024-09-25T12:19:22.294276Z
18/05/2021,482,"ğŸ¤£ you dey mind dem? Abeg come carry me, I wan go Festac.",726,1,2024-09-25T12:19:29.997485Z,1481,3.669,Normal,2024-09-25T12:19:29.997485Z
18/05/2021,483,"Bro. Donâ€™t get worked up. Itâ€™s Nigerian Twitter with 2 delusional fanbases, trust me You are not talking to actual people if their handles look like that.",727,1,2024-09-25T12:19:34.259940Z,1482,0.909,Offensive,2024-09-25T12:19:34.259940Z
13/05/2021,484,How many KM?,728,1,2024-09-25T12:19:39.158347Z,1483,2.008,Indeterminate,2024-09-25T12:19:39.158347Z
10/05/2021,485,YOU are goals! â¤ï¸,729,1,2024-09-25T12:19:43.601969Z,1484,0.696,Normal,2024-09-25T12:19:43.601969Z
10/05/2021,486,Yes bro!! ğŸ’ªğŸ¾ğŸ’ªğŸ¾,730,1,2024-09-25T12:19:47.915608Z,1485,0.635,Normal,2024-09-25T12:19:47.915608Z
07/05/2021,487,The dull** eyed masses.,731,1,2024-09-25T12:19:51.387487Z,1486,0.511,Offensive,2024-09-25T12:19:51.387487Z
07/05/2021,488,I forever suffer. The full eyed masses hatred of anything they do not understand. I embraced my pain and turned it into the greatest weapon this world will ever know.,732,1,2024-09-25T12:20:11.760599Z,1487,16.508,Offensive,2024-09-25T12:20:11.760599Z
07/05/2021,489,OUTSIDER,733,1,2024-09-25T12:20:18.169652Z,1488,1.911,Normal,2024-09-25T12:20:18.169652Z
07/05/2021,490,"This next album. I need you to hear the pain in my voice, The pain of an OUTSIDER, Forever marked by my skin ,my past and the place I come from No matter how skilled I am or how honourable I proved myself.",734,1,2024-09-25T12:20:28.560122Z,1489,7.372,Normal,2024-09-25T12:20:28.560122Z
04/05/2021,491,Still Striving ğŸ™ğŸ¾ğŸ¦,735,1,2024-09-25T12:20:32.220882Z,1490,0.622,Normal,2024-09-25T12:20:32.220882Z
04/05/2021,492,ğŸ˜‚ğŸ˜‚ itâ€™s the best accent ever!,736,1,2024-09-25T12:20:35.916634Z,1491,0.599,Normal,2024-09-25T12:20:35.916634Z
04/05/2021,493,Letâ€™s go!!! ğŸ”¥,737,1,2024-09-25T12:20:39.080066Z,1492,0.702,Normal,2024-09-25T12:20:39.080066Z
02/05/2021,494,Nice !!!! @SkratchBastid ! #KILOMETRE ğŸ’¨,738,1,2024-09-25T12:20:42.767730Z,1493,0.716,Normal,2024-09-25T12:20:42.767730Z
02/05/2021,495,Birthday blessings @lilyallen! ğŸ‚ #morelife,739,1,2024-09-25T12:20:45.958931Z,1494,0.489,Normal,2024-09-25T12:20:45.958931Z
01/05/2021,496,Enjoy bro!! â¤ï¸,740,1,2024-09-25T12:20:49.322312Z,1495,0.636,Normal,2024-09-25T12:20:49.322312Z
30/04/2021,497,Great work! @AniefiokEkp ğŸ”¥ğŸƒğŸ¾ğŸ’¨ğŸ’¨,741,1,2024-09-25T12:20:53.582799Z,1496,0.807,Normal,2024-09-25T12:20:53.582799Z
29/04/2021,498,â€œBad mind.â€ Not â€œbad manâ€. (But u try sha) you Solid.,742,1,2024-09-25T12:20:57.464901Z,1497,0.804,Offensive,2024-09-25T12:20:57.464901Z
28/04/2021,499,A unit for measuring distance #WORDOFTHEDAY ğŸ¦,743,1,2024-09-25T12:21:01.225944Z,1498,0.633,Normal,2024-09-25T12:21:01.225944Z
27/04/2021,500,â€œNo Love I Only cry when I think about Gambo or look at his Last tweetsâ€,744,1,2024-09-25T12:21:09.717929Z,1499,2.285,Offensive,2024-09-25T12:21:09.717929Z
