Date,S/N,Tweets,annotation_id,annotator,created_at,id,lead_time,sentiment,updated_at
12/08/2024,1,"
Please allow me to focus and do my music in peace.
As for the EFCC matter, I will address it before the end of today. Stay tuned! PeaceâœŒğŸ¾
                                                        
                                    PETER OKOYE.",2047,1,2024-09-26T13:51:13.205392Z,4338,1239.977,Normal,2024-09-26T13:51:13.205392Z
09/08/2024,2,"
Soonest! In works ğŸ™…ğŸ½â€â™‚ï¸",2048,1,2024-09-26T13:51:33.434227Z,4339,0.727,Normal,2024-09-26T13:51:33.434227Z
06/08/2024,3,"
Diamonds, they say, are forever. ğŸ’ğŸ’ğŸ’ğŸ’ğŸ’ğŸ’ğŸ’ My dear fans, please be patient! ğŸ™…ğŸ½â€â™‚ï¸ğŸ™ğŸ½",2049,1,2024-09-26T13:51:38.790517Z,4340,0.583,Normal,2024-09-26T13:51:38.790517Z
03/08/2024,4,"

Suya language.ğŸ˜‚ğŸ¤£",2050,1,2024-09-26T13:51:43.761474Z,4341,0.737,Normal,2024-09-26T13:51:43.761474Z
31/07/2024,5,"
RIP Ma Onyeka onwenuğŸ•¯ï¸ğŸ’”ğŸ˜”ğŸ•Šï¸ğŸ˜¥",2051,1,2024-09-26T13:51:48.383214Z,4342,0.631,Normal,2024-09-26T13:51:48.383214Z
24/07/2024,6,"
Read my pinned post. Good will surely pay me back positively. I trust him so much with faith! ğŸ™ğŸ½",2052,1,2024-09-26T13:51:53.099519Z,4343,0.733,Normal,2024-09-26T13:51:53.099519Z
23/07/2024,7,"
SCAM!â›”ï¸Better RunğŸƒâ€â™‚ï¸ 
Giveaway means that Someone is giving away money for free! Not someone telling you to pay money or buy tickets to receive a giveawayğŸ«£ I thought they said Nigerians are wise people. SMH",2053,1,2024-09-26T13:51:59.145984Z,4344,1.546,Normal,2024-09-26T13:51:59.145984Z
08/07/2024,8,"
Read my pinned tweet",2054,1,2024-09-26T13:52:03.540284Z,4345,0.658,Normal,2024-09-26T13:52:03.540284Z
07/07/2024,9,"
They say consistency is keyğŸ”‘, so I am on it ğŸ’¯ğŸ‘ŒğŸ¾",2055,1,2024-09-26T13:52:07.771288Z,4346,0.543,Normal,2024-09-26T13:52:07.771288Z
26/06/2024,10,"
It won't be long now! It's all coming together as we chat.",2056,1,2024-09-26T13:52:12.314023Z,4347,0.727,Normal,2024-09-26T13:52:12.314023Z
25/06/2024,11,"
Special Congratulations Mr & Mrs David AdelekeğŸ«¶ğŸ¾ 
@davido
 
@thechefchi
 #chivido2024",2057,1,2024-09-26T13:52:16.451518Z,4348,0.553,Normal,2024-09-26T13:52:16.451518Z
17/06/2024,12,"
Still celebrating Fatherâ€™s Day as a proud dadâ˜ºï¸ğŸ™…ğŸ½â€â™‚ï¸ 
We are super proud of you ALIONAâ˜ºï¸ğŸ‘ŒğŸ¾ğŸ‘¯ğŸ‘¯â€â™€ï¸ğŸ‘¯â€â™‚ï¸ğŸ«… #Cheerleading #MissCheerleading",2058,1,2024-09-26T13:52:21.856532Z,4349,0.628,Normal,2024-09-26T13:52:21.856532Z
10/06/2024,13,"
Pls becarefulâ€¦. Read my pinned tweet.",2059,1,2024-09-26T13:52:25.383667Z,4350,0.494,Normal,2024-09-26T13:52:25.383667Z
31/05/2024,14,"
Read my pinned tweet. Be wiser.",2060,1,2024-09-26T13:52:29.164434Z,4351,0.714,Normal,2024-09-26T13:52:29.164434Z
18/05/2024,15,"

UPDATE: And i made it for over an hr 30min on stage! Thank you, Istanbul, for the love! And to everyone who made sure I was ok! Remain blessed, yâ€™all.ğŸ™…ğŸ½â€â™‚ï¸ğŸ‡¹ğŸ‡·",2061,1,2024-09-26T13:52:33.193578Z,4352,0.777,Normal,2024-09-26T13:52:33.193578Z
17/05/2024,16,"

UPDATE: The Surgery hair implant went well and successful! I appreciate everyone looking out for me. I want to say a big Thank You!  I'll still be performing tonight at @foxclubistanbul with a bandage on my head. The show must go on! All tickets SOLD OUT already! Let's do this!",2062,1,2024-09-26T13:52:37.920112Z,4353,1.333,Normal,2024-09-26T13:52:37.920112Z
01/05/2024,17,"

Am I dreaming? No! I am living my dream. ",2063,1,2024-09-26T13:52:41.088522Z,4354,0.54,Normal,2024-09-26T13:52:41.088522Z
18/04/2024,18,"
Just disguisingğŸ˜·",2064,1,2024-09-26T13:52:44.667093Z,4355,0.569,Normal,2024-09-26T13:52:44.667093Z
25/04/2024,19,"
You should contemplate the reasons behind your actions. Please take a moment to review my pinned tweet.",2065,1,2024-09-26T13:52:47.914824Z,4356,0.422,Normal,2024-09-26T13:52:47.914824Z
16/04/2024,20,"
Scam! Run ğŸƒ",2066,1,2024-09-26T13:52:52.358035Z,4357,1.114,Normal,2024-09-26T13:52:52.358035Z
15/04/2024,21,"

I do not require any evidence to refute any claims. I did not accuse you of lying because you were scammed. Yes, you were deceived by fraudsters who established a Facebook page purporting to be me, but it was never my verified page. The reality is that the Facebook page you mentioned was never affiliated with me. Therefore, hold yourself responsible for the mistake of engaging with an unverified, random Facebook account just because the individual used my name and picture but did not have a verified Facebook account. Period.
",2067,1,2024-09-26T14:16:22.446538Z,4358,8.249,Normal,2024-09-26T14:16:22.446538Z
14/04/2024,22,"
Chai! You don catch meğŸ˜©",2068,1,2024-09-26T14:16:27.395056Z,4359,0.619,Normal,2024-09-26T14:16:27.395056Z
13/04/2024,23,"
Just here living a fulfilled life that God has given me. Blessed #SpainğŸ‡ªğŸ‡¸",2069,1,2024-09-26T14:16:33.365684Z,4360,0.739,Normal,2024-09-26T14:16:33.365684Z
13/04/2024,24,"
Thanks a bunch, dear brother! Always a pleasure! ğŸ™…â€â™‚ï¸",2070,1,2024-09-26T14:17:13.565328Z,4361,2.322,Normal,2024-09-26T14:17:13.565328Z
13/04/2024,25,"

Taking a stroll down memory lane from 5years ago with 
@laliga
. I find myself back again, equipped with additional experience. #ProjectCameronOkoye",2071,1,2024-09-26T14:17:17.741382Z,4362,0.916,Normal,2024-09-26T14:17:17.741382Z
12/04/2024,26,"
Point of clarification! No one has used my Facebook account for any unauthorized activities! My Facebook account is verified! Please take the time to read my pinned tweet! Exercise more caution in the future.",2072,1,2024-09-26T14:17:36.937386Z,4363,13.151,Normal,2024-09-26T14:17:36.937386Z
09/04/2024,27,"
A couple of weeks from now, I will be embarking on a journey with my fans, friends, and family to showcase all that I have been diligently working on! I am particularly thrilled about the entire process and the project as a whole.âœŒğŸ¾ğŸ™…ğŸ½â€â™‚ï¸",2073,1,2024-09-26T14:18:45.625658Z,4364,31.797,Normal,2024-09-26T14:18:45.625658Z
04/04/2024,28,"

Show some love for the Blues! The Boy Wonder and the team did it!ğŸ’™ğŸ’™ğŸ’™ğŸ’™ğŸ’™ğŸ’™ğŸ’™ğŸ’™ğŸ’™ğŸ’™ 
@ChelseaFC",2074,1,2024-09-26T14:18:50.333227Z,4365,1.633,Normal,2024-09-26T14:18:50.333227Z
30/03/2024,29,"
Still here! Nothing to prove anymore but enjoying ğŸ˜ŠğŸ™…ğŸ½â€â™‚ï¸ğŸ™…ğŸ½â€â™‚ï¸",2075,1,2024-09-26T14:18:54.348077Z,4366,0.834,Normal,2024-09-26T14:18:54.348077Z
21/03/2024,30,"
Tell â€˜em that itâ€™s human nature!
 If they say why (why?)â˜ºï¸ğŸ™…ğŸ½â€â™‚ï¸",2076,1,2024-09-26T14:18:58.473961Z,4367,0.775,Normal,2024-09-26T14:18:58.473961Z
11/03/2024,31,"
Blessed! ğŸ˜‡ğŸ™ğŸ½ğŸ™…ğŸ½â€â™‚ï¸",2077,1,2024-09-26T14:19:01.855988Z,4368,0.588,Normal,2024-09-26T14:19:01.855988Z
07/03/2024,32,"
Thursday afternoon with love!ğŸ–¤ğŸ©¶",2078,1,2024-09-26T14:19:05.602644Z,4369,0.505,Normal,2024-09-26T14:19:05.618276Z
02/03/2024,33,"
Rest well Mr Ibu. 
We will definitely miss you! ğŸ•Šï¸ğŸ•¯ï¸ğŸ•¯ï¸ğŸ•¯ï¸ğŸ™ğŸ½ğŸ’” #RIP.",2079,1,2024-09-26T14:19:08.877856Z,4370,0.454,Normal,2024-09-26T14:19:08.877856Z
25/02/2024,34,"
My Sunday is happy ğŸ™ƒâ€¦ how about yours?",2080,1,2024-09-26T14:19:12.378799Z,4371,0.486,Normal,2024-09-26T14:19:12.378799Z
20/02/2024,35,"
Bro check your dm.",2081,1,2024-09-26T14:19:15.806997Z,4372,0.54,Normal,2024-09-26T14:19:15.806997Z
08/02/2024,36,"
Read my pinned tweet.",2082,1,2024-09-26T14:19:19.054282Z,4373,0.396,Normal,2024-09-26T14:19:19.054282Z
31/01/2024,37,"
Forever blessed and grateful! ğŸ˜‡ğŸ™ğŸ½ğŸ«¶ğŸ¾ğŸ™…ğŸ½â€â™‚ï¸",2083,1,2024-09-26T14:19:22.316454Z,4374,0.434,Normal,2024-09-26T14:19:22.316454Z
28/01/2024,38,"

Scam!!! Run!ğŸƒ",2084,1,2024-09-26T14:19:38.153963Z,4375,0.764,Normal,2024-09-26T14:19:38.153963Z
28/01/2024,39,"
Scam!!! Run!ğŸƒ",2085,1,2024-09-26T14:19:42.399087Z,4376,0.372,Normal,2024-09-26T14:19:42.399087Z
15/01/2024,40,"
Replying to 
@SagirMansur7
lol ğŸ¤£ they fooled you!",2086,1,2024-09-26T14:19:45.700387Z,4377,0.485,Offensive,2024-09-26T14:19:45.700387Z
15/01/2024,41,"
Replying to 
@SagirMansur7
Hope you have not been scammed by this fraudsters? Pls read my pinned tweet.",2087,1,2024-09-26T14:19:50.625576Z,4378,1.43,Normal,2024-09-26T14:19:50.625576Z
05/01/2024,42,"
This is 2024 be wiser and Blame yourself for greed and stupidity! Read my pinned tweet.",2088,1,2024-09-26T14:19:54.553250Z,4379,3.884,Offensive,2024-09-26T14:20:00.498017Z
25/12/2023,43,"
I too Love Bros J! E dey para sehğŸ˜‚ğŸ˜‚ğŸ„ğŸ§‘â€ğŸ„",2089,1,2024-09-26T14:20:05.457842Z,4380,1.28,Offensive,2024-09-26T14:20:05.457842Z
25/12/2023,44,"
Most driest Christmas ever!
Wetin happen?ğŸ¤§ğŸ¤¦ğŸ½â€â™‚ï¸ğŸ™ˆ",2090,1,2024-09-26T14:20:09.439756Z,4381,0.822,Normal,2024-09-26T14:20:09.439756Z
16/12/2023,45,"
After all the warnings! Pls read my pinned tweet!",2091,1,2024-09-26T14:20:13.469963Z,4382,1.095,Normal,2024-09-26T14:20:13.469963Z
11/12/2023,46,"
Thanks for having me sir I really appreciate and I cant wait to visit again soon ğŸ™ğŸ½ğŸ™…ğŸ½â€â™‚ï¸ğŸ™ğŸ½ğŸ™…ğŸ½â€â™‚ï¸ğŸ™ƒ ğŸ˜‡ BLESSED.",2092,1,2024-09-26T14:20:17.363055Z,4383,0.673,Normal,2024-09-26T14:20:17.363055Z
11/12/2023,47,"
Records will be broken, but one thing that will never be broken is being the first to do something.ğŸ™…ğŸ½â€â™‚ï¸",2093,1,2024-09-26T14:20:20.196718Z,4384,0.449,Normal,2024-09-26T14:20:20.196718Z
23/11/2023,48,"
Dollar and bread are doing price challenge.",2094,1,2024-09-26T14:20:24.057222Z,4385,0.948,Normal,2024-09-26T14:20:24.057222Z
15/11/2023,49,"
You'll end up really disappointed if you think people will do for you as you do for them.
Not everyone has the same heart as you.",2095,1,2024-09-26T14:20:32.263209Z,4386,6.999,Normal,2024-09-26T14:20:36.262005Z
07/11/2023,50,"
In America, the symbol of love is flowers. In India, it's music.
What is the symbol of love in Nigeria? ğŸ™„ğŸ˜",2096,1,2024-09-26T14:20:40.692665Z,4387,1.789,Normal,2024-09-26T14:20:40.692665Z
06/11/2023,51,"
Are you sure?ğŸ¤£ğŸ˜‚ğŸ¤£",2097,1,2024-09-26T14:20:44.469549Z,4388,0.834,Normal,2024-09-26T14:20:44.469549Z
06/11/2023,52,"

How you see am?ğŸ¤£ğŸ˜‚ğŸ¤£ğŸ˜‚",2098,1,2024-09-26T14:20:47.735230Z,4389,0.582,Normal,2024-09-26T14:20:47.735230Z
06/11/2023,53,"
This break and holiday go long!â€¦",2099,1,2024-09-26T14:20:51.651385Z,4390,0.813,Normal,2024-09-26T14:20:51.651385Z
06/11/2023,54,"
LET THEM BE WRONG ABOUT YOU. YOU HAVE ABSOLUTELY NOTHING TO PROVE! No pressure at all! I don't have anything to prove to anyone but myself. After how many years in the industry?ğŸ˜ğŸ¤“
As a matter of fact i still dey holiday since dey play Golfâ›³ï¸ğŸŒï¸â€â™‚ï¸dey enjoy my life!ğŸ™ƒğŸ˜ You gerrit.",2100,1,2024-09-26T14:20:55.114738Z,4391,0.585,Normal,2024-09-26T14:20:55.114738Z
05/11/2023,55,"
So after reading my pinned tweet you fall for this scammers! Blame yourself. ShameğŸ‘ğŸ¾",2101,1,2024-09-26T14:21:14.159652Z,4392,15.943,Offensive,2024-09-26T14:21:14.159652Z
03/11/2023,56,"
Who is cooking? And who is being cooked?",2102,1,2024-09-26T14:21:19.419405Z,4393,0.936,Normal,2024-09-26T14:21:19.419405Z
02/11/2023,57,"
Thugs on uniformâ€¦. This is unacceptable! Dear 
@alexottiofr",2103,1,2024-09-26T14:21:22.884768Z,4394,0.621,Offensive,2024-09-26T14:21:22.884768Z
01/11/2023,58,"
Mr Psquare
@PeterPsquare
Â·
Nov 1, 2023
Wait, what?ğŸ˜‚ğŸ¤£ğŸ˜‚ğŸ¤£ğŸ˜‚",2104,1,2024-09-26T14:21:27.177655Z,4395,1.025,Normal,2024-09-26T14:21:27.195325Z
31/10/2023,59,"
ğŸ«¡ğŸª–ğŸ–ï¸BE STRONG, BE BRAVE, AND BE FEARLESSâœŠğŸ¾",2105,1,2024-09-26T14:21:30.893733Z,4396,0.636,Normal,2024-09-26T14:21:30.893733Z
29/10/2023,60,"
Election has consequence if you allow yourself to be blinded by Ethnic sentiments and Tribalism.

Day don dey break! This is just the beginning...ğŸ‘¨ğŸ½â€ğŸ¦¯ğŸ‘¨ğŸ½â€ğŸ¦¯ğŸ‘¨ğŸ½â€ğŸ¦¯ğŸ‘¨ğŸ½â€ğŸ¦¯ğŸ‘¨ğŸ½â€ğŸ¦¯ Let me just continue learning the lessons they are teaching me!ğŸ¤§",2106,1,2024-09-26T14:21:47.543813Z,4397,13.271,Normal,2024-09-26T14:21:47.543813Z
29/10/2023,61,"
Pls did Yakubu and his squad officiate the fight?ğŸ¤”ğŸ™„ #FuryVsNagnnou ğŸ¤”",2107,1,2024-09-26T14:21:51.260006Z,4398,1.089,Offensive,2024-09-26T14:21:51.260006Z
29/10/2023,62,"
Canâ€™t believe this! But Ngannou wonğŸ¤·ğŸ¾â€â™‚ï¸",2108,1,2024-09-26T14:21:54.475892Z,4399,0.515,Normal,2024-09-26T14:21:54.475892Z
28/10/2023,63,"
Una sure say this Christmas go hold?ğŸ‘¨ğŸ½â€ğŸ¦¯",2109,1,2024-09-26T14:21:58.151025Z,4400,0.546,Normal,2024-09-26T14:21:58.151025Z
27/10/2023,64,"
When I say I'm blessed I don't mean Money or Material things...
I mean situations that was sent to destroy me but didn't even touch my soul. HAVE A LOVELY WEEK!",2110,1,2024-09-26T14:22:02.242848Z,4401,1.406,Normal,2024-09-26T14:22:02.242848Z
25/10/2023,65,"
Eiya!!! ğŸ‘¨ğŸ½â€ğŸ¦¯",2111,1,2024-09-26T14:22:06.512146Z,4402,0.922,Normal,2024-09-26T14:22:06.512146Z
25/10/2023,66,"
Na now day just dey break!ğŸ¤£ğŸ˜‚ğŸ¤£",2112,1,2024-09-26T14:22:28.804170Z,4403,1.99,Normal,2024-09-26T14:22:28.804170Z
24/10/2023,67,"
Gen z brother why? $1000 = 1.2m ğŸ˜©ğŸ˜©ğŸ˜±ğŸ™†ğŸ½â€â™‚ï¸ Go and beg your village peopleğŸ˜­

Join 
@zanobidafrica",2113,1,2024-09-26T14:22:38.328033Z,4404,5.754,Normal,2024-09-26T14:22:38.328033Z
23/10/2023,68,"

Pepper don dey enter there eyes! Ndi Standing on Your Mandate we shall stand!ğŸ«£",2114,1,2024-09-26T14:22:42.507713Z,4405,3.276,Offensive,2024-09-26T14:22:47.214099Z
20/10/2023,69,"
Count your blessings and name them one by one! Thank God itâ€™s FridayğŸ™ğŸ½ğŸ‘ŒğŸ¾â˜ºï¸ğŸ˜‡",2115,1,2024-09-26T14:22:51.714156Z,4406,1.284,Normal,2024-09-26T14:22:51.714156Z
18/10/2023,70,"
Theyâ€™ve also called me on that format! But trust me anyone that believes those video calls need to go check their brains! ğŸ‘ğŸ¾",2116,1,2024-09-26T14:22:57.641214Z,4407,3.103,Offensive,2024-09-26T14:23:01.054726Z
18/10/2023,71,"
This sh!t is getting out of control!",2117,1,2024-09-26T14:23:05.747928Z,4408,1.814,Indeterminate,2024-09-26T14:23:05.747928Z
18/10/2023,72,"
The same way they did to me! Itâ€™s getting out of hands! Crazy!",2118,1,2024-09-26T14:23:11.377919Z,4409,1.857,Normal,2024-09-26T14:23:11.377919Z
18/10/2023,73,"
Prayers and support for Mr IbuğŸ™ğŸ½â¤ï¸",2119,1,2024-09-26T14:23:14.671989Z,4410,0.676,Normal,2024-09-26T14:23:14.671989Z
14/10/2023,74,"
They are now coming up with excuses after their mandate is not mandating!.. ğŸ¤®ğŸ¤¦ğŸ¾ğŸŒ½ğŸ¤¦ğŸ½â€â™‚ï¸ğŸ¤¦â€â™€ï¸ğŸš¶It is well.",2120,1,2024-09-26T14:23:21.404812Z,4411,3.659,Normal,2024-09-26T14:23:21.404812Z
14/10/2023,75,"
Sh!tğŸ˜‚ğŸ¤£ğŸ˜‚ğŸ¤£ğŸ˜‚",2121,1,2024-09-26T14:23:25.564873Z,4412,0.657,Offensive,2024-09-26T14:23:25.564873Z
12/10/2023,76,"

Â·
Oct 12, 2023
ğŸ˜·ğŸ¤§ğŸ˜·ğŸ¤§ğŸ˜· Shame!",2122,1,2024-09-26T14:23:30.835448Z,4413,2.112,Offensive,2024-09-26T14:23:30.835448Z
12/10/2023,77,"
1027 Naira to a Dollar! Even the â€œRenew Hopeâ€ is now HopelessğŸ˜·",2123,1,2024-09-26T14:23:34.605703Z,4414,0.914,Offensive,2024-09-26T14:23:34.605703Z
12/10/2023,78,"
Over hopeğŸŒ½ğŸ˜·ğŸ¤§ğŸ¤®",2124,1,2024-09-26T14:23:38.033513Z,4415,0.638,Normal,2024-09-26T14:23:38.033513Z
07/10/2023,79,"

Just for cruise!ğŸ¤£ğŸ˜‚
I still fine pass them girlfriends!ğŸ¤£",2125,1,2024-09-26T14:23:41.384057Z,4416,0.625,Normal,2024-09-26T14:23:41.384057Z
07/10/2023,80,"

3 different club in just one night â€¦ Abeg I Dey go houseğŸ˜«",2126,1,2024-09-26T14:23:45.790973Z,4417,1.161,Normal,2024-09-26T14:23:45.790973Z
06/10/2023,81,"
Remember! When you say Yesâ€ to others make sure you not saying No to yourself!",2127,1,2024-09-26T14:23:49.391433Z,4418,0.707,Normal,2024-09-26T14:23:49.391433Z
01/10/2023,82,"
Scam! Run ğŸƒâ€â™‚ï¸",2128,1,2024-09-26T14:23:52.568771Z,4419,0.533,Normal,2024-09-26T14:23:52.568771Z
29/09/2023,83,"
Hope is Hopeless indeedğŸ™„",2129,1,2024-09-26T14:23:56.304411Z,4420,0.758,Offensive,2024-09-26T14:23:56.304411Z
29/09/2023,84,"
4000 Imo youths will be employed in Europe! And they are jubilating!  Eiya! ğŸ¤£ğŸ˜‚ğŸ¤£ğŸ˜‚ It is well!ğŸ˜† APCğŸ¤§ğŸ˜·ğŸ¤®",2130,1,2024-09-26T14:24:06.091741Z,4421,5.004,Normal,2024-09-26T14:24:06.091741Z
27/09/2023,85,"
I donâ€™t understand!ğŸ¤·ğŸ¾â€â™‚ï¸
â€œModification of the Nairaâ€ Use Cassava!ğŸ¤® like wtf!ğŸ¤",2131,1,2024-09-26T14:24:11.003389Z,4422,1.712,Offensive,2024-09-26T14:24:11.003389Z
27/09/2023,86,"
You better run away from this fraudsters! Go read my pinned tweet! Who even pays for a Giveaway! Like whatâ€™s wrong with yâ€™all? At this point just know that You are actually the one doing the Giveaway for those scammers! Shame! Shame! Shame! ğŸ‘ğŸ¾",2132,1,2024-09-26T14:24:23.707021Z,4423,9.786,Offensive,2024-09-26T14:24:23.707021Z
27/09/2023,87,"
Value yourself and donâ€™t let anyone bully you my brother! Youâ€™re an asset and We are with you %100 
@victorosimhen9
 Remain blessed alwaysğŸ™ğŸ½ğŸ’¡",2133,1,2024-09-26T14:24:30.470973Z,4424,3.299,Normal,2024-09-26T14:24:30.470973Z
21/09/2023,88,"
ğŸ‘ŒğŸ¾ğŸ’¯ #Justice4mobhad",2134,1,2024-09-26T14:24:34.663385Z,4425,0.576,Normal,2024-09-26T14:24:34.663385Z
16/09/2023,89,"
THE GREATEST PRISON THAT PEOPLE LIVE IN IS THE FEAR OFWHAT OTHER PEOPLE THINK. #Justice4Mohbad Yâ€™all have a wonderful weekend!ğŸ™…ğŸ½â€â™‚ï¸",2135,1,2024-09-26T14:24:39.043321Z,4426,1.274,Normal,2024-09-26T14:24:39.043321Z
16/09/2023,90,"
Don't let the fear of what people might think to stop you from speaking your mind, speak up, you deserve to be heard. #Justice4Mohbad",2136,1,2024-09-26T14:24:43.400478Z,4427,1.218,Normal,2024-09-26T14:24:43.400478Z
16/09/2023,91,"
If they like let them call you Talkative! Never stop speaking up!
Remember, He who does not have the courage to speak up for his rights cannot earn the respect of
others. #Justice4Mohbad",2137,1,2024-09-26T14:24:50.049120Z,4428,2.352,Normal,2024-09-26T14:24:50.049120Z
16/09/2023,92,"
Speak up, because the day you don't speak up for the things that matter to you is the day your freedom truly ends! #Justice4Mohbad",2138,1,2024-09-26T14:24:54.476836Z,4429,1.562,Normal,2024-09-26T14:24:54.476836Z
16/09/2023,93,"
THE ONLY PEOPLE WHO ARE MAD AT YOU FOR SPEAKING THE
TRUTH ARE THOSE PEOPLE
WHO ARE LIVING A LIE.
KEEP SPEAKING THE TRUTH. #Justice4Mohbad",2139,1,2024-09-26T14:25:00.852008Z,4430,3.204,Normal,2024-09-26T14:25:00.852008Z
16/09/2023,94,A lot is happening! Like WTF! #Justice4Mohbad,2140,1,2024-09-26T14:25:04.967251Z,4431,1.468,Offensive,2024-09-26T14:25:04.967251Z
16/09/2023,95,"
A lot is happening! Like WTF! #Justice4Mohbad",2141,1,2024-09-26T14:25:08.280485Z,4432,0.598,Offensive,2024-09-26T14:25:08.280485Z
07/09/2023,96,"
""When the law no longer protects you from the corrupt. but protects the corrupt from you
you know your nation is doomed.""  It is well.",2142,1,2024-09-26T14:25:15.622970Z,4433,4.467,Offensive,2024-09-26T14:25:15.622970Z
07/09/2023,97,"

No Justice for Poor Man for Nigeria! Period! âš–ï¸",2143,1,2024-09-26T14:25:19.088734Z,4434,0.785,Offensive,2024-09-26T14:25:19.088734Z
07/09/2023,98,"
One day!â€¦ And just one day! Very soon! ğŸ”œ",2144,1,2024-09-26T14:25:22.583884Z,4435,0.599,Normal,2024-09-26T14:25:22.583884Z
07/09/2023,99,"
Imagine studying law in a lawless country!â€¦ Shame!",2145,1,2024-09-26T14:25:26.112523Z,4436,0.598,Offensive,2024-09-26T14:25:26.112523Z
04/09/2023,100,"
Remember! Every morning you have 2 choices. Continue to sleep with your dreams or wake up and chase them! GOOD MORNING!",2146,1,2024-09-26T14:25:32.839673Z,4437,0.66,Normal,2024-09-26T14:25:32.839673Z
30/08/2023,101,"
Calling out more banks! This people think Iâ€™m stupid! 
Now they are using my name to scam innocent people! I am Suing this Banks for damages and calling them out! One after the other! 
@officialEFCC
 take note! Enough is enough! 
@PolarisBankLtd
 & 
@myaccessbank
 I am coming all out!",2147,1,2024-09-26T14:25:50.543590Z,4438,14.826,Normal,2024-09-26T14:25:50.543590Z
30/08/2023,102,"
@myaccessbank
 you also also allowed someone open an account name â€œPETER OKOYE PSQUARE â€without valid means of identification, no biometrics, no BVN, no verified address or even utility bill to correspond with the address of the account owner? My lawyers are coming! 
@officialEFCC",2148,1,2024-09-26T14:26:07.701867Z,4439,10.637,Normal,2024-09-26T14:26:07.701867Z
30/08/2023,103,"
Enough is Enough!!! 
It's either it's an inside job or otherwise! I have a name to protect here and save some of this innocent victims! So get ready for me and my legal team!
How can 
@PolarisBankLtd
 allow someone to open an account in the name of â€œPETER OKOYE PSQUAREâ€ like WTF!",2149,1,2024-09-26T14:26:18.411773Z,4440,8.239,Normal,2024-09-26T14:26:18.411773Z
30/08/2023,104,"
Exactly what my lawyers have been dealing with! 
@PolarisBankLtd
 You allowed someone to open an account with the name â€œPETER PSQUARE OKOYEâ€ without due diligence and this individuals have been defrauding innocent people and you expect me not to call you people out! coming for you!",2150,1,2024-09-26T14:26:24.373286Z,4441,3.076,Normal,2024-09-26T14:26:24.373286Z
30/08/2023,105,"
â€œTell them to make noice to make noiseğŸ¤·ğŸ¾â€â™‚ï¸â€ Ali BongoğŸ¤”ğŸ¤§",2151,1,2024-09-26T14:26:30.347711Z,4442,2.797,Normal,2024-09-26T14:26:30.347711Z
30/08/2023,106,"But it's really painful that we don't value our country again cos of bad leadership, It's so sad. No lies!ğŸ˜",2152,1,2024-09-26T14:27:06.111193Z,4443,6.936,Offensive,2024-09-26T14:27:06.111193Z
24/08/2023,107,"
How una dey for dat side? Me i dey alright for dis side! â€¦. ğŸš¶",2153,1,2024-09-26T14:27:10.891471Z,4444,1.994,Normal,2024-09-26T14:27:10.891471Z
22/08/2023,108,"
Make them give them all the money Nigeria get make everybody rest!ğŸ¤£ğŸ˜‚ğŸ¤£ğŸ˜‚ Welcome to Renewed Promax ShegeğŸ™Š Jokes on you if you think politics is none of your business ğŸ˜",2154,1,2024-09-26T14:27:19.418117Z,4445,5.163,Offensive,2024-09-26T14:27:19.418117Z
20/08/2023,109,"
Palliatives on a federal highway!ğŸ˜‚ğŸŒ½ğŸŒ½ğŸŒ½ğŸŒ½ğŸŒ½ğŸŒ½ğŸŒ½ğŸŒ½ğŸŒ½",2155,1,2024-09-26T14:27:25.528828Z,4446,3.274,Normal,2024-09-26T14:27:25.528828Z
20/08/2023,110,"
Jungle don really mature!ğŸ¤£ğŸ¤£ğŸ¤£ğŸ¤£ Children of Corn trying so hard to explain the situation about subsidy on my timeline!ğŸ˜‚ğŸ¤£ Una go explain taya! Better go and collect your own palliatives!ğŸŒ½ğŸŒ½ğŸŒ½ğŸŒ½ğŸŒ½ E go reach everybody! Ndi lesson teacher! #RenewedShegeProMax",2156,1,2024-09-26T14:27:31.023584Z,4447,2.199,Offensive,2024-09-26T14:27:31.023584Z
20/08/2023,111,"
ğŸ˜‚ğŸ¤£ğŸ˜‚ğŸ¤£ Corn heads! I heard they are buying fuel cheaper!ğŸ¤£ğŸ˜‚",2157,1,2024-09-26T14:27:34.303532Z,4448,0.637,Offensive,2024-09-26T14:27:34.303532Z
19/08/2023,112,"
Una see those people wey Dey chop CornğŸŒ½ğŸŒ½â€¦ Dem must stand and remain on that dia mandate oh!.. I Dey my 2nd home for America where dem dey teach me Big Lesson!ğŸš¶And we Dey suffer for here with no evidence!â€¦. It is well! #RenewedShegeProMax ğŸ‡ºğŸ‡¸Detroit see yâ€™all tomorrow! ğŸ‘ŒğŸ¾",2158,1,2024-09-26T14:27:38.417485Z,4449,1.138,Offensive,2024-09-26T14:27:38.417485Z
20/08/2023,113,"
Yes! Children of corn ğŸŒ½ ğŸ˜‚ğŸ¤£",2159,1,2024-09-26T14:27:42.040521Z,4450,0.703,Offensive,2024-09-26T14:27:42.040521Z
10/08/2023,114,"
â€œThis administration will favor me and my peopleâ€ How much is one egg and Indomie small pack again?ğŸš¶â€â™‚ï¸ğŸš¶â€â™‚ï¸ğŸš¶â€â™‚ï¸ğŸš¶â€â™‚ï¸ğŸš¶â€â™‚ï¸",2160,1,2024-09-26T14:27:47.209942Z,4451,1.045,Offensive,2024-09-26T14:27:47.209942Z
10/08/2023,115,"
Africa joins the west to fight Africa. TOTAL MADNESS!ğŸ‘ğŸ¾ğŸ¤®",2161,1,2024-09-26T14:27:54.101110Z,4452,3.578,Offensive,2024-09-26T14:27:54.101110Z
30/07/2023,116,"
Not my own zoom! Read my pinned tweet.",2162,1,2024-09-26T14:27:58.315820Z,4453,1.25,Normal,2024-09-26T14:27:58.315820Z
28/07/2023,117,"
Dem go explain taya!
How can you plant maize and keep hoping for beans!ğŸ˜‚ğŸ˜‚ğŸ˜‚ğŸ˜‚ğŸ˜‚ Happy Shege weekendğŸ˜‚",2163,1,2024-09-26T14:28:04.590540Z,4454,3.082,Offensive,2024-09-26T14:28:04.590540Z
28/07/2023,118,"
â€œWe will teach them a big lesson after the electionsâ€... dem forget say that same rain wey beat Chinedu go still beat Ade and Musa. It is wellğŸ™ğŸ½ 
Una happy Shege weekend!ğŸš¶â€â™‚ï¸",2164,1,2024-09-26T14:28:13.213403Z,4455,5.253,Normal,2024-09-26T14:28:13.213403Z
18/07/2023,119,"
Lessons Will Be Learnt! + 8kğŸŒ½ğŸ˜· How market? ğŸ™ŒğŸ¾ğŸ‘ğŸ¾ğŸ«¶",2165,1,2024-09-26T14:28:18.994098Z,4456,2.351,Normal,2024-09-26T14:28:18.994098Z
15/07/2023,120,"
Keep smilingğŸ˜!â€¦ keep shiningğŸŒŸ ğŸ˜âœŒğŸ¾",2166,1,2024-09-26T14:28:23.197955Z,4457,0.936,Normal,2024-09-26T14:28:23.213594Z
15/07/2023,121,"
The 8k would favour them and their family! God bless them. ğŸ™ğŸ½ğŸ˜‡",2167,1,2024-09-26T14:28:27.101476Z,4458,0.718,Normal,2024-09-26T14:28:27.101476Z
15/07/2023,122,Pls tell them to try and manage the 8k.ğŸŒ½ğŸŒ½ğŸŒ½ğŸŒ½ğŸŒ½ğŸŒ½ğŸŒ½ğŸŒ½,2168,1,2024-09-26T14:28:31.915310Z,4459,2.19,Offensive,2024-09-26T14:28:31.915310Z
15/07/2023,123,At least you mentioned me and Elun without mentioning your self ğŸ¤£ğŸ˜‚ğŸ¤£ğŸ¤£ğŸ¤£,2169,1,2024-09-26T14:28:37.358410Z,4460,1.999,Normal,2024-09-26T14:28:37.358410Z
15/07/2023,124,"
EiyağŸ¤£ğŸ˜‚ğŸ¤£",2170,1,2024-09-26T14:28:42.421546Z,4461,1.567,Indeterminate,2024-09-26T14:28:42.421546Z
15/07/2023,125,"
Some cornğŸŒ½ people are so mad about my last post! Eiya! Sorry oh! Itâ€™s so obvious that it wasnâ€™t how they expected it to be! ğŸ˜‚ğŸ¤£ğŸ«£",2171,1,2024-09-26T14:28:49.534403Z,4462,7.159,Normal,2024-09-26T14:28:54.671990Z
15/07/2023,126,"

Dem Dey try teach me! I Dey learn ğŸ™„",2172,1,2024-09-26T14:28:58.788462Z,4463,0.84,Normal,2024-09-26T14:28:58.788462Z
13/07/2023,127,"
Read my pinned tweet! I am sure this scammers have scammed you! Donâ€™t make a fool out of your self.",2173,1,2024-09-26T14:29:04.082875Z,4464,1.624,Offensive,2024-09-26T14:29:04.082875Z
09/07/2023,128,"
If itâ€™s a crime to enjoy my life! So be it!â€¦. Send me to Prison.ğŸ™ƒğŸ¾
@aphrospirit
 is the vibeğŸ‘ŒğŸ¾",2174,1,2024-09-26T14:29:10.110947Z,4465,1.202,Offensive,2024-09-26T14:29:10.110947Z
09/07/2023,129,"
Go read my pinned tweet! A word is enough for the wise.",2175,1,2024-09-26T14:29:13.639624Z,4466,0.682,Normal,2024-09-26T14:29:13.639624Z
07/07/2023,130,"
Social media has everyone rushing their goals; remember, comparison is the thief of joy
Focus on you.",2176,1,2024-09-26T14:29:17.476769Z,4467,0.697,Normal,2024-09-26T14:29:17.476769Z
05/07/2023,131,"
Joker! Better go read my pinned tweet!",2177,1,2024-09-26T14:29:21.713023Z,4468,0.79,Offensive,2024-09-26T14:29:21.713023Z
04/07/2023,132,"
I donâ€™t own any Giveaway platform! Becareful and go read my pinned tweet!",2178,1,2024-09-26T14:29:25.764074Z,4469,1.247,Normal,2024-09-26T14:29:25.764074Z
26/06/2023,133,"
Their opinions will never pay your bills. Just so you know.ğŸ“Œ",2179,1,2024-09-26T14:29:31.016007Z,4470,2.063,Normal,2024-09-26T14:29:31.016007Z
15/06/2023,134,Correction! You never got scammed by my own Zoom! You got scammed by a fraudsters due to selfishness and greed! Blame your self and take some time and read my pinned tweet!,2180,1,2024-09-26T14:29:39.448934Z,4471,5.641,Offensive,2024-09-26T14:29:39.448934Z
13/06/2023,135,"
Let them be wrong about you... there is nothing to prove. ğŸ™ƒğŸ‘ŒğŸ¾",2181,1,2024-09-26T14:29:43.241745Z,4472,1.014,Normal,2024-09-26T14:29:43.241745Z
07/06/2023,136,"
May your mother live long to reap the fruits of her labour!ğŸ™ğŸ½ğŸ˜‡â˜ºï¸ Comment with a big AMENğŸ™ğŸ½",2182,1,2024-09-26T14:29:47.389151Z,4473,0.774,Normal,2024-09-26T14:29:47.389151Z
06/06/2023,137,"
Will still not have sense*",2183,1,2024-09-26T14:29:51.200639Z,4474,0.743,Offensive,2024-09-26T14:29:51.200639Z
25/05/2023,138,"
I thought they said Nigerians are smarter and wiser! How can you just believe to be chatting with me? Like am I that jobless? Some of una no rate me at all! Just look at how many Watsap numbers claiming to be me! Isnâ€™t that not suppose be a red flag ğŸš©? But greed would not all ",2184,1,2024-09-26T14:29:55.281835Z,4475,1.186,Offensive,2024-09-26T14:29:55.281835Z
22/05/2023,139,"
Itâ€™s a new week! 
""EITHER RUN THE DAY
OR THE DAY RUNS YOU"" stay blessedğŸ™ğŸ½ğŸ‘ŒğŸ¾ğŸ™ƒâ˜ºï¸",2185,1,2024-09-26T14:29:59.843846Z,4476,0.777,Normal,2024-09-26T14:29:59.843846Z
18/05/2023,140,"
This life no balance! ğŸ¤ğŸ˜µğŸ™„ No one gives a damn until something happens....
You are all you've got #LoveUpYourLife",2186,1,2024-09-26T14:30:06.369175Z,4477,3.527,Normal,2024-09-26T14:30:06.369175Z
16/05/2023,141,"
My fellow Nigerians! Make una shine una eyes ! ğŸ¤¦ğŸ½â€â™‚ï¸ğŸ¤¦ğŸ½â€â™‚ï¸ğŸ¤¦ğŸ½â€â™‚ï¸ğŸ¤¦ğŸ½â€â™‚ï¸ Shame!",2187,1,2024-09-26T14:30:09.439285Z,4478,0.632,Offensive,2024-09-26T14:30:09.439285Z
14/05/2023,142,"
What ever you do in NigeriağŸ‡³ğŸ‡¬! 
Just pray ğŸ™ that Nigeria will not happen to you!ğŸ“Œ",2188,1,2024-09-26T14:30:14.781797Z,4479,1.356,Offensive,2024-09-26T14:30:14.781797Z
14/05/2023,143,Eiya! Hater is that you?ğŸ˜‚ğŸ¤£ Pained!,2189,1,2024-09-26T14:30:18.908288Z,4480,1.425,Offensive,2024-09-26T14:30:18.908288Z
13/05/2023,144,"Pls Nigerians any advice for him?

Let me just help him retweet his Stupidity, Selfishness and greed!  

As old as you are someone wrote you on Facebook with an unverified account and send your a Watsap number and told you to pay money to receive money and after getting scammed  https://x.com/opeycouture/st/opeycouture/status/1657293128758444033
Show more",2190,1,2024-09-26T14:30:25.619620Z,4481,3.73,Offensive,2024-09-26T14:30:25.619620Z
10/05/2023,145,"â€œWould love to retire from music soon but our fans wonâ€™t let us! So we have no choice. And Thatâ€™s why we are still Selling Out Stadiums and Arenas! We are blessed ğŸ™ğŸ½â˜ºï¸â€ 
@cnni
 
@CNN
 #Psquare100CitiesWorldTour",2191,1,2024-09-26T14:30:34.821540Z,4482,4.555,Normal,2024-09-26T14:30:34.821540Z
08/05/2023,146,"
JUST CURIOUS!
You dey call person wey get money â€˜MONEY MISS ROADâ€™.  But the same MONEY never MISS ROAD come your side!ğŸ¤”",2192,1,2024-09-26T14:30:46.831595Z,4483,8.115,Normal,2024-09-26T14:30:46.831595Z
08/05/2023,147,"
I didnt see you mentioning your own name? ğŸ¤·ğŸ¾â€â™‚ï¸",2193,1,2024-09-26T14:30:51.112509Z,4484,0.579,Normal,2024-09-26T14:30:51.112509Z
02/05/2023,148,"
When we sing ""E no easy eeh"" some of una bin think say na joke. ğŸ¤£ğŸ˜‚ğŸ’”ğŸ˜­",2194,1,2024-09-26T14:30:55.844213Z,4485,1.007,Normal,2024-09-26T14:30:55.844213Z
02/05/2023,149,"
It is now left for The court to interpret the constitution! â˜ºï¸ğŸ™ğŸ½ God bless PETER OBIğŸ™ğŸ½ ğŸ’¯OBIDIENT for LifeğŸ‘ŒğŸ¾",2195,1,2024-09-26T14:31:01.349955Z,4486,1.305,Normal,2024-09-26T14:31:01.349955Z
01/05/2023,150,"Everyday I remind myself that there are certain people I owe.
People who have shown me kindness, helped me, heard me in my silence, stood by me, favoured me, even prayed for me.
I'll never allow the media's conception about not owing anyone get me. These people, I owe them!ğŸ‘ŒğŸ¾",2196,1,2024-09-26T14:31:08.594990Z,4487,4.087,Normal,2024-09-26T14:31:08.594990Z
01/05/2023,151,"
Entitlement is a delusion built on self-centeredness and laziness.ğŸ“Œ",2197,1,2024-09-26T14:31:14.250597Z,4488,2.215,Normal,2024-09-26T14:31:14.250597Z
01/05/2023,152,"
Watch carefully! Does this video look real to you? They inserted my old video and speak in the background. The voice and the video doesnâ€™t even sink! I wonder how some of you fall for this fraudsters! Like how?  Shame!ğŸ¤®â€¦ itâ€™s only greed and selfishness would make you believe this fraudsters! Be wise!",2198,1,2024-09-26T14:31:30.055947Z,4489,12.266,Offensive,2024-09-26T14:31:30.055947Z
30/04/2023,153,"
Only greedy and selfish people will believe those scammers! At there own risk! My Good Name  remains intact and still progressing.",2199,1,2024-09-26T14:31:39.247848Z,4490,6.483,Normal,2024-09-26T14:31:39.247848Z
30/04/2023,154,"
Sometimes you have to accept the truth and stop wasting time on the wrong people. Some people don't realize how hard you are riding for them, until you park!",2200,1,2024-09-26T14:31:45.155744Z,4491,1.58,Normal,2024-09-26T14:31:45.155744Z
29/04/2023,155,"
And to you this video and the voice looks real to you!? The voice and the video and not even sinking together! Smh!",2201,1,2024-09-26T14:31:53.583034Z,4492,5.563,Offensive,2024-09-26T14:31:53.583034Z
29/04/2023,156,"
How can some tell you to pay money to receive money? Why not tell the scammer to minus the 45k from the 840k and send you the remaining balance of 795k? What is wrong with you people? I thought they said Nigerians are smart? You better run ğŸƒâ€â™‚ï¸",2202,1,2024-09-26T14:32:06.783790Z,4493,9.611,Offensive,2024-09-26T14:32:06.783790Z
28/04/2023,157,"
Not my own Zoom.
Itâ€™s only greedy and selfish people fall for those fraudsters.",2203,1,2024-09-26T14:32:11.462776Z,4494,1.947,Offensive,2024-09-26T14:32:11.462776Z
27/04/2023,158,"
CONFIDENCE is not
'they will like me'.
CONFIDENCE is
I'll be fine if they don't'.ğŸ˜ğŸ‘ŒğŸ¾ğŸ‘ğŸ¾",2204,1,2024-09-26T14:32:16.255889Z,4495,1.472,Normal,2024-09-26T14:32:16.255889Z
24/04/2023,159,"
Over hustleâ˜ºï¸ğŸ™ğŸ½â˜ºï¸ğŸ™ğŸ½ appreciate",2205,1,2024-09-26T14:32:19.674039Z,4496,0.794,Normal,2024-09-26T14:32:19.674039Z
20/04/2023,160,"
Guys pls advice!ğŸ‘ğŸ¾",2206,1,2024-09-26T14:32:22.743629Z,4497,0.544,Normal,2024-09-26T14:32:22.743629Z
17/04/2023,161,"
Just got Nafdac approved last month. Launching in Nigeria very soon.ğŸ˜‰ğŸ‘ŒğŸ¾ But still available in Ghana and some parts of Africa and also in the UK.",2207,1,2024-09-26T14:35:08.318726Z,4498,6.856,Normal,2024-09-26T14:35:08.318726Z
17/04/2023,162,"
I am sorry to disappoint you! It is Not every artiste that must run a record label. Some of us are just too busy doing other things. Most especially People Like me. So slow down with your anger. Thanks. https://x.com/Christalk0606//Christalk0606/status/1647732939726245888",2208,1,2024-09-26T14:35:17.717046Z,4499,6.556,Normal,2024-09-26T14:35:17.717046Z
16/04/2023,163,"
I CAUGHT A FRAUDSTER PRETENDING TO BE MEâ›”ï¸

How people keep falling for these Scammers amazes me! Like how? 

It has been 2 years I stopped anchoring and calling 
@zoomupyourlife
 winners! They insert my old video infront of you and start communicating with u with there own voice.",2209,1,2024-09-26T14:35:35.664939Z,4500,14.044,Normal,2024-09-26T14:35:35.664939Z
16/04/2023,164,"
Pls letâ€™s be guided! 
DSTV & Netflix are paid by subscription! Not by paying money into any personal bank account! My platforms 
@zoomupyourlife
 and 
@Freebidafrica
 are also paid by subscriptions! And Not by paying money into any personal bank acc! Pls be careful wit dis fraudsters",2210,1,2024-09-26T14:35:52.844610Z,4501,5.134,Normal,2024-09-26T14:35:52.844610Z
15/04/2023,165,"
May God help u. Yes! the foolish Bastard that I am!  ",2211,1,2024-09-26T14:36:06.151812Z,4502,3.162,Offensive,2024-09-26T14:36:06.151812Z
15/04/2023,166,"
Nobody!â€¦.. BLOCKED",2212,1,2024-09-26T14:36:09.548074Z,4503,0.68,Offensive,2024-09-26T14:36:09.548074Z
15/04/2023,167,"
Even you way dey LIKE the comment way insult me go follow chop BLOCKINGğŸ¤£ğŸ˜‚. #MyPageMyData #PageCleansing",2213,1,2024-09-26T14:36:17.823271Z,4504,4.332,Offensive,2024-09-26T14:36:17.823271Z
15/04/2023,168,"
I didnâ€™t insult anybody! I only aired my opinion! And if you are not ok with it, itâ€™s fine! But that doesnâ€™t give you any right to insult me or any member of my family on my page! So BLOCKING YOU is the only option! Feel free to join dem after all i no Dey feed u! #MyPageMyData",2214,1,2024-09-26T14:36:23.920729Z,4505,3.144,Offensive,2024-09-26T14:36:23.920729Z
15/04/2023,169,"
And you r not even my gatemanâ€™s mate! So STFU ğŸ¤« Since you wona compare!â€¦. And I just BLOCKED with 20bags of cement!ğŸ˜‚",2215,1,2024-09-26T14:36:34.058221Z,4506,4.363,Offensive,2024-09-26T14:36:34.058221Z
15/04/2023,170,"
I still remember the days I prayed for the things I have now. ğŸ™ğŸ½â˜ºï¸ğŸ˜‡#BlessedAndGrateful",2216,1,2024-09-26T14:36:38.137996Z,4507,1.498,Normal,2024-09-26T14:36:38.137996Z
15/04/2023,171,"
So you want a Son like Hakimi. But you donâ€™t want a Husband like him too ğŸ˜‚ğŸ¤£ğŸ˜‚ğŸ¤£ #SameFoodSamePoison",2217,1,2024-09-26T14:36:43.779951Z,4508,2.568,Normal,2024-09-26T14:36:43.779951Z
15/04/2023,172,"
LASTLY!
ğ€ğ¬ ğ„ğ¯ğğ«ğ² ğŒğ¨ğ­ğ¡ğğ« ğ¢ğ¬ ğğ«ğšğ²ğ¢ğ§ğ  ğŸğ¨ğ« ğš ğ’ğ¨ğ§ ğ¥ğ¢ğ¤ğ ğ€ğœğ¡ğ«ğšğŸ ğ‡ğšğ¤ğ¢ğ¦ğ¢, ğ­ğ¡ğğ² ğ¬ğ¡ğ¨ğ®ğ¥ğ ğšğ¥ğ¬ğ¨ ğğ«ğšğ² ğŸğ¨ğ« ğš ğ‡ğ®ğ¬ğ›ğšğ§ğ ğ‹ğ¢ğ¤ğ ğ€ğœğ¡ğ«ğšğŸ ğ‡ğšğ¤ğ¢ğ¦ğ¢ ğšğ§ğ ğš ğ’ğ¨ğ§ ğˆğ§-ğ‹ğšğ° ğ¥ğ¢ğ¤ğ ğ€ğœğ¡ğ«ğšğŸ ğ‡ğšğ¤ğ¢ğ¦ğ¢.ğŸ“Œ",2218,1,2024-09-26T14:36:51.217888Z,4509,4.063,Normal,2024-09-26T14:36:51.217888Z
15/04/2023,173,Make those supposed Hakims twitter warriors have that kind of man as inlaw. You go see how dem go humble dem sef! Ndi ala!ğŸ˜‚ğŸ¤£ğŸ˜‚ğŸ¤£ğŸ¤£,2219,1,2024-09-26T14:37:01.880855Z,4510,7.59,Normal,2024-09-26T14:37:01.880855Z
15/04/2023,174,"
Make all of una go marry una Mama!â€¦ no time!ğŸ˜‚ Since Hakimi sense wan ki unağŸ¤£ğŸ˜‚ğŸ¤£ğŸ˜‚",2220,1,2024-09-26T14:37:07.773782Z,4511,0.713,Normal,2024-09-26T14:37:07.773782Z
15/04/2023,175,"
Remember!!!
The one you trusted with all your property in the name of Mother was once your father's wife. #HakimiDivorce",2221,1,2024-09-26T14:37:11.520399Z,4512,0.805,Normal,2024-09-26T14:37:11.520399Z
15/04/2023,176,"
#JustMyOwnViewAndOpinion 
I donâ€™t understand why most men are rejoicing over this Hakimi story? Like I donâ€™t get itğŸ¤·ğŸ¾â€â™‚ï¸ The truth is bitter but needs to be told. If you don't trust her then don't marry as simple as that. Or are you expecting your wife to surfer after divorce?ğŸ¤·ğŸ¾â€â™‚ï¸",2222,1,2024-09-26T14:37:22.924787Z,4513,8.478,Normal,2024-09-26T14:37:22.924787Z
11/04/2023,177,"
So of una no rate me at allğŸ¤®ğŸ‘ğŸ¾
So some of yâ€™all think I will put up my phone number online? Jokes!",2223,1,2024-09-26T14:37:30.282819Z,4514,4.774,Normal,2024-09-26T14:37:30.282819Z
11/04/2023,178,"
I did not call you! you better run with your money! Be warned!â›”ï¸",2224,1,2024-09-26T14:37:34.198737Z,4515,1.179,Normal,2024-09-26T14:37:34.198737Z
10/04/2023,179,"
I am not the one! Run!ğŸƒğŸƒğŸƒğŸƒ",2225,1,2024-09-26T14:37:38.200582Z,4516,0.959,Normal,2024-09-26T14:37:38.200582Z
08/04/2023,180,"
2023 elections! Na Dey so called â€œPROFsâ€ Dey disgrace them self this days! ğŸ¤® Shame on all of them! Indi alağŸ¥´ğŸ˜ªğŸ¤",2226,1,2024-09-26T14:37:43.570886Z,4517,0.966,Offensive,2024-09-26T14:37:43.570886Z
08/04/2023,181,"
Blame yourself! 

Pls letâ€™s be guided! 
DSTV & Netflix are paid by subscription! Not by paying money into a personal bank account! My platforms 
@zoomupyourlife
 and 
@Freebidafrica
 are also paid by subscriptions! And Not by paying money into any personal bank account! Be warned!",2227,1,2024-09-26T14:38:01.222767Z,4518,12.517,Normal,2024-09-26T14:38:01.222767Z
08/04/2023,182,"
Everybody na landlord for him page! No bad tenants allowed!ğŸ˜‚ğŸ¤£ 
Call it Pride,Childish or whatâ€™s so ever! It is my page not yours! And if you dont like it! Go to court.ğŸ¤£ #CleansingSaturday",2228,1,2024-09-26T14:38:15.426182Z,4519,5.891,Normal,2024-09-26T14:38:15.426182Z
08/04/2023,183,"
Some of them actually did and I did the needful by BLOCKING them. No time! Yesterday was Good Friday and today is CLEANSING SATURDAY! Everybody na landlord for him page!ğŸ¤£ğŸ‘ŒğŸ¾",2229,1,2024-09-26T14:38:24.371525Z,4520,2.135,Normal,2024-09-26T14:38:24.371525Z
08/04/2023,184,"
Pls if I block you on any of my SM platform. Donâ€™t bother sending me a dm with another handle to unblock you! Cos I canâ€™t remember why I blocked you in the first place! so pls I prefer you being BLOCKED! Case closed! happy Blocking with 100 bags of cement! Itâ€™s my page not yours.",2230,1,2024-09-26T14:38:32.891668Z,4521,3.189,Normal,2024-09-26T14:38:32.891668Z
06/04/2023,185,"
Guys pls adviseğŸ˜¤",2231,1,2024-09-26T14:38:38.221429Z,4522,0.835,Normal,2024-09-26T14:38:38.221429Z
07/04/2023,186,"
I repeat I do not own any Giveaway platform! I only own a registered,licensed and approved Lottery platform! Hear yourself out again! Naija and Giveaway 5 and 6. ğŸ‘ğŸ¾",2232,1,2024-09-26T14:38:42.351426Z,4523,0.86,Normal,2024-09-26T14:38:42.351426Z
07/04/2023,187,"
PETER OBI petition is troubling themğŸ˜‚",2233,1,2024-09-26T14:38:49.023567Z,4524,1.603,Normal,2024-09-26T14:38:49.023567Z
07/04/2023,188,"
Waiting be dis ?ğŸ˜‚ğŸ¤£ğŸ˜‚ğŸ¤£ğŸ˜‚ğŸ¤£ 

How Labour Party became the major opposition in less than a year wasn't expected to be honest.

How they are APC's nightmare even after a purportedly won election should tell everyone that this election was actually rigged. ğŸ˜‚ğŸ¤£ğŸ˜‚ğŸ¤£",2234,1,2024-09-26T14:38:55.237183Z,4525,1.776,Normal,2024-09-26T14:38:55.237183Z
03/04/2023,189,"
DON'T BE AFRAID TO GIVE YOURSELF EVERYTHING YOU'VE
EVER WANTED IN LIFE. #Lifestyle",2235,1,2024-09-26T14:39:05.186571Z,4526,1.849,Normal,2024-09-26T14:39:05.186571Z
03/04/2023,190,"
Dear Nigerians,
How safe is your private telephone conversations?ğŸ¤”#JustSaying",2236,1,2024-09-26T14:39:09.887589Z,4527,1.671,Normal,2024-09-26T14:39:09.887589Z
03/04/2023,191,"
Meet Their Daddyâ€™s Daddy! The peopleâ€™s choiceğŸ¤ğŸ¾#MeetUsInCourt #ObidientğŸ’¯",2237,1,2024-09-26T14:39:14.665815Z,4528,2.782,Normal,2024-09-26T14:39:17.895830Z
02/04/2023,192,"
In all that we do, let us remember the Sick, Poor and Hungry amongst us. Happy Sunday my friends.
Godless everyone! ğŸ™ğŸ½ğŸ™ğŸ½ğŸ™ğŸ½ğŸ™ğŸ½ğŸ™ğŸ½",2238,1,2024-09-26T14:39:23.540309Z,4529,2.816,Normal,2024-09-26T14:39:23.540309Z
02/04/2023,193,"
So long as people here on twitter can afford data they are not and cannot be included!",2239,1,2024-09-26T14:39:28.470396Z,4530,1.726,Normal,2024-09-26T14:39:28.470396Z
01/04/2023,194,"
Lolâ€¦ We are on tour! Wake up from that your sleep.",2240,1,2024-09-26T14:39:36.762648Z,4531,2.934,Normal,2024-09-26T14:39:36.762648Z
01/04/2023,195,"
BUSTED!ğŸ¤¦ğŸ½â€â™‚ï¸
So APC used the same man twice in their drama!ğŸ¤£ğŸ˜‚ğŸ¤£ğŸ˜‚ğŸ¤£ dead on arrivalğŸ«£",2241,1,2024-09-26T14:39:40.906184Z,4532,1.253,Offensive,2024-09-26T14:39:40.906184Z
01/04/2023,196,"
This people have no shame!ğŸ¤® we thought weâ€™ve seen it all after the FAKE BISHOPS!ğŸ¤§
The truth about APC Propaganda is finally OUT. watch next video ğŸ“¸ see d same guy on both videos ğŸ“· APC Propaganda is dead on arrivalğŸ‘ğŸ¾",2242,1,2024-09-26T14:39:45.272038Z,4533,1.795,Offensive,2024-09-26T14:39:45.272038Z
30/03/2023,197,"
Go to court!ğŸ˜",2243,1,2024-09-26T14:39:50.849487Z,4534,2.13,Normal,2024-09-26T14:39:50.849487Z
30/03/2023,198,"
Surely you have been defrauded by this fraudsters pretending to be me! Blame yourself. By the way,  I am in heaven on earth already! Be wiser.",2244,1,2024-09-26T14:39:58.907426Z,4535,4.376,Offensive,2024-09-26T14:39:58.907426Z
29/03/2023,199,"
Eiya ğŸ˜‚ğŸ¤£ğŸ˜‚ğŸ¤£ğŸ˜‚ pls pray for him guys!ğŸ˜‡ğŸ™ğŸ½",2245,1,2024-09-26T14:40:02.820432Z,4536,1.153,Normal,2024-09-26T14:40:02.820432Z
28/03/2023,200,"
Na wağŸ¤¦ğŸ½â€â™‚ï¸",2246,1,2024-09-26T14:40:06.263548Z,4537,0.749,Indeterminate,2024-09-26T14:40:06.263548Z
28/03/2023,201,"
FamğŸ¥°â˜ºï¸ğŸ‘ŒğŸ¾",2247,1,2024-09-26T14:40:10.403200Z,4538,0.731,Normal,2024-09-26T14:40:10.403200Z
28/03/2023,202,"
I so need chicken suya right now ğŸ˜ğŸ—",2248,1,2024-09-26T14:40:14.292617Z,4539,0.678,Normal,2024-09-26T14:40:14.292617Z
28/03/2023,203,"
Person fine come be OBIdient!  ğŸ˜ğŸ˜‚ğŸ¤£ Still come get money joinğŸ˜‚ğŸ¤£WahalağŸ«£",2249,1,2024-09-26T14:40:20.519904Z,4540,3.232,Normal,2024-09-26T14:40:20.519904Z
26/03/2023,204,"
â€œBut Lagos made youâ€ Na dem be dis!ğŸ˜‚ğŸ¤£ğŸ˜‚ ğŸ‘‡ğŸ¾",2250,1,2024-09-26T14:40:24.418569Z,4541,0.909,Offensive,2024-09-26T14:40:24.418569Z
26/03/2023,205,"
â€œIf not for lagos!â€â€¦ â€œWhy didnâ€™t you make it in Anambra state!â€

This statement is always coming from people that canâ€™t afford staying in face me I face you in the same lagos!ğŸ˜‚ Pls did they forbid you from making it in lagos?ğŸ¤£ğŸ˜‚ğŸ¤£ğŸ˜‚",2251,1,2024-09-26T14:40:28.845014Z,4542,1.641,Offensive,2024-09-26T14:40:28.845014Z
26/03/2023,206,"
Lagos made youâ€¦ Lagos made you!
So Lagos collected your glory and gave it to Psquare?

Lagos no try at all!ğŸ¤£ğŸ˜‚ğŸ¤£ğŸ˜‚",2252,1,2024-09-26T14:40:37.170758Z,4543,4.836,Offensive,2024-09-26T14:40:37.170758Z
25/03/2023,207,"
Lol! JAPAD!ğŸ˜‚ğŸ¤£
Like youâ€™ve never seen me or us Touring around the glob? I am a 100% Landlord both in Naija and 3 other countries abroad! I choose where to live and enjoy my life! Continue deceiving yourself! Still on #Psquare100CitiesWorldTour ğŸ™ƒ",2253,1,2024-09-26T14:40:52.039913Z,4544,11.015,Normal,2024-09-26T14:40:52.039913Z
25/03/2023,208,"
Eluu P!ğŸ‘ŒğŸ¾ğŸ¤ğŸ¾ Obidient child of GodğŸ™ƒâ˜ºï¸",2254,1,2024-09-26T14:40:55.631691Z,4545,0.674,Normal,2024-09-26T14:40:55.631691Z
25/03/2023,209,"
We remain OBIdient ğŸ’¯ğŸ‘ŒğŸ¾ Eluu P âœŠğŸ¾ğŸ‡³ğŸ‡¬",2255,1,2024-09-26T14:40:59.415407Z,4546,0.748,Normal,2024-09-26T14:40:59.415407Z
22/03/2023,210,"
All PETERS are fearless! Now you know why! We donâ€™t give up easily! We stubborn dieğŸ˜‚ğŸ¤£ğŸ˜‚ğŸ¤£ğŸ¤£ We hit it harder!",2256,1,2024-09-26T14:42:10.526265Z,4547,4.857,Normal,2024-09-26T14:42:10.526265Z
22/03/2023,211,"
No hope is lost here my dear! I didnâ€™t japa or ran away! I am here  on our world tour! Although as a successful artiste well known, we are hardly in Nigeria!  Have faith! Nigeria will be great again! âœŠğŸ¾ğŸ‡³ğŸ‡¬

WE WANT TO MAKE NATION BUILDING A PEOPLE'S MOVEMENT. Remain blessed dearğŸ™ğŸ½",2257,1,2024-09-26T14:42:27.909631Z,4548,13.406,Normal,2024-09-26T14:42:27.909631Z
21/03/2023,212,"
IF YOU DO WHAT YOU LOVE
AND YOU'RE GREAT AT WHAT
YOU DO, THE BAG WILL COME.ğŸ‘ŒğŸ¾ğŸ’°ğŸ’°ğŸ’°ğŸ’°ğŸ’°ğŸ’°Just for the record! I always do what I love! â˜ºï¸",2258,1,2024-09-26T14:42:32.391119Z,4549,1.672,Normal,2024-09-26T14:42:32.391119Z
20/03/2023,213,"
ğŸ¤£ğŸ˜‚ğŸ¤£ğŸ˜‚ ewu Nama! I understand your pain! Let me add more to it! Come on the 6th of May We are selling it out as usualğŸ¤£ğŸ˜‚ğŸ¤£ ODEğŸ¤£",2259,1,2024-09-26T14:42:42.880131Z,4550,6.643,Offensive,2024-09-26T14:42:42.880131Z
20/03/2023,214,"
Stay focused on your goals and stay true to your values - no matter what! Remember, the end doesn't always justify the means, so choose your path wisely!",2260,1,2024-09-26T14:42:48.722006Z,4551,2.732,Normal,2024-09-26T14:42:48.722006Z
20/03/2023,215,"
The shocking thing is most of the people fanning the division online for political gains still live in poverty as a result of a failing state.Ironic! Stay focus most of them are in bondage. Embrace unity!",2261,1,2024-09-26T14:42:55.948366Z,4552,4.433,Offensive,2024-09-26T14:42:55.948366Z
20/03/2023,216,"
Even your so called politicians and there children all go for treatments and school in that same country that works! Be deceiving yourself! â€œThey are not even in Nigeria?â€
Election was postponed and you expect me to postponed our tour in a country that works?ğŸ˜‚ Dis PDAPC peopleğŸ¤¦ğŸ½â€â™‚ï¸",2262,1,2024-09-26T14:43:00.229603Z,4553,1.237,Offensive,2024-09-26T14:43:00.229603Z
19/03/2023,217,"
Election is over! While waiting for the authentic results! Am in a country â€œthat worksâ€ learning that BIG LESSON I am taught!ğŸ¤£ğŸ˜‚ğŸ¤£ğŸ˜‚ We go dey alright las las!ğŸ‘ŒğŸ¾ğŸ˜‚ğŸ¤£",2263,1,2024-09-26T14:43:10.970244Z,4554,7.593,Offensive,2024-09-26T14:43:10.970244Z
18/03/2023,218,"
With 
@inecnigeria
 It has now bcom a curse to be a Nigerian. We go dey alright las las!",2264,1,2024-09-26T14:43:15.030182Z,4555,1.048,Offensive,2024-09-26T14:43:15.030182Z
18/03/2023,219,"
Behold Prof. Mahmood Yakubu, The man who conducted the worst election in the history of Nigeria! Shame on him and the entire 
@inecnigeria
 ğŸ‘ğŸ¾ğŸ‘ğŸ¾ğŸ‘ğŸ¾ğŸ‘ğŸ¾",2265,1,2024-09-26T14:43:18.861667Z,4556,1.053,Offensive,2024-09-26T14:43:18.861667Z
18/03/2023,220,"
We do not have police in Nigeria! All we have is thugs with uniforms! SHAME ON THEM!ğŸ‘ğŸ¾",2266,1,2024-09-26T14:43:59.438944Z,4557,1.23,Offensive,2024-09-26T14:43:59.438944Z
18/03/2023,221,"
Shame on The Nigerian Police! Una no get levels at all! Again! SHAME SHAME SHAME!!! ğŸ‘ğŸ¾",2267,1,2024-09-26T14:44:05.218768Z,4558,0.533,Offensive,2024-09-26T14:44:05.218768Z
18/03/2023,223,"
Dear #Obidients it's time to show yourselves again in your various Polling Units. 
Go Prepared! We are the Structure!!! 
Ellu P!!!!!ğŸ’™ğŸ’™ğŸ’™ LP LP LP LP all the wayâ˜ğŸ¾
@NgLabour",2269,1,2024-09-26T14:44:18.989839Z,4560,4.916,Normal,2024-09-26T14:44:18.989839Z
16/03/2023,224,"
Dear Lagosians!
Letâ€™s Come out on saturday March 18th and Vote massively for 
@GRVlagos
 of 
@NgLabour
 #labourparty Eluu P all the way! ğŸ‡³ğŸ‡¬âœŠğŸ¾ğŸ‡³ğŸ‡¬âœŠğŸ¾ğŸ‡³ğŸ‡¬âœŠğŸ¾",2270,1,2024-09-26T14:44:24.378286Z,4561,0.937,Normal,2024-09-26T14:44:24.378286Z
16/03/2023,225,"
Eluu P all the way come this Saturday 18th of March! âœŠğŸ¾ğŸ‡³ğŸ‡¬LP LP LP LP LP LP LPğŸ‘ğŸ¾",2271,1,2024-09-26T14:44:30.855358Z,4562,0.777,Normal,2024-09-26T14:44:30.855358Z
15/03/2023,226,"
Well, itâ€™s only greed that would make someone believe this fraudsters! How can someone tell you to pay money to receive money and you believe them!ğŸ‘ğŸ¾",2272,1,2024-09-26T14:44:42.227730Z,4563,6.475,Normal,2024-09-26T14:44:42.227730Z
14/03/2023,227,"
Only greedy people will fall for this fraudsters! Itâ€™s crazy ğŸ‘ğŸ¾ğŸ‘ŒğŸ¾",2273,1,2024-09-26T14:44:46.204809Z,4564,0.555,Offensive,2024-09-26T14:44:46.204809Z
14/03/2023,228,"
They so called LessoniologistğŸ˜‚ğŸ¤£ğŸ˜‚ğŸ¤£ğŸ˜‚ğŸ¤£ğŸ˜‚ğŸ¤£",2274,1,2024-09-26T14:48:40.061035Z,4565,211.003,Indeterminate,2024-09-26T14:48:40.061035Z
13/03/2023,229,"
My involvement in politics in this whole election is giving some people seesleepless night and neck pressing!ğŸ¤£ğŸ˜‚ğŸ¤£ donâ€™t worry election will soon be over!ğŸ‘ğŸ¾",2275,1,2024-09-26T14:54:36.578686Z,4566,342.744,Offensive,2024-09-26T14:54:36.578686Z
13/03/2023,230,"
Lol! You wished! Just tonightâ€™s ago in GermanyğŸ‡©ğŸ‡ª This my involvement in politics is giving some of you sleepless night and neck pressing!ğŸ¤£ğŸ˜‚ğŸ¤£ donâ€™t worry election will soon be over!ğŸ‘ğŸ¾",2276,1,2024-09-26T14:54:43.903911Z,4567,1.541,Offensive,2024-09-26T14:54:43.903911Z
13/03/2023,231,"
â€œGbadebo Rhodes-Vivour doesnâ€™t have experience in corruptionâ€

- Peter Obi",2277,1,2024-09-26T14:54:51.582951Z,4568,2.172,Normal,2024-09-26T14:54:51.582951Z
13/03/2023,232,"
This 2023 election has proven to us that some people have signed a long term deal with PovertyğŸ˜‚ğŸ¤£itâ€™s done deal for them and here we go! Make una enjoy! Elluu P all the way from Top to Bottom! 
@NgLabour
 LP LPğŸ‘ŒğŸ¾",2278,1,2024-09-26T14:55:05.849688Z,4569,10.513,Offensive,2024-09-26T14:55:05.849688Z
13/03/2023,233,"
Aswear dis election don humble so many politicians!ğŸ¤£ğŸ¤£ğŸ˜‚ğŸ¤£ğŸ˜‚ah ahh!",2279,1,2024-09-26T14:55:10.099129Z,4570,0.692,Normal,2024-09-26T14:55:10.099129Z
13/03/2023,234,"
He is Yoruba, No! He is Igbo! No he is actually Hausa! You think you are doing me? Hunger knows no tribe! Hope as a Yoruba guy you are buying bread cheaper? ğŸ˜‚ğŸ¤£ğŸ˜‚ğŸ¤£ğŸ˜‚ğŸ¤£ Hope you don chop today! Continue! ğŸ¤£ğŸ‘ŒğŸ¾ğŸ¥° https://x.com/iambanjymii/st/iambanjymii/status/1635094577928613889",2280,1,2024-09-26T14:55:15.538466Z,4571,1.002,Offensive,2024-09-26T14:55:15.538466Z
13/03/2023,235,"
Well, not for me! I Dey alright ğŸ’¯and I hope the rest are?ğŸ¤£ Elluu P! LP LP LPğŸ‘ŒğŸ¾ğŸ‘ğŸ¾",2281,1,2024-09-26T14:55:27.704215Z,4572,8.284,Normal,2024-09-26T14:55:27.704215Z
12/03/2023,236,"
Omo Ellu P is another movement on its own..

A sub-division of Obidient Movement.

When in trouble just shout ELLU P!... Your helper will locate you ğŸ˜‚ğŸ˜‚",2282,1,2024-09-26T14:55:37.136419Z,4573,3.691,Normal,2024-09-26T14:55:37.136419Z
12/03/2023,237,"
Now no be OBIdient Dey pepper dem again! Not even â€œGo and Verifyâ€ Na Elluu PğŸ¤£ğŸ˜‚ğŸ¤£ğŸ˜‚ğŸ˜‚ Chai! Peter Obi supporters una do so one!ğŸ˜‚ğŸ¤£ğŸ˜‚",2283,1,2024-09-26T14:56:31.185060Z,4574,36.049,Offensive,2024-09-26T14:56:31.185060Z
09/03/2023,238,"
All I can say is NIGERIAN YOUTH!!! Keep pushing!! Victory is at the doorstep. What you might presume as a loss; as a result of the election outcome is actually a victory, however little. These people now realize, that it is no longer business as usual. We r winning ğŸ’¯âœŠğŸ¾ğŸ‡³ğŸ‡¬âœŠğŸ¾ğŸ‡³ğŸ‡¬",2284,1,2024-09-26T14:56:36.813399Z,4575,1.161,Normal,2024-09-26T14:56:36.813399Z
08/03/2023,239,"
This 2 didn't get the memo! Nobody told them that Peter obi is here to close their shops! ğŸ˜‚ğŸ¤£ğŸ˜‚",2285,1,2024-09-26T14:56:44.310411Z,4576,2.417,Normal,2024-09-26T14:56:44.310411Z
08/03/2023,240,"
I am an lgbo man married to a Yoruba woman! Igbos do not hate Yorubas.
Neither do Yorubas hate Igbos.
Politicians are using tribe as an excuse to cover their evil
They dont like you whether Igbo or Yoruba.
They only care about their pockets. Be wiser.",2286,1,2024-09-26T14:56:49.689660Z,4577,1.326,Offensive,2024-09-26T14:56:49.689660Z
08/03/2023,241,"
My President, 
We've heard you loud and clear.....
It's imperative that we do as you've said.
We are praying for the Obis, the Dattis, and all obidients across the globe.
We remain,
ObiDattis.
Eeellluuu Ppppeeeee
Top toh bottom.
#VotePDAPCOut",2287,1,2024-09-26T14:57:04.352858Z,4578,9.529,Offensive,2024-09-26T14:57:04.352858Z
07/03/2023,242,"LP, ELLU P all the way come this Saturday 11th of MarchğŸ‡³ğŸ‡¬âœŠğŸ¾ğŸ‡³ğŸ‡¬âœŠğŸ¾âœ”ï¸
@NgLabour",2288,1,2024-09-26T14:57:08.628295Z,4579,1.138,Normal,2024-09-26T14:57:08.628295Z
01/03/2023,243,"
Dear H.E 
@PeterObi
 your mandate can only be delayed, but cannot be denied. âœŠğŸ¾ğŸ‡³ğŸ‡¬âœŠğŸ¾ğŸ‡³ğŸ‡¬âœŠğŸ¾
Please, my fellow obedient, be calm, we live to fight another day, so please embrace peace.
Let's all allow the right people of the law to handle the case.
Thank you NigeriansğŸ’š #INECIsCorrupt",2289,1,2024-09-26T14:57:13.627435Z,4580,1.348,Normal,2024-09-26T14:57:13.627435Z
25/02/2023,244,Donâ€™t be deceived Nigerians. We the Nigerian citizens are the real structure! There own structure is the structure of criminality! PETER OBI is coming â€¦ğŸ‘ŒğŸ¾ğŸ‡³ğŸ‡¬ğŸ‘ŒğŸ¾ğŸ™ğŸ½ğŸ™ğŸ½,2290,1,2024-09-26T14:57:19.021668Z,4581,1.662,Normal,2024-09-26T14:57:19.021668Z
25/02/2023,245,And NIGERIANS are still winning irrespective of all attempts! ğŸ¤£ğŸ˜‚ğŸ¤£ğŸ˜‚I swear if e sure for them make dem leave am Free and FairğŸ¤£ğŸ˜‚ğŸ¤£ğŸ˜‚PETER OBI is coming â€¦ğŸ‡³ğŸ‡¬âœŠğŸ¾,2291,1,2024-09-26T14:57:28.212387Z,4582,5.962,Normal,2024-09-26T14:57:28.212387Z
25/02/2023,246,"@NgLabour
 OETER OBI won all polling units in my estate â˜ºï¸We deliveredğŸ‘ŒğŸ¾ Make sure you protect your voteâœŠğŸ¾ 
@PeterObi
 is Comingâ€¦âœŠğŸ¾ğŸ‡³ğŸ‡¬",2292,1,2024-09-26T14:57:32.140656Z,4583,1.128,Normal,2024-09-26T14:57:32.140656Z
25/02/2023,247,Nigerians are winning!ğŸ‡³ğŸ‡¬âœŠğŸ¾,2293,1,2024-09-26T14:57:40.084714Z,4584,1.361,Normal,2024-09-26T14:57:40.084714Z
25/02/2023,248,"
Dem even say dem go teach me lesson today! ğŸ˜‚ğŸ¤£ğŸ˜‚ğŸ¤£ It is wellğŸ˜‚",2294,1,2024-09-26T14:57:45.741831Z,4585,0.778,Normal,2024-09-26T14:57:45.741831Z
24/02/2023,249,"
BECOME A WHISTLEBLOWER AT YOUR POLLING UNITS*

Disclose anyone with politician money to shared at your polling units to EFCC or polling units Marshalls.

Politics is not a career nor occupation, but a vocation. 

Politics isn't a business venture or a quick way of making money.âœŠğŸ¾",2295,1,2024-09-26T14:57:50.288406Z,4586,0.738,Normal,2024-09-26T14:57:50.288406Z
22/02/2023,250,"
Under APC WATCH!ğŸ˜¶
Because it doesn't affect your family, you're here still supporting APC. It will reach you one day. ""You shall reap whatsoever you sow. #PeterObi4President",2296,1,2024-09-26T14:57:55.103103Z,4587,0.766,Offensive,2024-09-26T14:57:55.103103Z
22/02/2023,251,"
Anybody voting for APC is heartless!ğŸ‘ğŸ¾",2297,1,2024-09-26T14:57:59.781860Z,4588,1.075,Offensive,2024-09-26T14:57:59.781860Z
22/02/2023,252,"
My dear River State/Portharcourt people! This are your enemies at work! Watch carefully they said they are are doing it for there own selfish interests! The only way you can disappoint this people here is by taking  your anger to the polling unit and Vote for 
@PeterObi
 of LP.",2298,1,2024-09-26T14:58:05.507011Z,4589,2.449,Offensive,2024-09-26T14:58:05.507011Z
22/02/2023,253,"
They know the truth!",2299,1,2024-09-26T14:58:09.220710Z,4590,0.603,Normal,2024-09-26T14:58:09.220710Z
20/02/2023,254,"
If you think i am supporting PETER OBI because he is Igbo, try replacing him with Yemi Osibanjo against Orji Uzo Kalu and see if myself and Igbos wonâ€™t massively vote for Yemi Osibanjo.âœ… #VotePeterObiForPresident2023",2300,1,2024-09-26T14:58:13.211535Z,4591,1.21,Offensive,2024-09-26T14:58:13.211535Z
20/02/2023,255,"
No mind them!ğŸ˜‚ğŸ¤£",2301,1,2024-09-26T14:58:18.813550Z,4592,1.688,Normal,2024-09-26T14:58:18.813550Z
20/02/2023,256,"
Shit!ğŸ¤­",2302,1,2024-09-26T14:58:23.556091Z,4593,1.601,Offensive,2024-09-26T14:58:23.556091Z
20/02/2023,257,"
Where dem Dey? 
I mean the people wey wan teach me lessons in 5days time.ğŸ¤£ğŸ˜‚ğŸ¤£ğŸ˜‚Abi dey one way dem don teach us for nearly 8yrs we no survive am? Empty shameless threatsğŸ¤£ğŸ˜‚ğŸ¤£ Election will soon be over and we go dey alright last last! Na we Dey here! ğŸ˜ We full ground! ğŸ˜‰ğŸ‘ŒğŸ¾ğŸ‘ğŸ¾",2303,1,2024-09-26T14:58:31.800981Z,4594,4.905,Offensive,2024-09-26T14:58:31.800981Z
20/02/2023,258,"
If the APC Governors fight other issues the way they fight this naira policy, Nigeria wouldâ€™ve been a better place, but no! Dear Nigerians done be deceived! They are fighting for there own selfish reason and agenda! Simple! 
Letâ€™s Vote them out this Saturday! Enough is enoughğŸ‘ğŸ¾ğŸ¤®",2304,1,2024-09-26T14:58:43.255644Z,4595,8.615,Offensive,2024-09-26T14:58:43.255644Z
20/02/2023,260,"
Dear APC Governors,
We the Nigerian people are not complaining about the policy. As a matter of fact we are so used to the hardship APC has brought upon us. We actually stand with Buhari and Emefiele on this one. We still have N50, N100 and N200 Note in circulations! DesperadosğŸ‘ğŸ¾",2306,1,2024-09-26T14:58:54.594692Z,4597,1.806,Offensive,2024-09-26T14:58:54.594692Z
20/02/2023,261,"
Dear APC Governors,
Are u telling us that hardship started in Nigeria when CBN redesigned the Naira?
The same APC that has put over 133 million Nigerians in multidimensional poverty in its 8 years. Itâ€™s just 5 days to elections. Whatâ€™s with the desperation? We know the truth! ğŸ‘ğŸ¾",2307,1,2024-09-26T14:59:04.568759Z,4598,11.011,Offensive,2024-09-26T14:59:08.498452Z
20/02/2023,262,"
Suddenly APC Governors are now Crusaders for the poor!ğŸ¤£ğŸ˜‚ #AriseNews",2308,1,2024-09-26T14:59:11.947122Z,4599,0.694,Normal,2024-09-26T14:59:11.947122Z
18/02/2023,263,"
In all of these, where does the vice president of the Federal Republic,  Prof. Yemi Osinbajo stand?ğŸ¤”",2309,1,2024-09-26T14:59:19.201612Z,4600,3.794,Normal,2024-09-26T14:59:19.201612Z
17/02/2023,265,"
Someone wrote u and said he is Tony Elumelu the CEO of UBA that you should deposit all your money into his bank account, so you will do so without verification? And for that you start blaming the real Bank(UBA)!  Like I said Blame yourself! I do not own a Giveaway platform! Bye",2311,1,2024-09-26T14:59:36.837384Z,4602,11.092,Offensive,2024-09-26T14:59:36.837384Z
16/02/2023,266,"
@tunji_salawe
I am sure with all the warnings concerning this fraudsters you didnâ€™t confirm here! After getting scammed you then remembered that I have a verified page! Go swill judge me. Itâ€™s only greed that will make you to pay money to receive money.",2312,1,2024-09-26T14:59:52.684078Z,4603,12.849,Offensive,2024-09-26T14:59:52.684078Z
16/02/2023,267,"
Mr Psquare
@PeterPsquare
Â·
Feb 16, 2023
Dear APC governors, Why are you crying more than the bereaved? Did you stash cash in your houses?ğŸ¤·ğŸ¾â€â™‚ï¸ E reach to ask! ğŸ¤¦ğŸ¾ğŸ¤¦ğŸ½â€â™‚ï¸",2313,1,2024-09-26T14:59:58.432210Z,4604,2.862,Offensive,2024-09-26T14:59:58.432210Z
14/02/2023,268,"All this propaganda is now old ways!  Print fake membership card, act violent while tearing it to pieces, capture it on camera. Agenda is set.ğŸ¤£ğŸ˜‚ğŸ¤£ğŸ˜‚ 
@PeterObi
 has changed the political game! Dead on arrival propaganda! No body is buying into this anymore! E don cast!ğŸ˜‚ğŸ¤£",2314,1,2024-09-26T15:00:02.761530Z,4605,1.66,Offensive,2024-09-26T15:00:02.761530Z
13/02/2023,269,"
Someone today trying to explain to the DSS that he was just joking with the coup tweet that landed him in trouble. Who is that someone pls ?",2315,1,2024-09-26T15:00:10.268115Z,4606,4.336,Offensive,2024-09-26T15:00:10.268115Z
13/02/2023,270,"
Another one! 
ALEX EKUBO is OBIdient âœŠğŸ¾ They have started coming out! 
@PeterObi
 is comingâ€¦",2316,1,2024-09-26T15:00:18.478907Z,4607,5.235,Normal,2024-09-26T15:00:18.478907Z
13/02/2023,271,"
OBIDIENT SUPER STAR â­ï¸ ğŸ’¯
With my full chest!ğŸ’˜ Na we dey here! We no dey sit for fence! We must get it right this time by the special grace of God! 
@PeterObi
 is comingâ€¦.âœŠğŸ¾",2317,1,2024-09-26T15:00:23.525447Z,4608,0.933,Normal,2024-09-26T15:00:23.525447Z
13/02/2023,272,"
Remember this image as we get closer to 25th Feb. 2023 , donâ€™t forget this.. think of the next 8years and what it will bring if we get it wrong again. #NigeriaDecides2023 #PeterObiForPresident2023",2318,1,2024-09-26T15:00:29.835360Z,4609,2.421,Normal,2024-09-26T15:00:29.835360Z
13/02/2023,273,"
Reject APC and PDP. Vote LP",2319,1,2024-09-26T15:00:37.791050Z,4610,4.804,Normal,2024-09-26T15:00:37.791050Z
13/02/2023,274,"
UNDER APC WATCH DIFFERENT ANIMALS SWALLOWED MONEY!ğŸ¤®ğŸ‘ğŸ¾ Vote them out by Voting 
@PeterObi
 of 
@NgLabour
 LP LP LPğŸ‘ŒğŸ¾âœŠğŸ¾A new Nigeria POssibleğŸ™ŒğŸ¾",2320,1,2024-09-26T15:00:44.815382Z,4611,4.128,Normal,2024-09-26T15:00:44.815382Z
13/02/2023,275,"
Under APC watch. Don't forget.",2321,1,2024-09-26T15:00:47.983327Z,4612,0.617,Normal,2024-09-26T15:00:47.983327Z
13/02/2023,276,"
This 2023 is Nigerian turn and time to recover! Let us keep our faith toward our Mission strong. Let us take back Nigeria from this criminals. #VotePeterObiForPresident2023",2322,1,2024-09-26T15:00:52.312618Z,4613,1.36,Normal,2024-09-26T15:00:52.312618Z
13/02/2023,277,"
My dear fellow #Obidients Good morning to every one of you, I just want to encourage all of us this morning. Let us know that at this dying minutes there will be a lot of oppressions,intimidation,name calling,fake news about our 
@PeterObi
 But,my people,we will overcome them all.",2323,1,2024-09-26T15:00:57.840696Z,4614,1.698,Normal,2024-09-26T15:00:57.840696Z
13/02/2023,278,"
Yes I am! Nigeria is the car that needs to be fixed!ğŸ‘ŒğŸ¾So I am one the mechanics!ğŸ‘ŒğŸ¾ğŸ˜ŠğŸ”§ğŸ› ï¸ğŸ—œï¸ğŸ§°ğŸ”©âš™ï¸",2324,1,2024-09-26T15:01:03.034803Z,4615,0.975,Normal,2024-09-26T15:01:03.034803Z
12/02/2023,279,"
dear PDAPC this desperation is becoming so obvious and irritating! ğŸ¤®ğŸ‘ğŸ¾ Try harder next time.",2325,1,2024-09-26T15:01:21.815992Z,4616,1.4,Normal,2024-09-26T15:01:21.815992Z
12/02/2023,281,"
Vote who you can protest against. Vote Freedom of Speech and Freedom after Speech.ğŸ¤ğŸ¾âœŠğŸ¾ Vote 
@PeterObi
 of 
@NgLabour",2327,1,2024-09-26T15:01:30.052424Z,4618,1.629,Normal,2024-09-26T15:01:30.052424Z
12/02/2023,282,"
It's time for Nigeria politicians to know that the power belongs to the people.âœŠğŸ¾ğŸ‘ŒğŸ¾ 
@PeterObi
 is coming..",2328,1,2024-09-26T15:01:35.204238Z,4619,2.33,Normal,2024-09-26T15:01:35.204238Z
12/02/2023,283,"
Before you vote on the 25th... don't forget that this same APC Govt hid cartons of noodles,spaghetti, macaroni,maggi,bags of rice and beans etc....From the same citizens that voted them in 2015/19 when hunger was tearing you apart. 
Vote for 
@PeterObi
 of 
@NgLabour
 LP LP LP LP ğŸ‘ğŸ¾",2329,1,2024-09-26T15:01:39.683281Z,4620,1.435,Offensive,2024-09-26T15:01:39.683281Z
12/02/2023,284,"
The problem of Nigeria can not be covered with an umbrellaâ˜‚ï¸ Â«*. Neither can it be swept away with a broomğŸ§¹. It needs the labour's of all Nigerians ğŸ‘¨â€ğŸ‘©â€ğŸ‘¦ to deal ğŸ¤with! Obedience is the key ğŸ”‘ 
@PeterObi
 
@NgLabour
 Vote LP LP LP LP LP!",2330,1,2024-09-26T15:01:47.242142Z,4621,4.853,Normal,2024-09-26T15:01:47.242142Z
11/02/2023,285,"
We no Dey pay to hire crowd ? See Organic crowd! We no Dey give shishi but People dey turn up!âœŠğŸ¾ 
@PeterObi
 is comingâ€¦. #ObiDattiInLagos VOTE LP OnlyğŸ‘ŒğŸ¾",2331,1,2024-09-26T15:01:51.520288Z,4622,1.476,Normal,2024-09-26T15:01:51.520288Z
11/02/2023,286,"
We Dey here! Who dey zuzu! Una Dey fear for una same LagosğŸ˜‚ğŸ¤£ğŸ˜‚ Na we Dey hereâœŠğŸ¾",2332,1,2024-09-26T15:01:56.980216Z,4623,2.908,Offensive,2024-09-26T15:02:01.544516Z
11/02/2023,287,"
All this Political thugs 4 lagos! I greet una o! Abeg how many OBIdients una wan intimidate ğŸ¤£ğŸ˜‚ğŸ¤£ğŸ˜‚ fear don day catch una for una same lagosğŸ¤£ğŸ˜‚Donâ€™t worry 
@PeterObi
 of 
@NgLabour
 is COMING!ğŸ‘ŒğŸ¾ #ObiDattiInLagos",2333,1,2024-09-26T15:02:05.609369Z,4624,0.735,Offensive,2024-09-26T15:02:05.609369Z
11/02/2023,288,"
Damnn.. stop for now! Focus on electing our new President 
@PeterObi",2334,1,2024-09-26T15:02:10.584195Z,4625,2.183,Normal,2024-09-26T15:02:10.584195Z
10/02/2023,289,"
I hear say APC steal crowd image this time ğŸ¤£ğŸ˜‚ğŸ¤£ğŸ˜‚ Na wa o!ğŸ™„",2335,1,2024-09-26T15:02:14.947560Z,4626,6.405,Offensive,2024-09-26T15:02:22.789115Z
07/02/2023,290,"
Dude,I understand your frustration. But realize that the sky is big enough for all birds to fly. 
@burnaboy
 and other great artistes have climbed on our great Felaâ€™s ladder to blow. Comport your self and pray to your god. My God has blessed my destiny & iâ€™ll 4ever remain thankful.",2336,1,2024-09-26T15:02:32.556625Z,4627,6.98,Normal,2024-09-26T15:02:32.556625Z
07/02/2023,291,"
Iâ€™ll surely keep you in my prayers. Learn from your nephew  
@Madekuti
 cos he is well guided and clean.",2337,1,2024-09-26T15:02:41.272344Z,4628,15.634,Offensive,2024-09-26T15:02:56.740426Z
06/02/2023,292,"
SOON!
Corruption was the Natural disaster until Peter Obi became president come Feb 25, 2023. ğŸ˜ğŸ¤—#PeterObiForPresident2023",2338,1,2024-09-26T15:03:14.487946Z,4629,6.772,Normal,2024-09-26T15:03:14.487946Z
06/02/2023,293,"
Dude just erased his fathers History! You said only the people of Nigeria can save Nigeria! Is PO and the rest candidates not the Nigerian people?â€¦. SHAME! SHAME!! SHAME!!!ğŸ‘ğŸ¾",2339,1,2024-09-26T15:03:18.750201Z,4630,1.236,Offensive,2024-09-26T15:03:18.750201Z
05/02/2023,294,"
I am only addressing the people that wants to teach me lesson on the 25th. But if you are against this post! Then you are also one of them! So continue teaching me your baseless Lessons!ğŸ˜‚ğŸ¤£ğŸ˜‚ğŸ¤£",2340,1,2024-09-26T15:03:30.188878Z,4631,7.627,Offensive,2024-09-26T15:03:30.188878Z
04/02/2023,295,"
You never chop since two days now but you wan teach me lesson on the 25th FebruaryğŸ˜‚ğŸ˜‚",2341,1,2024-09-26T15:03:35.919434Z,4632,2.656,Offensive,2024-09-26T15:03:35.919434Z
05/02/2023,296,No! I am address people that said they will teach me a Bigger lesson on the 25th. Except you are one of them! ğŸ‘ğŸ¾,2342,1,2024-09-26T15:03:43.475979Z,4633,2.369,Normal,2024-09-26T15:03:43.475979Z
05/02/2023,297,"
Dear Nigerian Politicians!
The only positives image existing in Nigeria today is the Nollywood and Music industry â€œThe entertainment industry as a wholeâ€œ If no bi am, na Corruption dem sabi all of una with! We just take style dey cover una Fnck up!ğŸ‘ğŸ¾ Nollywood Actor indeed! SMH",2343,1,2024-09-26T15:03:49.209248Z,4634,2.737,Normal,2024-09-26T15:03:49.209248Z
05/02/2023,298,"
Dear Obideint,
Do not participate in any Protests! Focus all your energy on the campaign and your appointment on February 25th. On the ballot paper, select the LP  and the candidate, Peter Obi. Do not losing focus!",2344,1,2024-09-26T15:03:54.067761Z,4635,1.304,Normal,2024-09-26T15:03:54.067761Z
05/02/2023,299,"
Dear Obideint pls stay away from this PROTEST!",2345,1,2024-09-26T15:03:58.347347Z,4636,1.261,Normal,2024-09-26T15:03:58.347347Z
05/02/2023,300,"
Dem never tell una say the OKOYES na business men with so many incomes?ğŸ˜‚ğŸ¤£ğŸ˜‚ğŸ¤£",2346,1,2024-09-26T15:04:06.552700Z,4637,4.662,Normal,2024-09-26T15:04:06.552700Z
05/02/2023,301,"
You wan teach me lesson on the 25th with that your empty stomachğŸ¤£ğŸ˜‚ğŸ¤£ğŸ˜‚ We are Voting PETER OBI. Period! APC is pure failureğŸ¤®ğŸ¤®ğŸ¤®ğŸ‘ğŸ¾ğŸ‘ğŸ¾ğŸ‘ğŸ¾ğŸ‘ğŸ¾ğŸ‘ğŸ¾ğŸ‘ğŸ¾ğŸ‘ğŸ¾",2347,1,2024-09-26T15:04:11.268406Z,4638,1.621,Offensive,2024-09-26T15:04:11.268406Z
04/02/2023,302,"
Abeg Dey ones way teach Jonathan lessons since 2015 how far with there life? Na me and my twin brother una wan teach lesson dis time! ğŸ˜‚ğŸ¤£ğŸ˜‚ Empty threatsğŸ¤§",2348,1,2024-09-26T15:04:18.311680Z,4639,5.446,Offensive,2024-09-26T15:04:22.004789Z
04/02/2023,303,"
Dem want teach who God don bless lesson!ğŸ˜¹ğŸ˜¹ğŸ˜¹ SMHğŸ¤¦ğŸ½â€â™‚ï¸",2349,1,2024-09-26T15:04:25.620070Z,4640,0.757,Normal,2024-09-26T15:04:25.620070Z
04/02/2023,304,"
Someone asked if I have joined politics! I donâ€™t have to join politics to speak up for the masses! I am still a professional successful musician who has fans and friends that are going through a lot because of bad and corrupt government in Nigeria!",2350,1,2024-09-26T15:04:33.726716Z,4641,5.427,Normal,2024-09-26T15:04:33.726716Z
04/02/2023,305,"
Non of the APC governors fought for the poor masses all this while but all of a sudden their love for the poor masses became unmeasurable. Vulture na VultureğŸ¤®ğŸ‘ğŸ¾",2351,1,2024-09-26T15:04:37.508427Z,4642,0.681,Normal,2024-09-26T15:04:37.508427Z
04/02/2023,306,"
Just to remind you that PDAPC donâ€™t care about you. Use your head and vote wisely else your great grand children might have to beg for food. Vote 
@PeterObi
 of 
@NgLabour",2352,1,2024-09-26T15:04:45.467672Z,4643,4.154,Normal,2024-09-26T15:04:45.467672Z
04/02/2023,307,"
So APC PCC members have started threatening a sitting president ğŸ˜‚ğŸ˜‚ğŸ˜‚ğŸ˜‚ they said we are wailers for 8yrs and guess who is wailing now ?? ğŸ«£",2353,1,2024-09-26T15:04:49.794474Z,4644,1.39,Offensive,2024-09-26T15:04:49.794474Z
04/02/2023,308,"
Why is this man threatening our president 
@MBuhari
 â€¦He has no respect and we Nigerians needs to call him to orderâ€¦ Crying because there wouldn't be money to buy elections. Struggling to separate Buhari from APC. 
The audacity to threaten a sitting president. What a shame!ğŸ‘ğŸ¾",2354,1,2024-09-26T15:04:58.920778Z,4645,5.478,Offensive,2024-09-26T15:04:58.920778Z
04/02/2023,309,"
Absolutely nothing working under APCâ€¦ Pure failureğŸ‘ğŸ¾ğŸ¤®ğŸ¤®ğŸ¤®",2355,1,2024-09-26T15:05:02.733992Z,4646,0.91,Offensive,2024-09-26T15:05:02.733992Z
04/02/2023,310,"
Thereâ€™s fire on the mountain! Its getting more interesting.....ğŸ¤£ğŸ˜‚ğŸ¤£ğŸ˜‚ğŸ˜‚ğŸ˜‚ğŸ˜‚ğŸ˜‚ Cry! Cry!! Cry againğŸ˜‚ğŸ¤£",2356,1,2024-09-26T15:05:09.138970Z,4647,3.467,Offensive,2024-09-26T15:05:09.138970Z
03/02/2023,311,"
Twitter ban - No APC Governors.
High inflation,- No APC Governors
Kidnapping,- No APC Governors
Killings,- No APC Governors
Fuel scarcity,- No APC Governors.

APC Governors can only appear when their interest is threatened. Dear Nigerians, APC is pure failure! Pls Vote 
@PeterObi",2357,1,2024-09-26T15:05:24.564949Z,4648,11.968,Offensive,2024-09-26T15:05:24.564949Z
03/02/2023,312,"Dear Nigerians,
It is time for us to Make it right by sending a clear message to this old politicians that it is the Nigerian peoples Turn! Otherwise they will continue making it their birth right! We are smarter now and we are voting wisely for 
@PeterObi
 of 
@NgLabour
 LP LP LP",2358,1,2024-09-26T15:05:35.283558Z,4649,4.833,Normal,2024-09-26T15:05:35.283558Z
03/02/2023,313,"
Dear Nigerians,
On the 25th February Nigerian Youths will set the record and order straight to this old politicians that Enough is Enough! We will retire all of them by voting the Peopleâ€™s Choice ğŸ‘‰ğŸ½ 
@PeterObi
 of 
@NgLabour
 #PeterObi4President2023 LP LP LP",2359,1,2024-09-26T15:05:39.130341Z,4650,0.883,Normal,2024-09-26T15:05:39.130341Z
03/02/2023,314,"
Dear Nigerians,
Other African counties are praying and hoping that Nigeria(the largest melanin country)
gets it right this time and vote Peter Obi, and truly be ""THE GIANT OF AFRICA"" and lead the way to rescuing Africa! We should not disappoint them. Vote 
@PeterObi
 of 
@NgLabour",2360,1,2024-09-26T15:05:48.138744Z,4651,3.749,Normal,2024-09-26T15:05:48.138744Z
03/02/2023,315,"
Dear Nigerians, 
I have travelled around the globe performing! And i can comfortably say we are already the most hated black country in the world and we canâ€™t afford to have another embarrassing calamity to represent us in the world stage pls vote for 
@PeterObi
 to avoid all that.",2361,1,2024-09-26T15:05:55.348102Z,4652,2.908,Normal,2024-09-26T15:05:55.348102Z
03/02/2023,316,"
APC Dey teach dem bigger Lesson alreadyğŸ˜‚ğŸ¤£ Wahala!",2362,1,2024-09-26T15:06:00.667309Z,4653,2.778,Normal,2024-09-26T15:06:00.667309Z
03/02/2023,317,"
Have yâ€™all noticed they are crying hard because there rigging machine has been destroyedğŸ˜‚ğŸ¤£ 
â€¦ And they still want to teach me and you lesson! SmhğŸ«£ğŸ«£",2363,1,2024-09-26T15:06:04.174933Z,4654,0.936,Offensive,2024-09-26T15:06:04.174933Z
01/02/2023,318,"
Se as person papa wear agbada come dey embarrass him self for Channels TVğŸ¤® APC is a pure failure!ğŸ‘ğŸ¾",2364,1,2024-09-26T15:06:10.615107Z,4655,1.878,Offensive,2024-09-26T15:06:10.615107Z
01/02/2023,319,"
Some one is just blabbing and lying on channels TvğŸ¤£ğŸ˜‚ Bad product is really difficult to market!ğŸ¤®",2365,1,2024-09-26T15:06:14.927317Z,4656,1.219,Offensive,2024-09-26T15:06:14.927317Z
01/02/2023,320,"
All well meaning Nigerians yearning for true and positive change are Voting Peter Obi of Labour Party. Continue to share this.. This is our month of victory!! 
@PeterObi
 
@NgLabour
 

Nnewi, Emefiele, Mubi, Buhari and APC, Onitsha, Asiwaju, El Rufai, Benin, Mu-Mu",2366,1,2024-09-26T15:06:25.568993Z,4657,6.382,Normal,2024-09-26T15:06:25.568993Z
01/02/2023,321,"
It has been 10 months since PETER OBI obeyed the call of ordinary Nigerians to vie for the Presidency to help salvage NIGERIA. This tweet is in appreciation of 
@PeterObi
 for his obvious love, commitment and sacrifices for the Nigerian People.
VOTE PETER OBI of the LABOUR PARTY.",2367,1,2024-09-26T15:06:32.746296Z,4658,4.114,Normal,2024-09-26T15:06:32.746296Z
31/01/2023,322,"
Who is watching APC disgracing themselves on TVC in Calabar?ğŸ˜‚ğŸ¤£ğŸ˜‚ğŸ¤£ğŸ˜‚ğŸ¤£ğŸ˜‚ğŸ¤£ğŸ˜‚ğŸ¤£ğŸ˜‚ğŸ˜‚ğŸ˜‚",2368,1,2024-09-26T15:06:35.891601Z,4659,0.63,Offensive,2024-09-26T15:06:35.891601Z
31/01/2023,323,"
Dear OBIdients Wike or no Wike!Obidient movement is bigger than anybody, even bigger than Peter Obi. #PeterObi4President2023",2369,1,2024-09-26T15:06:43.118275Z,4660,4.2,Normal,2024-09-26T15:06:43.118275Z
31/01/2023,324,"
In Nigeria! Minister of health go abroad for medical treatment!ğŸ¤”ğŸ˜
Enough of â€œVote Wisleyâ€ We are Voting 
@PeterObi
 of the 
@NgLabour",2370,1,2024-09-26T15:06:47.512605Z,4661,1.185,Normal,2024-09-26T15:06:47.512605Z
31/01/2023,325,"
So some people will leave their houses this morning to queue for fuel at N400 per litre, buy gas at N800 per kg, buy rice at 38k per bag and still come online in the evening to defend APC. I wonder what motivates dem. #VotePeterObiForPresident2023",2371,1,2024-09-26T15:07:01.490760Z,4662,11.165,Normal,2024-09-26T15:07:01.490760Z
31/01/2023,326,"
We all agree that President Buhari and the APC has performed badly but we do not subscribe to humiliating the president or office of the president. This is totally condemnable!ğŸ‘ğŸ¾",2372,1,2024-09-26T15:07:09.057883Z,4663,4.734,Normal,2024-09-26T15:07:09.057883Z
30/01/2023,327,"
So e reach money matter our Reps begin dey threatğŸ¤£
During Endsars , fuel cost & scarcity, Minimum wage & Asuu strike dem no ginger like dis! Believe it or not all this their ginger now on dis new Naira note is for their selfish interest. Buhari and CBN dey press their neckğŸ¤£",2373,1,2024-09-26T15:07:33.975956Z,4664,21.903,Offensive,2024-09-26T15:07:33.975956Z
30/01/2023,328,"
Aside vote buying I dont see how this new naira notes will frustrate the elections. PDAPC are frustrated! Thank you CBN. ğŸ‘ŒğŸ¾",2374,1,2024-09-26T15:07:41.709404Z,4665,1.827,Normal,2024-09-26T15:07:41.709404Z
30/01/2023,329,"
Again Senate will never ever support anything that will be beneficial for citizens, APC & PDP  know this is all to buy vote. Nigerians let's support CBN on this.",2375,1,2024-09-26T15:07:48.755146Z,4666,3.947,Offensive,2024-09-26T15:07:48.755146Z
29/01/2023,330,"
You dey for filling station queue dey shout â€œI go teach PETER OBI supporters and PSQUARE lesson next month electionâ€ğŸ¤£ğŸ˜‚ğŸ¤£ğŸ˜‚ And you are still complaining â€œWHAT TYPE OF COUNTRY IS THIS?â€ ğŸ˜‚ğŸ¤£ğŸ˜‚ not knowing that APC DON DEY TEACH YOU LESSON BEFORE NEXT MONTH REACHğŸ˜‚ğŸ¤£ it is well.",2376,1,2024-09-26T15:07:57.976591Z,4667,6.28,Offensive,2024-09-26T15:07:57.976591Z
29/01/2023,331,"
If you are born poor its not your mistake, But if you die poor its your mistake.",2377,1,2024-09-26T15:08:03.057386Z,4668,0.719,Normal,2024-09-26T15:08:03.057386Z
29/01/2023,332,"
All you said here is RUBBISH!ğŸ‘ğŸ¾",2378,1,2024-09-26T15:08:06.723578Z,4669,0.498,Offensive,2024-09-26T15:08:06.723578Z
28/01/2023,333,"
I suppose to add SAVAGE for my Solo name! Wanlahi! Mr P Savage ğŸ‘ŒğŸ¾ğŸ¤£ğŸ˜‚ğŸ˜…",2379,1,2024-09-26T15:08:13.382788Z,4670,3.783,Normal,2024-09-26T15:08:13.382788Z
28/01/2023,334,"
This is somewhere in this same worldğŸŒ
Africans prefer to be in abject poverty and just be content with the fact that a member of their ethnic group is in power. Your politicians and their children will use your tax pay money and explore this countries. Get sense or suffer moreğŸ˜",2380,1,2024-09-26T15:08:20.141373Z,4671,2.743,Offensive,2024-09-26T15:08:20.141373Z
28/01/2023,335,"
I have said enough! Only greed and selfishness would make you fall for it! ğŸ‘ğŸ¾",2381,1,2024-09-26T15:08:25.135599Z,4672,3.224,Offensive,2024-09-26T15:08:28.583301Z
28/01/2023,336,"
If dem get liver, If E sure for your candidate make him make this statement. PO still remains the best candidate for next month election, the man with unquestionable character, Nigeria deserves the best this time around. Vote PO for a new Nigeria. 
@PeterObi
 
@NgLabour",2382,1,2024-09-26T15:08:40.635805Z,4673,9.226,Normal,2024-09-26T15:08:40.635805Z
28/01/2023,337,"
They are laughing at themselvesğŸ˜‚ğŸ¤£ğŸ˜‚ PO and Nigeria is winningğŸ’¯! Because It is the turn of Nigerian citizensâœŠğŸ¾#PeterObi4President2023",2383,1,2024-09-26T15:08:45.848582Z,4674,2.263,Normal,2024-09-26T15:08:45.848582Z
28/01/2023,338,"
Nothing but the truth ğŸ‘ŒğŸ¾ğŸ’¯",2384,1,2024-09-26T15:08:48.995267Z,4675,0.578,Normal,2024-09-26T15:08:48.995267Z
28/01/2023,339,"
Pure leader with Humility indeed ğŸ™ğŸ½â˜ºï¸ incoming presidentâ˜ºï¸âœŠğŸ¾
@PeterObi
 of 
@NgLabour",2385,1,2024-09-26T15:08:53.258398Z,4676,0.85,Normal,2024-09-26T15:08:53.258398Z
27/01/2023,340,"
And when i and my twin brother said this few days ago, we were insulted & abused by some APC supporters!â€¦. smh ğŸ¤¦â€â™€ï¸ 
It is well, We must get it right this time around! Because it is the turn of Nigeria CitizensğŸ‡³ğŸ‡¬âœŠğŸ¾ğŸ—³ï¸ 
@PeterObi
 of 
@NgLabour
 is Comingâ˜ºï¸ğŸ‘¨â€ğŸ‘©â€ğŸ‘¦",2386,1,2024-09-26T15:09:07.230178Z,4677,10.379,Normal,2024-09-26T15:09:07.230178Z
27/01/2023,341,"
Iâ€™m glad that Obidients are changing the political landscape of Nigeria and showing that politics can be done differently. Another game changer for this historic movement is the introduction of the Townhall App by the ObiDatti campaign. ",2387,1,2024-09-26T15:09:17.420436Z,4678,7.505,Normal,2024-09-26T15:09:17.420436Z
26/01/2023,342,"
BulabasğŸ«£",2388,1,2024-09-26T15:09:21.530551Z,4679,1.349,Offensive,2024-09-26T15:09:21.530551Z
26/01/2023,343,"
APC calling for revolution under APC govt ğŸ¤£ğŸ¤£ğŸ¤£ğŸ¤£ Which kind juju be this ?",2389,1,2024-09-26T15:09:29.191778Z,4680,4.203,Normal,2024-09-26T15:09:29.191778Z
26/01/2023,344,"
Wait o! APC Vs APC! Interesting times are ahead!ğŸ¤®
Wahala! Wahala!! Wahala!!!",2390,1,2024-09-26T15:09:35.598248Z,4681,3.053,Normal,2024-09-26T15:09:35.598248Z
26/01/2023,345,"
Abeg when bullion van go miss road enter my house?ğŸ˜ğŸ˜’",2391,1,2024-09-26T15:09:39.463039Z,4682,0.575,Normal,2024-09-26T15:09:39.463039Z
26/01/2023,346,"
The way this old men lie because of money you wonder what they will tell there Children! They think Nigerians are dumb!ğŸ¤® them no rate  us at all! Shame on APC.ğŸ‘ğŸ¾",2392,1,2024-09-26T15:09:51.068983Z,4683,8.421,Normal,2024-09-26T15:09:51.068983Z
25/01/2023,347,"
Go and look for the person! Itâ€™s not me! Bye! I thought they said Nigerians are smarter! ShameğŸ‘ğŸ¾ğŸ¤®",2393,1,2024-09-26T15:09:55.613482Z,4684,1.178,Offensive,2024-09-26T15:09:55.613482Z
25/01/2023,348,"
APC Failure! Failure!! Failure!!! ğŸ‘ğŸ¾ğŸ¤®",2394,1,2024-09-26T15:09:59.159905Z,4685,0.579,Offensive,2024-09-26T15:09:59.159905Z
25/01/2023,349,"
In the last 7yrs Plus, APC failed to speak against their party or Buhari despite the fact that Nigerians expected them to speak due to their bad policies and failure!.. it Must be really difficult to market a bad product!ğŸ¤®",2395,1,2024-09-26T15:10:04.172366Z,4686,2.321,Offensive,2024-09-26T15:10:04.172366Z
25/01/2023,350,"
Armed Robbers came to ur house to rob you of all ur valuables without covering his face which you have marked, the next few weeks he came to you to preach salvation, winning soul for christ as a disguise. What will you do to him?

A short story of APC coming back to hunt us again",2396,1,2024-09-26T15:10:21.785651Z,4687,14.686,Normal,2024-09-26T15:10:21.785651Z
25/01/2023,351,"
You should sit your parent down and educate them about their choice for the presidency
Fuel is 330 now!ğŸ˜¬ğŸ¤
An Oil producing country!ğŸ˜ª

#PeterObi4President2023",2397,1,2024-09-26T15:10:28.232026Z,4688,2.735,Normal,2024-09-26T15:10:28.232026Z
25/01/2023,352,"
If you love yourself, your families, friends and associates, in-fact if you love and believe in Nigeria Vote 
@PeterObi
 of 
@NgLabour
 come 25/02/2023. I will do exactly same.",2398,1,2024-09-26T15:10:36.007737Z,4689,4.995,Normal,2024-09-26T15:10:36.007737Z
25/01/2023,353,"
APC should be going house to house to apologize to Nigerians and not campaigning!ğŸ˜ğŸ¤®",2399,1,2024-09-26T15:10:40.886523Z,4690,1.587,Normal,2024-09-26T15:10:40.886523Z
25/01/2023,354,"
What is APC Campaigning for? 
I see no reason APC should still be running for any office 2023 Election! APC coming to rescue APC? Like how?ğŸ¤®",2400,1,2024-09-26T15:10:48.246911Z,4691,4.407,Normal,2024-09-26T15:10:48.246911Z
25/01/2023,355,"
APC and its Government are Total Failure ğŸ˜ ğŸ‘ğŸ¾
They are assuring us a better Nigeria. If they have what it takes to make Nigeria better, why didn't they provide those ideas with there party in power presently? Why wait till another election! We are wiser now! This is unacceptable",2401,1,2024-09-26T15:10:57.036090Z,4692,4.962,Offensive,2024-09-26T15:10:57.036090Z
24/01/2023,356,"
Correction! 
The issue is how many Nigerians have been plunged into poverty because of APC Government incapacity! Shame!ğŸ‘ğŸ¾",2402,1,2024-09-26T15:11:02.683061Z,4693,2.297,Offensive,2024-09-26T15:11:02.683061Z
25/01/2023,357,"
Thereâ€™s an update coming up between today and tomorrow! Pls bare with us!ğŸ™ğŸ½",2403,1,2024-09-26T15:11:06.874322Z,4694,0.719,Normal,2024-09-26T15:11:06.874322Z
24/01/2023,358,"
APC ğŸ‘‰ğŸ½ F9ğŸ¤®ğŸ‘ğŸ¾ 100% FAILEDğŸ‘ğŸ¾",2404,1,2024-09-26T15:11:10.908219Z,4695,1.09,Offensive,2024-09-26T15:11:10.908219Z
24/01/2023,359,"
I do not and never owned aany Giveaway platform! They are at there own riskğŸ‘ğŸ¾",2405,1,2024-09-26T15:11:16.718545Z,4696,2.086,Normal,2024-09-26T15:11:16.718545Z
21/01/2023,360,"
APC supporters should be buying fuel for N50 per liter now!ğŸš¶â€â™€ï¸ğŸš¶â€â™‚ï¸ğŸš¶ğŸš·How una see am? ğŸ¤·ğŸ¾â€â™‚ï¸",2406,1,2024-09-26T15:11:22.610084Z,4697,1.978,Normal,2024-09-26T15:11:22.610532Z
21/01/2023,361,"
APC supporters should be buying fuel for N50 per liter now!ğŸš¶â€â™€ï¸ğŸš¶â€â™‚ï¸ğŸš¶ğŸš·How una see am? ğŸ¤·ğŸ¾â€â™‚ï¸",2407,1,2024-09-26T15:11:26.689225Z,4698,0.458,Normal,2024-09-26T15:11:26.689225Z
21/01/2023,362,"
Why are they afraid of BVAS?ğŸ¤£ğŸ˜‚ğŸ¤£ğŸ¤£ğŸ˜‚ğŸ¤£",2408,1,2024-09-26T15:11:29.871086Z,4699,0.532,Normal,2024-09-26T15:11:29.871086Z
21/01/2023,363,"
Defeated 25yrs agoğŸ˜‚ğŸ¤£",2409,1,2024-09-26T15:11:33.653354Z,4700,0.589,Normal,2024-09-26T15:11:33.653354Z
21/01/2023,364,"
They are afraid!ğŸ˜‚ğŸ¤£ They know they have been buying crowdsâ€¦.. knowing fully well that 
@PeterObi
 Crowd is organic! They want to rigğŸ˜‚ğŸ¤£ğŸ˜‚ğŸ¤£ BVAS or nothing ğŸ¤ª",2410,1,2024-09-26T15:11:37.831297Z,4701,0.84,Normal,2024-09-26T15:11:37.831297Z
20/01/2023,365,"
â€œWe voted umbrella, it leaked. We voted broom, they swept us away, now itâ€™s time to vote human beings - Mama, Papa, Pikinâ€. Peter Obi on AY Live!",2411,1,2024-09-26T15:11:42.308035Z,4702,1.386,Normal,2024-09-26T15:11:42.308035Z
18/01/2023,366,"
We will never forget! Vote them out or continue suffering! Letâ€™s us all VOTE for 
@PeterObi
 OF 
@NgLabour
 âœŠğŸ¾",2412,1,2024-09-26T15:11:45.955856Z,4703,0.589,Normal,2024-09-26T15:11:45.955856Z
18/01/2023,367,"
Dear Nigerian citizens! Itâ€™s our turn through #ObiDatti They all know is no longer business as usual! It is 
@PeterObi
 of 
@NgLabour",2413,1,2024-09-26T15:11:49.920254Z,4704,0.687,Normal,2024-09-26T15:11:49.920254Z
17/01/2023,368,"
â€œThe boldness to keep saying I didn't steal public fund while in office is one of the reasons I will vote for Obi. If he did, we know they would have come for him with all they have. Our national wealth is safe with Peter Gregory Obi.â€ 
#VotePeterObiForPresident2023",2414,1,2024-09-26T15:11:58.490154Z,4705,5.718,Normal,2024-09-26T15:11:58.490154Z
16/01/2023,369,"
Peter obi is really stingy ğŸ™„ğŸ™„ğŸ™„ğŸ™„ He couldnâ€™t even share the questions ğŸ¤”ğŸ¤”ğŸ¤”ğŸ™„ 
@PeterObi
 #PeterObiInChathamHouse",2415,1,2024-09-26T15:12:02.272727Z,4706,0.634,Normal,2024-09-26T15:12:02.272727Z
17/01/2023,370,"
Pls what is Balablu Bulaba?",2416,1,2024-09-26T15:12:06.569319Z,4707,1.506,Offensive,2024-09-26T15:12:06.569319Z
16/01/2023,371,"
Keep cryingğŸ˜‚ğŸ¤£ğŸ˜‚ We dey Ball 247ğŸ˜‚",2417,1,2024-09-26T15:12:10.630731Z,4708,2.048,Offensive,2024-09-26T15:12:14.261050Z
16/01/2023,372,"
The difference is clear! 7UPğŸ’¯ğŸ‘ŒğŸ¾",2418,1,2024-09-26T15:12:17.940591Z,4709,0.956,Normal,2024-09-26T15:12:17.940591Z
16/01/2023,373,"
@PeterObi
 is really stingy ğŸ™„ğŸ™„ğŸ™„ğŸ™„ He couldnâ€™t even share the questions ğŸ¤”ğŸ¤”ğŸ¤”ğŸ™„ #PeterObiInChathamHouse",2419,1,2024-09-26T15:12:27.464985Z,4710,1.742,Normal,2024-09-26T15:12:27.464985Z
16/01/2023,374,"
@PeterObi
 passion for Nigeria is unmatched. This is the kind of president any country in the world deserves! #PeterObiInChathamHouse",2420,1,2024-09-26T15:12:31.561097Z,4711,0.735,Normal,2024-09-26T15:12:31.561097Z
16/01/2023,375,"
Swear downğŸ¤£ğŸ˜‚ğŸ¤£ğŸ˜‚ğŸ’¯",2421,1,2024-09-26T15:12:37.406296Z,4712,25.735,Indeterminate,2024-09-26T15:12:57.799430Z
13/01/2023,376,"
Stop Crying! â€¦. ğŸ¤£ğŸ˜‚ğŸ¤£ğŸ˜‚",2422,1,2024-09-26T15:13:04.677955Z,4713,9.55,Offensive,2024-09-26T15:13:04.677955Z
14/01/2023,377,"
Continue crying! This our success is really a pain in da a$$ğŸ˜‚ğŸ¤£ğŸ˜‚",2423,1,2024-09-26T15:13:08.874280Z,4714,0.727,Offensive,2024-09-26T15:13:08.874280Z
13/01/2023,378,"
Cos e Dey sweet me as e Dey pain demğŸ¤£ğŸ˜‚",2424,1,2024-09-26T15:13:12.754613Z,4715,0.551,Offensive,2024-09-26T15:13:12.754613Z
13/01/2023,379,"
In a little over 40 days time, You will have the chance to change your country forever or make it continue in the cesspit of dysfunctional turpitude. You have the power in your hands, GET your PVC and Vote!",2425,1,2024-09-26T15:13:19.926320Z,4716,3.42,Normal,2024-09-26T15:13:19.926320Z
12/01/2023,380,"
With 10 million Naira!
I challenge any one to screenshot a tweet where me or my twin insulted a whole region or tribe or even spot any ethnic bigotry statement. We are campaigning strongly for our Candidate without insulting any other candidate. Letâ€™s call a spade a spade!ğŸ“Œ",2426,1,2024-09-26T15:13:36.747988Z,4717,13.306,Normal,2024-09-26T15:13:36.747988Z
11/01/2023,381,"
Let it be on record that before the funded organised-crowd-rented rallies , citizens put resources together for Peter Obi rallies.
It was not started by a tribe or in the South East, it was started by Nigerians who  were/are tired of suffering.
VOTE 
@PeterObi
 
@NgLabour
 ğŸ—³ï¸ğŸ‡³ğŸ‡¬âœŠğŸ¾",2427,1,2024-09-26T15:13:52.515885Z,4718,10.667,Normal,2024-09-26T15:13:52.515885Z
11/01/2023,382,"
Nigeria will be free from bad leadership if we get it right this time  by collecting our PVC and Vote the right candidates! Lets prove to them that power belongs to the people! IT IS THE NIGERIA CITIZENS TURN! Lets not miss this opportunity! Vote 
@PeterObi
 & 
@NgLabour
 ğŸ—³ï¸ğŸ‡³ğŸ‡¬âœŠğŸ¾",2428,1,2024-09-26T15:14:02.186254Z,4719,6.713,Normal,2024-09-26T15:14:02.186254Z
08/01/2023,383,"
We r outspoken even when our colleagues are silent but we stood with the masses. Fighting for a better Nigeria. You can vote for who ever u like, it doesn't affect us or our music. Our Music today has gone global and selling out concert around the globe. Make una shine una eyes!",2429,1,2024-09-26T15:14:17.678267Z,4720,12.493,Normal,2024-09-26T15:14:17.678267Z
08/01/2023,384,"
An election that concerns 200million Nigerians and 120millions of them living in poverty! And some clowns are telling me to stay away from politics!ğŸ¤£ğŸ˜‚ğŸ¤£ shey you Dey ma ni?",2430,1,2024-09-26T15:14:27.381514Z,4721,6.816,Offensive,2024-09-26T15:14:27.381514Z
08/01/2023,385,"
Ode snap with El Rufai come open teeth like person wey win my Zoom LotteryğŸ¤£ğŸ˜‚ Do you even know how many millions of people that wished to take pictures with me on a daily? And your own Career is being â€œEl Rufia groopy ClownğŸ¤¡â€Clap for your selfğŸ‘ğŸ¾ Ewu Gambia ğŸ",2431,1,2024-09-26T15:19:29.969037Z,4722,10.209,Offensive,2024-09-26T15:19:29.969037Z
08/01/2023,386,"
People like this clown still think our music is buying and selling goods! We are Global and International now! We no longer have career! We are Iconic and Legendary! The world recognized us more now! P2 ended for over 6yrs and still came back and No career was ended! Ode! ğŸ˜‚ğŸ¤£ğŸ˜‚",2432,1,2024-09-26T15:19:35.396508Z,4723,1.58,Offensive,2024-09-26T15:19:35.396508Z
08/01/2023,387,"Swear down! NIGERIA HAS NEVER HAD IT THIS GOOD! letâ€™s take back our dear country NigeriağŸ‡³ğŸ‡¬ ! We deserve better! Vote 
@PeterObi
 & 
@NgLabour
 only! Cos Itâ€™s the Nigerian Citizens turn!ğŸ‘ŒğŸ¾",2433,1,2024-09-26T15:19:42.771532Z,4724,4.513,Normal,2024-09-26T15:19:42.771532Z
08/01/2023,388,"
Wait o! Just thinking out loud! APC trying to rescue APC! How?ğŸ¤®ğŸ˜« like are we that stupid?ğŸ¤·ğŸ¾â€â™‚ï¸ Dear Nigerian Youths, Letâ€™s take back our dear country and VOTE WISELY! Vote 
@PeterObi
 & 
@NgLabour",2434,1,2024-09-26T15:19:48.300664Z,4725,2.632,Offensive,2024-09-26T15:19:48.300664Z
07/01/2023,389,"
Vote wisely ğŸ§  Nigeria is very sick and very ill alreadyâ€¦and for those who decide to be tribal bigots by bringing tribal and ethnicity towards 2023..ask yourselves, where is Nigeria today? how did we get here ? Who are those that put us in these present mess ? Vote wisely ğŸ§ ",2435,1,2024-09-26T15:19:54.177086Z,4726,2.861,Offensive,2024-09-26T15:19:54.177086Z
05/01/2023,390,"
77 trillion debt?â€¦. Laugh laugh laugh again! Naija make una wake up! Vote wisely! ğŸ¤£ğŸ˜‚ğŸ¤£",2436,1,2024-09-26T15:20:01.475841Z,4727,4.282,Normal,2024-09-26T15:20:01.475841Z
04/01/2023,391,"
You better use your brain! Itâ€™s still new year. PURE SCAM!",2437,1,2024-09-26T15:20:05.783184Z,4728,1.252,Offensive,2024-09-26T15:20:05.783184Z
30/12/2022,392,"
You are trolling me and you still have the guts to send me your account details to help you! To do what exactly with the money? To buy more data to continue trolling me and other people? You will die broke! Idiot! We move! Happy New Broke years in advance! ğŸ¤®ğŸ‘ğŸ¾",2438,1,2024-09-26T15:20:15.005927Z,4729,6.082,Offensive,2024-09-26T15:20:15.005927Z
29/12/2022,393,"
ğŸ’°ğŸ’°ğŸ’°ğŸ’°ğŸ’°ğŸ’°ğŸ’°ğŸ’°ğŸ’°ğŸ’°ğŸ’°ğŸ’°They know that one! Na waiting dey pain dem! As e Dey sweet us!ğŸ˜‚ğŸ¤£ğŸ˜‚",2439,1,2024-09-26T15:20:23.515073Z,4730,4.754,Normal,2024-09-26T15:20:23.515073Z
18/12/2022,394,"
Who are you? Who are you? Who are you? Nobody knows you! Remain unknown!ğŸ¤ª",2440,1,2024-09-26T15:20:27.279997Z,4731,0.461,Offensive,2024-09-26T15:20:27.279997Z
16/12/2022,395,"
Una see person dey answer â€œRUDE BOYâ€ una come get mind dey troll am! Now him don dey feature una for him IG story!ğŸ™†ğŸ½â€â™‚ï¸ğŸ¤¦ğŸ½â€â™‚ï¸ğŸ˜©ğŸ˜«",2441,1,2024-09-26T15:20:35.770566Z,4732,5.239,Normal,2024-09-26T15:20:35.770566Z
07/12/2022,396,"
Thank you ğŸ‘ğŸ¾ loud it! They are looking for who to blame for there selfishness and stupidness! ğŸ‘ğŸ¾",2442,1,2024-09-26T15:20:40.196315Z,4733,2.114,Offensive,2024-09-26T15:20:46.107098Z
07/12/2022,397,"
Been bothered! Reported the situation to the authorities and made some arrest and even stopped hosting it every Saturday for the last 2yrs now! But annoying part is that this fraudsters call it Zoom Giveawayâ€ but the victims are the ones giving away there hard earned money! Shame",2443,1,2024-09-26T15:21:02.693308Z,4734,13.209,Normal,2024-09-26T15:21:02.693308Z
23/11/2022,398,"
Person wey never make am the compare people way donâ€™t make am for life! ğŸ¤®ğŸ«¢ğŸ«£ğŸ¤­ Continue Dey measure people Career,wealth and success and liv your own behind! Since you get sense! ğŸ˜·ğŸ¤",2444,1,2024-09-26T15:21:23.156358Z,4735,17.437,Offensive,2024-09-26T15:21:23.156358Z
23/11/2022,399,"
What about 
MULTI-LIPICATIONS and BULABA ? Continue trying harder to explain! Una get time aswearğŸ˜‚",2445,1,2024-09-26T15:21:29.086743Z,4736,1.832,Offensive,2024-09-26T15:21:29.086743Z
23/11/2022,400,"
Eiya! They are even trying so hard to explain!ğŸ¤®ğŸ¤£ğŸ˜‚ğŸ¤£ğŸ¤£",2446,1,2024-09-26T15:21:33.146396Z,4737,1.03,Normal,2024-09-26T15:21:33.146396Z
