Date,Tweets,S/N,annotation_id,annotator,created_at,id,lead_time,sentiment,updated_at
07/06/2024,We made it! Thank you BORN IN THE WILD OUT NOW,1,2447,1,2024-10-01T10:26:46.120853Z,5337,30.214,Normal,2024-10-01T10:26:46.120853Z
26/07/2024,"Miami, thank you!",2,2448,1,2024-10-01T10:26:50.470999Z,5338,0.814,Normal,2024-10-01T10:26:50.470999Z
25/08/2024,It’s officially “I will wait” now though I just thought it was funny af,3,2449,1,2024-10-01T10:26:59.073373Z,5339,5.405,Normal,2024-10-01T10:26:59.073373Z
27/08/2024,You’re too fine!??????,4,2450,1,2024-10-01T10:27:04.635462Z,5340,2.553,Normal,2024-10-01T10:27:04.635462Z
25/08/2024,Maybe now it’s time for me to confess that it was always “I won’t wait for you” but I sang it in a British accent ?? so it came out as “wun” ??,5,2451,1,2024-10-01T10:27:16.405559Z,5341,5.416,Normal,2024-10-01T10:27:16.405559Z
21/08/2024,"Very Mindful, Very Tems, Very ESSENCE?",6,2452,1,2024-10-01T10:27:21.063786Z,5342,1.467,Normal,2024-10-01T10:27:21.063786Z
20/08/2024,US TOUR begins Thursday!! See you soon Miami!!????????,7,2453,1,2024-10-01T10:27:24.514601Z,5343,0.659,Normal,2024-10-01T10:27:24.514601Z
01/08/2024,"Out of respect for the on going protest at home????, I have decided to postpone the release of Burning music video. Praying for the safety of those outside at this time. 
May the voice of the people be heard?????",8,2454,1,2024-10-01T10:27:30.783460Z,5344,3.344,Normal,2024-10-01T10:27:30.783460Z
21/07/2024,I’m so excited to be in Barbados!!! ????????????,9,2455,1,2024-10-01T10:27:37.418731Z,5345,0.736,Normal,2024-10-01T10:27:37.418731Z
12/07/2024,Until next time Germany! ?????,10,2456,1,2024-10-01T10:27:41.089165Z,5346,0.623,Normal,2024-10-01T10:27:41.089165Z
07/07/2024,Oslo! I love you ???????,11,2457,1,2024-10-01T10:27:45.333977Z,5347,0.758,Normal,2024-10-01T10:27:45.333977Z
02/07/2024,HE HE HE HE HE HE!!,12,2458,1,2024-10-01T10:27:49.404517Z,5348,0.841,Normal,2024-10-01T10:27:49.404517Z
21/06/2024,"Thank you for having me boo, I had the best time!!????",13,2459,1,2024-10-01T10:27:52.935728Z,5349,0.601,Normal,2024-10-01T10:27:52.935728Z
19/06/2024,"
LV Level 10 ?????",14,2460,1,2024-10-01T10:27:56.406843Z,5350,0.664,Normal,2024-10-01T10:27:56.406843Z
16/06/2024,"
Girl oh Girl ????????????",15,2461,1,2024-10-01T10:27:59.949562Z,5351,0.523,Normal,2024-10-01T10:27:59.949562Z
15/06/2024,"
FLOMAR!! I LOVE YOU?????????????????",16,2462,1,2024-10-01T10:28:02.944847Z,5352,0.556,Normal,2024-10-01T10:28:02.944847Z
14/06/2024,"
Wickedest! ??????????",17,2463,1,2024-10-01T10:28:06.363710Z,5353,0.493,Normal,2024-10-01T10:28:06.363710Z
14/06/2024,"
Sometimes I want to Strangle youuu??",18,2464,1,2024-10-01T10:28:10.060219Z,5354,0.632,Offensive,2024-10-01T10:28:10.060219Z
12/06/2024,"
Day 1- LONDON ??",19,2465,1,2024-10-01T10:28:13.754442Z,5355,0.572,Normal,2024-10-01T10:28:13.754442Z
10/06/2024,"
BURNING…???????????????",20,2466,1,2024-10-01T10:28:17.053573Z,5356,0.555,Normal,2024-10-01T10:28:17.053573Z
10/06/2024,"
What’s songs are the Gang feeling for the shows? I wanna knowww????????",21,2467,1,2024-10-01T10:28:22.106784Z,5357,0.8,Normal,2024-10-01T10:28:22.106784Z
10/06/2024,"
They really got me performing on my birthday??????????????
Spending it with all of you tomorrow!??",22,2468,1,2024-10-01T10:28:25.679343Z,5358,0.861,Normal,2024-10-01T10:28:25.679343Z
07/06/2024,"
GANGSTA- Track 8 #Borninthewild ??",23,2469,1,2024-10-01T10:28:29.407315Z,5359,0.936,Normal,2024-10-01T10:28:29.407315Z
07/06/2024,FRR!! Thank you so much baby girl!!,24,2470,1,2024-10-01T10:28:33.519370Z,5360,0.988,Normal,2024-10-01T10:28:33.519370Z
06/06/2024,Last day at the No album waiting roommm,26,2472,1,2024-10-01T10:28:40.380893Z,5362,0.563,Normal,2024-10-01T10:28:40.380893Z
02/06/2024,"

Really enjoyed hanging out with you girl??
Love you too! Thank you???????????",27,2473,1,2024-10-01T10:28:43.742726Z,5363,0.49,Normal,2024-10-01T10:28:43.742726Z
01/06/2024,"
@korty_EO
I cant remember a single thing ??????. if you hear anything crazy, it’s not me it’s my clone!!",28,2474,1,2024-10-01T10:28:48.175873Z,5364,1.274,Normal,2024-10-01T10:28:48.175873Z
01/06/2024,Don’t fold!! I love it,30,2476,1,2024-10-01T10:28:56.613350Z,5366,0.683,Normal,2024-10-01T10:28:56.613350Z
31/05/2024,"
A Starrrr indeed! it’s INCREDIBLE!
Congratulations sweetest girl!! 
@ayrastarr

“I don fall in loveee”????????????",31,2477,1,2024-10-01T10:28:59.961307Z,5367,0.621,Normal,2024-10-01T10:28:59.961307Z
24/05/2024,"
@ameliadimz
took me on a date and I really enjoyed myself ??????? Chicken shop date out now????",32,2478,1,2024-10-01T10:29:04.207066Z,5368,1.12,Normal,2024-10-01T10:29:04.207066Z
23/05/2024,"
It only works if you trust God wholeheartedly. #BORNINTHEWILD???",33,2479,1,2024-10-01T10:29:08.429672Z,5369,0.918,Normal,2024-10-01T10:29:08.429672Z
23/05/2024,"
Had to borrow my mums office clothes??
The shoe??????????????",34,2480,1,2024-10-01T10:29:11.948897Z,5370,0.555,Normal,2024-10-01T10:29:11.948897Z
16/05/2024,"
My first child. Look at you now",35,2481,1,2024-10-01T10:29:15.442311Z,5371,0.637,Normal,2024-10-01T10:29:15.442311Z
10/05/2024,"

Omg this made my day! Miss ma’am!!Imma need to send names to 
@IAmDonawon
right now. 3 tix for you! Love you??????
See you real soon",36,2482,1,2024-10-01T10:29:20.983867Z,5372,2.168,Normal,2024-10-01T10:29:20.983867Z
10/05/2024,"
This is my most special moment. Everything I have I put into this. Thank you all so much for believing in me. 
BORN IN THE WILD. JUNE 7th ??????",37,2483,1,2024-10-01T10:29:24.254313Z,5373,0.698,Normal,2024-10-01T10:29:24.254313Z
09/05/2024,"
God is the Greatest.",38,2484,1,2024-10-01T10:29:28.065894Z,5374,0.606,Normal,2024-10-01T10:29:28.065894Z
09/05/2024,"May 9 
This might be the greatest thing I ever did. Might be the last thing. Whatever happens I accept. 
Thank you to everyone that still believes in me. For being patient. I’m thinking of you. I’m only coming for mine and nothing else?????",39,2485,1,2024-10-01T10:29:41.800064Z,5375,0.673,Normal,2024-10-01T10:29:41.800064Z
09/05/2024,"
Finally learning to trust with this my coconut head?",40,2486,1,2024-10-01T10:29:48.871053Z,5376,4.281,Normal,2024-10-01T10:29:48.871053Z
04/05/2024,"

Tbh the responses for Love me Jeje have been shocking!! Im feeling so much love I didn’t expect for this song. I’m so excited for this albummm!!?????????",41,2487,1,2024-10-01T10:29:52.806415Z,5377,1.146,Normal,2024-10-01T10:29:52.806415Z
04/05/2024,"
Beautiful!!!???????????????",42,2488,1,2024-10-01T10:29:56.051678Z,5378,0.628,Normal,2024-10-01T10:29:56.051678Z
03/05/2024,"
LOVE ME JEJE OFFICIAL VIDEO OUT NOW ????? ??",43,2489,1,2024-10-01T10:29:59.351163Z,5379,0.759,Normal,2024-10-01T10:29:59.351163Z
02/05/2024,"
Damn I look like that fr??",44,2490,1,2024-10-01T10:30:02.994078Z,5380,0.732,Normal,2024-10-01T10:30:02.994078Z
29/04/2024,"
I’M ON YOUR WAVE RIGHT NOWWW??",45,2491,1,2024-10-01T10:30:06.662569Z,5381,0.487,Normal,2024-10-01T10:30:06.662569Z
15/04/2024,"
Coachella! I’m too exciteddd
I have a surprise tonight ???????",46,2492,1,2024-10-01T10:30:10.838532Z,5382,0.692,Normal,2024-10-01T10:30:10.838532Z
22/03/2024,"
CONGRATULATIONS SUPERSTAR!!! 
Da HEAT OFF THIS??!Sheeesh?????????",47,2493,1,2024-10-01T10:30:17.702425Z,5383,0.667,Normal,2024-10-01T10:30:17.702425Z
20/01/2024,"
On est Là?",48,2494,1,2024-10-01T10:30:21.771649Z,5384,0.787,Normal,2024-10-01T10:30:21.771649Z
19/01/2024,"

It is well.",49,2495,1,2024-10-01T10:30:26.775982Z,5385,0.625,Normal,2024-10-01T10:30:26.775982Z
17/01/2024,"
Coachella’24 ???????",50,2496,1,2024-10-01T10:30:31.264072Z,5386,0.811,Normal,2024-10-01T10:30:31.264072Z
19/01/2024,"
I LOVE THIS STORY. Look at the phrasing. Magnificent.",51,2497,1,2024-10-01T10:30:36.120690Z,5387,0.693,Normal,2024-10-01T10:30:36.120690Z
05/01/2024,"

So cute!??",52,2498,1,2024-10-01T10:30:41.577563Z,5388,0.682,Normal,2024-10-01T10:30:41.577563Z
05/01/2024,"

Celebrating all my wins this year, doing my little dance for everything, big, small, up and down. Cuz Jesus has done so much for my life. All glory to the Most High????",53,2499,1,2024-10-01T10:34:54.369006Z,5389,2.286,Normal,2024-10-01T10:35:09.013916Z
02/01/2024,"
HAPPY NEW YEAR?????",54,2500,1,2024-10-01T10:35:01.973950Z,5390,5.132,Normal,2024-10-01T10:35:01.973950Z
31/12/2024,Bruh Why am I excited I don’t even know. Thank you Lord!,55,2501,1,2024-10-01T10:35:14.331587Z,5391,1.05,Normal,2024-10-01T10:35:14.331587Z
31/12/2024,"
All these games I’m done playing.",56,2502,1,2024-10-01T10:35:22.365396Z,5392,9.253,Normal,2024-10-01T10:35:34.686359Z
31/12/2024,"
Lessons all through this year. Lessons on Lessons that have turned into blessings.",57,2503,1,2024-10-01T10:35:48.451016Z,5393,3.051,Normal,2024-10-01T10:35:48.451016Z
12/12/2024,"
Going live now in Lagos on 
@THEBEAT999FM
. Also live on my IG so Tune in!!???",58,2504,1,2024-10-01T10:36:04.139088Z,5394,1.74,Normal,2024-10-01T10:36:04.139088Z
11/12/2024,"
Feeling blessed to be home!!?????",59,2505,1,2024-10-01T10:36:11.030155Z,5395,0.808,Normal,2024-10-01T10:36:11.030155Z
09/12/2024,"

NOT AN ANGEL",60,2506,1,2024-10-01T10:36:15.546125Z,5396,0.757,Normal,2024-10-01T10:36:15.547130Z
24/11/2024,"
Excuse me? LET TEMS BREATHE",61,2507,1,2024-10-01T10:36:20.489787Z,5397,0.877,Normal,2024-10-01T10:36:20.489787Z
21/11/2024,"
So??…. Ready for new music?",62,2508,1,2024-10-01T10:36:25.162305Z,5398,0.806,Normal,2024-10-01T10:36:25.162305Z
21/11/2024,"
Burberry gyalll ?????????",63,2509,1,2024-10-01T10:36:31.040046Z,5399,1.757,Normal,2024-10-01T10:36:31.040046Z
20/11/2024,"
Hm I’m going offff once this LP is out.",64,2510,1,2024-10-01T10:36:41.810891Z,5400,4.863,Normal,2024-10-01T10:36:41.810891Z
20/11/2024,"
I’m a maniac who loves peace of mind.",65,2511,1,2024-10-01T10:36:46.742291Z,5401,2.843,Normal,2024-10-01T10:36:52.358277Z
18/11/2024,"
I want to say my mind, but you always take me so seriously.",66,2512,1,2024-10-01T10:36:56.901098Z,5402,0.941,Normal,2024-10-01T10:36:56.901098Z
10/11/2024,"

Omo see baby fat!",67,2513,1,2024-10-01T10:37:02.132225Z,5403,1.27,Normal,2024-10-01T10:37:02.132225Z
10/11/2024,"
Seeing these girlies win is actually everything because they work so hard and they believed! I’m so happy and proud rn, a huge congratulations 
So well deserved. More is coming!! 
@ayrastarr

@Tyllaaaaaaa",68,2514,1,2024-10-01T10:37:08.634588Z,5404,1.903,Normal,2024-10-01T10:37:08.634588Z
10/11/2024,"
What is sleep atp",69,2515,1,2024-10-01T10:37:15.040896Z,5405,0.969,Normal,2024-10-01T10:37:15.040896Z
10/11/2024,"
Changed our lives forever. His healing power and His saving grace. They don’t know but be acting like they do.
I can’t keep quiet about it!!",70,2516,1,2024-10-01T10:37:23.872832Z,5406,3.944,Normal,2024-10-01T10:37:23.872832Z
07/11/2024,"
Face your front Era?",71,2517,1,2024-10-01T10:37:27.981903Z,5407,0.796,Offensive,2024-10-01T10:37:27.981903Z
23/10/2024,"
Cheeeiii???????? nahh this my dream girl!! How can I find herrrrr ????????",72,2518,1,2024-10-01T10:37:36.094602Z,5408,3.476,Normal,2024-10-01T10:37:36.094602Z
13/06/2016,"
Bad belle is an evil spirit",73,2519,1,2024-10-01T10:37:40.770543Z,5409,1.321,Offensive,2024-10-01T10:37:40.770543Z
15/06/2016,"
Never Doubt God. Never doubt yourself. You can doubt anything else",74,2520,1,2024-10-01T10:37:49.519147Z,5410,3.988,Normal,2024-10-01T10:37:49.519147Z
29/06/2016,"
Whenever you think about the amazing friends you have. Just remember. That's God. Thank Him. He blessed your life with them on purpose.",75,2521,1,2024-10-01T10:37:55.376755Z,5411,1.582,Normal,2024-10-01T10:37:55.377757Z
16/10/2017,"
'God will keep exposing you to difficult situations because He knows it's the only way your faith will grow'",76,2522,1,2024-10-01T10:38:05.281533Z,5412,5.689,Normal,2024-10-01T10:38:05.281533Z
19/10/2017,"
God shows you in many ways, that what you think is so important, really isn’t and what you might think isnt, truly is.",77,2523,1,2024-10-01T10:38:22.261393Z,5413,13.494,Normal,2024-10-01T10:38:22.261393Z
19/10/2017,"

It’s not you win some you lose some, it’s you win one you lose everything else, only the strong survive the constant beat down that is life",78,2524,1,2024-10-01T10:38:40.922736Z,5414,12.684,Normal,2024-10-01T10:38:40.922736Z
22/02/2018,"Feb 22, 2018
Through honour and dishonour, slander and praise. We are treated as impostors, and yet are true; As unknown and yet well known, as dying and behold we live. As punished and yet, not killed.",79,2525,1,2024-10-01T10:39:21.945243Z,5415,37.053,Normal,2024-10-01T10:39:21.945243Z
07/05/2018,"May 7, 2018 
The Word of God is the guide.",80,2526,1,2024-10-01T10:39:25.658511Z,5416,0.61,Normal,2024-10-01T10:39:25.658511Z
03/05/2018,"
How do you break out of liking your own company and spending time with yourself",81,2527,1,2024-10-01T10:39:29.735652Z,5417,1.001,Normal,2024-10-01T10:39:29.735652Z
25/04/2018,"
God is so amazing, it’s marvellous to look back and realise there’s nothing I’ve needed that God hasn’t provided, even when I thought I wouldn’t make it, I did. There’s absolutely no reason to doubt, when God is behind you, believe it, There’s nothing in life that you CANT do.",82,2528,1,2024-10-01T10:39:35.580735Z,5418,1.422,Normal,2024-10-01T10:39:35.580735Z
03/05/2018,"
Anytime someone asks how I stay alone almost always, I don’t really think it’s such a big deal. And then one day I speak to some person and I feel like the loneliest girl in life. And I realise how much I’ve missed, with my friends, my family, my relationships",83,2529,1,2024-10-01T10:39:44.138099Z,5419,4.482,Normal,2024-10-01T10:39:44.138099Z
05/07/2018,"
The Word of God is the guide.",84,2530,1,2024-10-01T10:39:48.214939Z,5420,0.652,Normal,2024-10-01T10:39:48.215940Z
08/08/2018,People are so quick to tell everyone else what they need.,85,2531,1,2024-10-01T10:39:52.240479Z,5421,0.888,Normal,2024-10-01T10:39:52.240479Z
08/08/2018,"
It’s never too late to be Great.",86,2532,1,2024-10-01T10:39:56.178967Z,5422,0.867,Normal,2024-10-01T10:39:56.178967Z
09/08/2018,"
With no food in my stomach ??",87,2533,1,2024-10-01T10:40:00.596035Z,5423,0.709,Normal,2024-10-01T10:40:00.596035Z
"29/8/2018
","
The end of a matter is better than its beginning, and patience is better than pride.",88,2534,1,2024-10-01T10:40:04.159594Z,5424,0.655,Normal,2024-10-01T10:40:04.159594Z
"29/8/2018
","
Wisdom is a shelter as money is a shelter, but the advantage of knowledge is this: Wisdom preserves those who have it.",89,2535,1,2024-10-01T10:40:09.315924Z,5425,1.418,Normal,2024-10-01T10:40:09.315924Z
12/01/2019,"
Thank God for my life, I have nothing to worry about. Fear is an illusion.",90,2536,1,2024-10-01T10:40:13.719794Z,5426,1.008,Normal,2024-10-01T10:40:13.719794Z
26/01/2019,"
I’m just waiting to be 30 on paper but I’ve been there for a while now.",91,2537,1,2024-10-01T10:40:21.740238Z,5427,1.559,Normal,2024-10-01T10:40:21.740238Z
01/02/2019,"

I promise you even if I went to hide under a rock, trouble must find a way to crawl under there to be looking at me",92,2538,1,2024-10-01T10:40:31.157083Z,5428,3.649,Normal,2024-10-01T10:40:31.157083Z
17/02/2019,"
They say they care so much but do so little and expect so much.",93,2539,1,2024-10-01T10:40:35.952662Z,5429,1.201,Normal,2024-10-01T10:40:35.952662Z
30/04/2019,"
I’m already flying, don’t watch me, join me.",94,2540,1,2024-10-01T10:40:40.426806Z,5430,1.2,Normal,2024-10-01T10:40:40.426806Z
09/07/2017,"

I danced so carelessly for the first time in my life yesterday.
Fortunately the witnesses at scene decided not to press charges ??",95,2541,1,2024-10-01T10:40:47.670102Z,5431,1.875,Normal,2024-10-01T10:40:47.670102Z
02/08/2019,"
Being greatly misunderstood is part of the price you pay, and there not much you can do about it except be yourself, do your thing.",96,2542,1,2024-10-01T10:40:52.879442Z,5432,1.868,Normal,2024-10-01T10:40:52.879442Z
15/10/2023,"
Only me baybee???",97,2543,1,2024-10-01T10:40:56.858669Z,5433,0.725,Normal,2024-10-01T10:40:56.859637Z
15/10/2023,"
Only me baybee???",98,2544,1,2024-10-01T10:41:00.362004Z,5434,0.711,Normal,2024-10-01T10:41:00.362004Z
15/10/2023,"
Thank you Promiseland! ????",99,2545,1,2024-10-01T10:41:03.940094Z,5435,0.732,Normal,2024-10-01T10:41:03.940094Z
30/09/2023,"
Don’t get it twisted that’s all??????",100,2546,1,2024-10-01T10:41:08.219442Z,5436,1.368,Normal,2024-10-01T10:41:08.219442Z
30/09/2023,"Actually it’s about Jesus Christ teaching me how to walk on water, to trust Him and not in human understanding. 
He changed my life. And if you seek Him He will fill you up too. 
He is the Lord of Lords. 
The word of God, made flesh 
I am His sheep. He is my Shepherd. 
And I have been forever transformed. 
I am His forever. THATS JUST ME DOE",101,2547,1,2024-10-01T10:41:11.854705Z,5437,0.669,Normal,2024-10-01T10:41:11.854705Z
30/09/2023,"
Nothing like learning to trust God’s way.",102,2548,1,2024-10-01T10:41:19.388546Z,5438,3.638,Normal,2024-10-01T10:41:19.388546Z
27/09/2023,"
Moments like these??????",103,2549,1,2024-10-01T10:41:22.987596Z,5439,4.619,Normal,2024-10-01T10:41:28.978100Z
27/09/2023,"
Feeling like a Damond!!??
Love you so much Sydney! ??????????",104,2550,1,2024-10-01T10:41:33.081576Z,5440,1.104,Normal,2024-10-01T10:41:33.081576Z
25/09/2023,"
Three years ago today, I released my first EP. One that truly transformed my life. I’m so happy to launch ‘For Broken Ears’ Vinyl bundle on http://leadingvibe.com. Thank you for all your enormous love??",105,2551,1,2024-10-01T10:41:39.860642Z,5441,3.406,Normal,2024-10-01T10:41:39.860642Z
25/09/2023,"
Till next time my amazing SA!! ??????????",106,2552,1,2024-10-01T10:41:45.834461Z,5442,2.709,Normal,2024-10-01T10:41:45.834461Z
21/09/2023,"
Y’all are dumb I swear",107,2553,1,2024-10-01T10:41:50.316059Z,5443,1.537,Offensive,2024-10-01T10:41:50.316059Z
22/09/2023,"
Lmao bruh what the hell is going on in this place",108,2554,1,2024-10-01T10:41:53.906809Z,5444,0.603,Offensive,2024-10-01T10:41:53.906809Z
22/09/2023,"
RIP Mohbad, you WILL get the justice you deserve ??",109,2555,1,2024-10-01T10:41:57.704057Z,5445,0.81,Normal,2024-10-01T10:41:57.704057Z
22/09/2023,"
In conclusion, you people are all mad!!!",110,2556,1,2024-10-01T10:42:01.615340Z,5446,0.664,Offensive,2024-10-01T10:42:01.615340Z
01/09/2023,"
Month of victory ??? #CoverGirl 
Thank you 
@ELLEUK
??",111,2557,1,2024-10-01T10:42:05.659724Z,5447,0.791,Normal,2024-10-01T10:42:05.659724Z
29/08/2023,"
FAKE NEWS!!!! Y’all are smelling fr, agenda must agend Eyama!!",112,2558,1,2024-10-01T10:42:09.928349Z,5448,1.026,Offensive,2024-10-01T10:42:09.928349Z
11/06/2023,"
So Grateful to the Lord for my life and for all my loved ones and my amazing rebel gang. 
Thank youuu????????????????????????????????",113,2559,1,2024-10-01T10:42:17.065829Z,5449,3.863,Normal,2024-10-01T10:42:17.065829Z
11/06/2023,"
Thank you for being an amazing Brother and friend, it’s for lifeee??????",114,2560,1,2024-10-01T10:42:20.627410Z,5450,0.722,Normal,2024-10-01T10:42:20.627410Z
10/06/2023,"
Before September??",115,2561,1,2024-10-01T10:42:24.627852Z,5451,0.668,Normal,2024-10-01T10:42:24.628861Z
05/06/2023,"
Where’s the album?!????",116,2562,1,2024-10-01T10:42:28.576259Z,5452,0.933,Normal,2024-10-01T10:42:28.576259Z
05/06/2023,"Thank you for being an amazing Brother and friend, it’s for lifeee??????",117,2563,1,2024-10-01T10:42:33.970079Z,5453,2.198,Normal,2024-10-01T10:42:33.970079Z
11/06/2023,"
Thank you for being an amazing Brother and friend, it’s for lifeee??????",118,2564,1,2024-10-01T10:42:38.201055Z,5454,1.069,Normal,2024-10-01T10:42:38.201055Z
10/06/2023,"
Before September??",119,2565,1,2024-10-01T10:42:43.693739Z,5455,1.304,Normal,2024-10-01T10:42:43.693739Z
13/03/2023,"

Oops.??",120,2566,1,2024-10-01T10:42:50.484337Z,5456,2.967,Indeterminate,2024-10-01T10:42:50.484337Z
14/02/2023,"
Happy Valentine’s Day baby!?????????",121,2567,1,2024-10-01T10:42:54.223884Z,5457,0.656,Normal,2024-10-01T10:42:54.223884Z
08/02/2023,"
To everyone one that has been supporting me still. Through everything, please know I don’t take it for granted. 
I truly appreciate it, the love has been too too much. 
Thank you so much Rebel Gang.
We up very soon???",122,2568,1,2024-10-01T10:43:00.168735Z,5458,1.513,Normal,2024-10-01T10:43:00.168735Z
08/02/2023,"
What God has done for me, I can’t even speak. All the glory really belongs to Him.",123,2569,1,2024-10-01T10:43:04.807579Z,5459,1.102,Normal,2024-10-01T10:43:04.807579Z
19/01/2023,"
You know it’s a wrap when I start laughing ??????????",124,2570,1,2024-10-01T10:43:08.922809Z,5460,0.841,Normal,2024-10-01T10:43:08.922809Z
19/01/2023,"
New year, real me?",125,2571,1,2024-10-01T10:43:12.576663Z,5461,0.824,Normal,2024-10-01T10:43:12.576663Z
19/01/2023,"
How you know you tha ?? is when you attract the all the ??’s.
It don’t take too long for a GOAT to recognise another GOAT. 
But the sheep, they always blind af.",126,2572,1,2024-10-01T10:43:26.665712Z,5462,10.209,Normal,2024-10-01T10:43:26.665712Z
21/12/2022,"
Come again next year, it’s an annual P!??",127,2573,1,2024-10-01T10:43:31.145810Z,5463,0.696,Normal,2024-10-01T10:43:31.145810Z
20/12/2022,"
Thank you so much, I can’t wait!! 
See yah tomorrowww??????",128,2574,1,2024-10-01T10:43:35.477904Z,5464,0.723,Normal,2024-10-01T10:43:35.477904Z
20/12/2022,"
This is the Sale of the Year!! 
Join me Tomorrow!
I am giving up my ENTIRE WARDROBE collection. My boots, my bags my glasses, caps going for ridiculous prices! Also there will be a raffle pot of 1 million Naira at the venue.
Register Neow!???????",129,2575,1,2024-10-01T10:43:40.248215Z,5465,0.96,Normal,2024-10-01T10:43:40.248215Z
20/12/2022,"
Presently, the house has 15 children between ages 1 to 16, with almost all of them in either primary or secondary school.

And I want to be part of advancing the standard of living for these children.",130,2576,1,2024-10-01T10:43:50.208897Z,5466,6.856,Normal,2024-10-01T10:43:50.208897Z
20/12/2022,"
For these two organisations I am putting on something I feel so excited about.",131,2577,1,2024-10-01T10:43:54.153618Z,5467,0.877,Normal,2024-10-01T10:43:54.153618Z
20/12/2022,"

Another organisation that this event is raising funds for is the Margaret Garba Ohiani Orphanage/Less Privileged Home, is located in Lokoja Kogi State. The Orphanage was established in 2004 by Late Mrs Margaret Garba Ohiani, who died some few years ago.",132,2578,1,2024-10-01T10:44:00.583927Z,5468,1.094,Normal,2024-10-01T10:44:00.583927Z
12/12/2022,"
My God!! this one is too much??",133,2579,1,2024-10-01T10:44:04.745834Z,5469,1.215,Normal,2024-10-01T10:44:04.745834Z
11/12/2022,"
South Africa???? I love you all so much!
Can’t wait to come back again and see ALL of you ??",134,2580,1,2024-10-01T10:44:09.090080Z,5470,1.045,Normal,2024-10-01T10:44:09.091080Z
11/11/2022,"
South Africa, see you soon??????",135,2581,1,2024-10-01T10:44:14.352167Z,5471,1.12,Normal,2024-10-01T10:44:14.352167Z
20/11/2022,"
Egbon Adugbo????",136,2582,1,2024-10-01T10:44:17.972100Z,5472,0.805,Offensive,2024-10-01T10:44:17.972100Z
19/11/2022,"
Next Year! ????",137,2583,1,2024-10-01T10:44:21.597013Z,5473,0.693,Normal,2024-10-01T10:44:21.597013Z
17/11/2022,"
I wonder if they noticed yet ??",138,2584,1,2024-10-01T10:44:25.958583Z,5474,0.947,Normal,2024-10-01T10:44:25.958583Z
16/11/2022,"
Abuja this December!???",139,2585,1,2024-10-01T10:44:29.810402Z,5475,0.813,Normal,2024-10-01T10:44:29.810402Z
30/10/2022,"Being productive is not about activity but intelligence in your labour. 
It is not by appearance but diligence and patience that everything will make sense only after it has been manifested.",140,2586,1,2024-10-01T10:44:33.883707Z,5476,0.773,Normal,2024-10-01T10:44:33.883707Z
29/10/2022,"
I WILL DRINK YOUR TEARS.",141,2587,1,2024-10-01T10:44:38.725638Z,5477,0.841,Offensive,2024-10-01T10:44:38.725638Z
15/10/2022,"
Love always ??",142,2588,1,2024-10-01T10:44:42.657861Z,5478,0.709,Normal,2024-10-01T10:44:42.657861Z
04/10/2022,"
Natural-born killer??",143,2589,1,2024-10-01T10:44:46.638106Z,5479,0.825,Offensive,2024-10-01T10:44:46.638106Z
04/10/2022,"
It doesn’t matter what you do. 
You can’t have it.",144,2590,1,2024-10-01T10:50:01.320263Z,5480,310.492,Indeterminate,2024-10-01T10:50:01.320263Z
22/09/2022,"
Global citizen in Ghana!!!
Seee you soon??????",145,2591,1,2024-10-01T10:50:08.002721Z,5481,1.172,Normal,2024-10-01T10:50:08.002721Z
20/09/2022,"
Check yah dmss Sisss????",146,2592,1,2024-10-01T10:50:11.809976Z,5482,0.73,Normal,2024-10-01T10:50:11.809976Z
18/09/2022,"
Who is she??!??",147,2593,1,2024-10-01T10:50:15.797349Z,5483,1.365,Indeterminate,2024-10-01T10:50:15.797349Z
14/09/2022,"
New Wiz??????",148,2594,1,2024-10-01T10:50:19.377774Z,5484,0.689,Normal,2024-10-01T10:50:19.377774Z
08/09/2022,"
Hmmm Is it time? It’s not yet time.",149,2595,1,2024-10-01T10:50:23.174089Z,5485,1.041,Normal,2024-10-01T10:50:23.174089Z
08/09/2022,I AM FIVE (5) foot NINE (9) inches.,150,2596,1,2024-10-01T10:50:29.844605Z,5486,2.617,Normal,2024-10-01T10:50:29.844605Z
01/07/2022,"Thank you so much 
@bmi
????",151,2597,1,2024-10-01T10:50:34.129096Z,5487,2.044,Normal,2024-10-01T10:50:37.531986Z
30/08/2022,I love you guys I swear??????,152,2598,1,2024-10-01T10:50:42.561000Z,5488,1.214,Normal,2024-10-01T10:50:42.562000Z
30/08/2022,Hm! How you take know?,153,2599,1,2024-10-01T10:50:46.772069Z,5489,0.893,Normal,2024-10-01T10:50:46.772069Z
30/08/2022,E DEY RUSHHH??,154,2600,1,2024-10-01T10:50:51.100026Z,5490,0.888,Normal,2024-10-01T10:50:51.100026Z
30/08/2022,"WOW Who knew when I wrote this song I was making history. Now it is timeless.
God’s doing!! All the glory in the world belongs to Him",155,2601,1,2024-10-01T10:50:57.040146Z,5491,1.011,Normal,2024-10-01T10:50:57.040146Z
30/08/2022,I just I love it with my life.,156,2602,1,2024-10-01T10:51:02.088448Z,5492,1.388,Normal,2024-10-01T10:51:02.088448Z
30/08/2022,"My people dem, I missed you so much
I was cooking, the musik carry me where I kno no??",157,2603,1,2024-10-01T10:51:08.057151Z,5493,0.985,Normal,2024-10-01T10:51:08.057151Z
30/08/2022,Ehem is this thang still wokin ??,158,2604,1,2024-10-01T10:51:12.710701Z,5494,1.268,Normal,2024-10-01T10:51:12.710701Z
31/07/2022,"Jul 31, 2022 
Nairobi kenya , I'll be coming very soon ??????",159,2605,1,2024-10-01T10:51:16.262236Z,5495,0.737,Normal,2024-10-01T10:51:16.262236Z
31/07/2022,"Love you London, Thank you???",160,2606,1,2024-10-01T10:51:20.423653Z,5496,0.695,Normal,2024-10-01T10:51:20.423653Z
30/07/2022,Beast in Tems clothing?,161,2607,1,2024-10-01T10:51:24.435633Z,5497,0.834,Normal,2024-10-01T10:51:24.435633Z
22/07/2022,My heart fgs ?????,162,2608,1,2024-10-01T10:51:28.163971Z,5498,0.628,Normal,2024-10-01T10:51:28.163971Z
21/07/2022,Don’t be deceived??,163,2609,1,2024-10-01T10:51:32.687667Z,5499,0.903,Normal,2024-10-01T10:51:32.687667Z
19/07/2022,Bring your bikinis! It’s gonna be hawt???,164,2610,1,2024-10-01T10:51:36.754537Z,5500,0.823,Normal,2024-10-01T10:51:36.754537Z
09/07/2022,"God said “more than you can ever imagine x 100”

I LOVE YOU ALL, ITS FOR LIFE.",165,2611,1,2024-10-01T10:51:41.286193Z,5501,1.028,Normal,2024-10-01T10:51:41.286193Z
07/07/2022,Goise Please Never forget: We are all Mad???,166,2612,1,2024-10-01T10:51:47.915435Z,5502,4.978,Offensive,2024-10-01T10:51:53.834126Z
07/07/2022,"Btw I never stopped producing. I just wasn’t ready to share it. I told 
@GuiltyBeatz
give me all the beats that I will NEVER do in this life. And the result was IF ORANGE WAS A PLACE. 

My Debut Album is packed with my production. And I’m 100x better than I was 3 years ago.",167,2613,1,2024-10-01T10:51:59.112640Z,5503,0.982,Normal,2024-10-01T10:51:59.112640Z
07/07/2022,"
Where I made FOR BROKEN EARS.",168,2614,1,2024-10-01T10:52:05.762628Z,5504,3.541,Indeterminate,2024-10-01T10:52:05.762628Z
07/07/2022,"
Trenches is a real place.",169,2615,1,2024-10-01T10:52:09.501317Z,5505,0.724,Normal,2024-10-01T10:52:09.501317Z
07/07/2022,"
Good morning to my beautiful baes all over de worl, how you deyyyyy???????",170,2616,1,2024-10-01T10:52:17.478665Z,5506,1.299,Normal,2024-10-01T10:52:17.478665Z
28/06/2022,"I’m taking today to appreciate alll the Sisters today. Thank you for existing, thank you for deciding to get up and do something because someone saw that and became inspired by it. 
@Asa_official 

@Omawumi 

@TiwaSavage 

@yemialadee 

@OfficialWaje 

@SympLySimi 

@OfficialNiniola",171,2617,1,2024-10-01T10:52:21.726170Z,5507,0.857,Normal,2024-10-01T10:52:21.726170Z
28/06/2022,"@amaarae

@Gyakie_

@ayrastarr

@faveszn

@TeniEntertainer

When I see anyone of you gracing a stage, I feel like that’s me. We’re all winning and we’re about to move in like a Tsunami. So before it starts, know that Love lives on this side.
As we show the world how it’s done.",172,2618,1,2024-10-01T10:52:34.793319Z,5508,6.808,Normal,2024-10-01T10:52:34.793319Z
28/06/2022,"And if I missed any messages it is definitely unintentional. I don’t take your kind words and support for granted. Sending you all love today because you DESERVE.
Love always?????",173,2619,1,2024-10-01T10:52:41.400441Z,5509,1.628,Normal,2024-10-01T10:52:41.400441Z
21/06/2022,"Dear Gang, 

Unfortunately tomorrow’s show (22nd) is now postponed to next month. 

We apologise for any inconvenience this may have caused. 

These are the new dates. Thank you for your love and understanding 

-Management",174,2620,1,2024-10-01T10:52:57.862587Z,5510,12.621,Normal,2024-10-01T10:52:57.862587Z
17/06/2022,New dates?????,175,2621,1,2024-10-01T10:53:01.849325Z,5511,1.046,Normal,2024-10-01T10:53:01.849325Z
15/06/2022,June Baby???,176,2622,1,2024-10-01T10:53:07.430859Z,5512,2.474,Normal,2024-10-01T10:53:07.430859Z
10/06/2022,"New #LeadingVibeRadio drops tomorrow at 3pm WAT! 

So grateful to have Stormzy join us on this one. 

Stay tuned!??:",177,2623,1,2024-10-01T10:53:14.028429Z,5513,1.797,Normal,2024-10-01T10:53:14.028429Z
08/06/2022,"I need to say a HUGE THANK YOU to my managers 
@IAmDonawon
@kingwdavies.

Work Ethic is unbeatable, even when I’m out here going crazy, yah hold me down. It’s ordained. Love you guys so much.

And Muyizzz my big bro, I’ll keep working hard. It’s For life??????",178,2624,1,2024-10-01T10:53:22.145741Z,5514,2.817,Normal,2024-10-01T10:53:22.145741Z
08/06/2022,"I need to say a HUGE THANK YOU to my managers 
@IAmDonawon
@kingwdavies.

Work Ethic is unbeatable, even when I’m out here going crazy, yah hold me down. It’s ordained. Love you guys so much.

And Muyizzz my big bro, I’ll keep working hard. It’s For life??????",179,2625,1,2024-10-01T10:53:28.074175Z,5515,2.247,Normal,2024-10-01T10:53:28.074175Z
02/06/2022,Tired honestly ??????,180,2626,1,2024-10-01T10:53:32.543190Z,5516,0.9,Normal,2024-10-01T10:53:32.543190Z
04/06/2022,"Comrade calm down, it’s on the way.
Wait for me??",181,2627,1,2024-10-01T10:53:37.384826Z,5517,1.238,Normal,2024-10-01T10:53:37.384826Z
04/06/2022,"Look I have my own type of dance. I know how it looks. It’s so beautiful and raw. It’s my own special unique dance.
So you just gonna have to get used to it and rock with me. 
Cuz that shit is here to stay??",182,2628,1,2024-10-01T10:53:45.483943Z,5518,5.069,Normal,2024-10-01T10:53:45.483943Z
03/06/2022,"Toronto, I’m comingggg??????",183,2629,1,2024-10-01T10:53:59.412874Z,5519,11.185,Normal,2024-10-01T10:53:59.412874Z
02/06/2022,Ok Back to Business. Byeeee,184,2630,1,2024-10-01T10:54:03.626037Z,5520,0.679,Normal,2024-10-01T10:54:03.626037Z
02/06/2022,"Nah Fuck the Hate. Fuck the fakes. 

I have to apologise to my fans the entire gang, my team. Can’t believe I didn’t see this shit before. 
I’m the fuckn prime. It’s over.
Lmaooooooooooooooooooooo

I’ve been delivered from my slumber. 
We’re switching this shit up.",185,2631,1,2024-10-01T10:54:13.279861Z,5521,3.403,Offensive,2024-10-01T10:54:13.279861Z
31/05/2022,Love you Brighton??,186,2632,1,2024-10-01T10:54:17.348171Z,5522,0.746,Normal,2024-10-01T10:54:17.348171Z
19/05/2022,"Thank you 
@CocaCola
for the invite to participate in The Conductor, along with some really amazing artists from around the world.",187,2633,1,2024-10-01T10:54:22.257982Z,5523,1.371,Normal,2024-10-01T10:54:22.257982Z
14/05/2022,Free your mind??????,188,2634,1,2024-10-01T10:54:26.450040Z,5524,0.963,Normal,2024-10-01T10:54:26.450040Z
12/05/2022,Love you D.C???,189,2635,1,2024-10-01T10:54:30.589314Z,5525,0.691,Normal,2024-10-01T10:54:30.589314Z
12/05/2022,"Appreciate you!??? 
@1future",190,2636,1,2024-10-01T10:54:34.366920Z,5526,0.691,Normal,2024-10-01T10:54:34.366920Z
09/05/2022,The leading vibe????,191,2637,1,2024-10-01T10:54:37.832619Z,5527,0.706,Normal,2024-10-01T10:54:37.832619Z
05/05/2022,"Massachusetts ????
I love you so much??",192,2638,1,2024-10-01T10:54:41.313248Z,5528,0.836,Normal,2024-10-01T10:54:41.313248Z
03/05/2022,"Providence, Rhode Island????

Thank you????",193,2639,1,2024-10-01T10:54:45.785368Z,5529,1.07,Normal,2024-10-01T10:54:45.785368Z
01/05/2022,Baby in Pink??,194,2640,1,2024-10-01T10:54:49.478006Z,5530,0.633,Normal,2024-10-01T10:54:49.478006Z
30/04/2022,"The good soil??, 3pm ???? time
Let’s goooo??????",195,2641,1,2024-10-01T10:54:53.426086Z,5531,0.65,Normal,2024-10-01T10:54:53.426086Z
21/04/2022,Gats to oyel it??,196,2642,1,2024-10-01T10:54:57.702946Z,5532,0.844,Normal,2024-10-01T10:54:57.702946Z
21/04/2022,My guyssss??,197,2643,1,2024-10-01T10:55:01.046504Z,5533,0.634,Normal,2024-10-01T10:55:01.046504Z
10/04/2022,I just dey greet una. Happy Sunday??,198,2644,1,2024-10-01T10:55:04.299645Z,5534,0.569,Normal,2024-10-01T10:55:04.299645Z
10/04/2022,"
I just dey greet una. Happy Sunday??",199,2645,1,2024-10-01T10:55:07.851835Z,5535,2.704,Normal,2024-10-01T10:55:11.919645Z
31/03/2022,"This is the beginning of my own year, my first drop of the year will be on the show. Tooo excited ??????",200,2646,1,2024-10-01T10:55:16.338488Z,5536,1.408,Normal,2024-10-01T10:55:16.338488Z
31/03/2022,Keep on thinking,201,2647,1,2024-10-01T10:55:20.748017Z,5537,1.061,Normal,2024-10-01T10:55:20.748017Z
31/03/2022,"Time always will tell. 
LEADING VIBE RADIO x 
@AppleMusic

Nothing like this one, JOIN ME THIS SATURDAY April 3rd with yah Eye Shining!! By Yours truly???",202,2648,1,2024-10-01T10:55:24.731670Z,5538,0.914,Normal,2024-10-01T10:55:24.731670Z
31/03/2022,6pm. Watch this space??,203,2649,1,2024-10-01T10:55:28.431390Z,5539,0.742,Normal,2024-10-01T10:55:28.431390Z
20/03/2022,Brighton we coming!?,204,2650,1,2024-10-01T10:55:36.459417Z,5540,0.598,Normal,2024-10-01T10:55:36.459417Z
07/03/2022,"I found a new excitement and I can’t wait to share it when it’s time. 
I’m only writing this just in case there’s someone here that needs to see this shit. 
It could all be over in a second, figure your shit out so you can at least enjoy the fuck outta life before you go.",205,2651,1,2024-10-01T10:55:41.035564Z,5541,1.497,Normal,2024-10-01T10:55:41.035564Z
07/03/2022,"Just become aware, cuz once you do the only way is forward, once you understand, you can’t stop understanding. 
Life is either or, so choose a side 
Choose to know yourself.
Cuz if you don’t know why you’re here, no one can know for you.",206,2652,1,2024-10-01T10:55:55.922843Z,5542,11.526,Normal,2024-10-01T10:55:55.922843Z
07/03/2022,"Self awareness. That’s it 
I take time off to know myself because my music is fuckin real. It comes from the most honest part of me and that place must always be true as I live my life.",207,2653,1,2024-10-01T10:56:01.293337Z,5543,1.241,Normal,2024-10-01T10:56:01.293337Z
07/03/2022,"The real beauty is in the process. 
It’s not the result. 
The beauty is in the moment not the memory, the memory is the collateral.",208,2654,1,2024-10-01T10:56:04.723181Z,5544,0.658,Normal,2024-10-01T10:56:04.723181Z
04/03/2022,"Let’s goooo??? 
@glastonbury",209,2655,1,2024-10-01T10:56:08.998713Z,5545,0.766,Normal,2024-10-01T10:56:08.998713Z
27/02/2022,"I really just want the gang to enjoy meeeeee, You will know who I am???",210,2656,1,2024-10-01T10:56:15.867088Z,5546,1.188,Normal,2024-10-01T10:56:15.867088Z
21/02/2022,Thank you ??????,211,2657,1,2024-10-01T10:56:21.110628Z,5547,1.707,Normal,2024-10-01T10:56:21.110628Z
19/02/2022,"What good is an opinion when it doesn’t change facts???

Do more, talk less?",212,2658,1,2024-10-01T10:56:25.402648Z,5548,0.742,Normal,2024-10-01T10:56:25.402648Z
17/02/2022,"It was all a dream, headlining at Strawberries and Cream Nigga Screammmm!",213,2659,1,2024-10-01T10:56:28.846507Z,5549,0.629,Normal,2024-10-01T10:56:28.846507Z
02/02/2022,Gang????,214,2660,1,2024-10-01T10:56:32.491458Z,5550,0.598,Normal,2024-10-01T10:56:32.491458Z
01/02/2022,Bee dear!?,215,2661,1,2024-10-01T10:56:35.914393Z,5551,0.675,Normal,2024-10-01T10:56:35.914393Z
28/12/2021,"ONE DOLLAR?!!??
Your love > cash anyday!!???",216,2662,1,2024-10-01T10:56:39.248968Z,5552,0.649,Normal,2024-10-01T10:56:39.248968Z
25/12/2021,"So GANG?? join me tomorrow, I can’t wait to see you all. Tix are online but they’re also gonna be at the door.
This is the link. See you there?",217,2663,1,2024-10-01T10:56:43.346653Z,5553,1.251,Normal,2024-10-01T10:56:43.346653Z
25/12/2021,"I’m not used to talking too much when things aren’t going as planned but Gang, I got really sick recently.
Honestly it was bad.

I’ve had to cancel a lot this December. Except tomorrow. It’s my only real show this time. And I want to make it so special???",218,2664,1,2024-10-01T10:56:56.034239Z,5554,1.478,Normal,2024-10-01T10:56:56.034239Z
25/12/2021,Merry Christmas Gang!?????,219,2665,1,2024-10-01T10:56:59.515418Z,5555,0.591,Normal,2024-10-01T10:56:59.515418Z
22/12/2021,"LAGOS! It’s going to be special??

Can’t wait to see you all ??",220,2666,1,2024-10-01T10:57:02.705772Z,5556,0.66,Normal,2024-10-01T10:57:02.705772Z
13/12/2021,Next year???,221,2667,1,2024-10-01T10:57:06.927788Z,5557,1.301,Normal,2024-10-01T10:57:06.927788Z
13/12/2021,"This very day Last Year, I was sitting in prison in Uganda bonding with women and kids. 
I almost can’t believe the things I’ve seen so far. 
All I can say is God is too awesome and He will always have the last and final laugh???????",222,2668,1,2024-10-01T10:57:23.393013Z,5558,2.661,Normal,2024-10-01T10:57:23.393013Z
04/12/2021,Final London show tonight! It’s been so special. This one will be the best yet. SEE YOU SOON???????,223,2669,1,2024-10-01T10:57:27.908238Z,5559,0.667,Normal,2024-10-01T10:57:27.908238Z
27/11/2021,Last Night was too incredible!! Energy too pure! Thank you to everyone that came out I love you can’t wait for the next one???,224,2670,1,2024-10-01T10:57:31.672823Z,5560,0.636,Normal,2024-10-01T10:57:31.672823Z
25/11/2021,Love you Queen!!????,225,2671,1,2024-10-01T10:57:35.817277Z,5561,1.171,Normal,2024-10-01T10:57:35.817277Z
23/11/2021,"Closing it all with my day 0s. LAGOS, this December????",226,2672,1,2024-10-01T10:57:39.464261Z,5562,0.848,Normal,2024-10-01T10:57:39.464261Z
21/11/2021,"God always makes a way, I can’t believe it, I’m HOME??????",227,2673,1,2024-10-01T10:57:44.429160Z,5563,0.993,Normal,2024-10-01T10:57:44.429160Z
19/11/2021,Took me tf outtt #Adele30?,228,2674,1,2024-10-01T10:57:48.116951Z,5564,0.631,Normal,2024-10-01T10:57:48.116951Z
19/11/2021,"My FAV 
@Adele
jus dropped!! First time she played this to me I sobbed from beginning to end, in front of her! 
it was so embarrassing??

The fuckn GOAT?",229,2675,1,2024-10-01T10:57:52.131526Z,5565,1.163,Normal,2024-10-01T10:57:52.131526Z
16/11/2021,To My UK Gang ??????,230,2676,1,2024-10-01T10:57:58.773007Z,5566,1.503,Normal,2024-10-01T10:57:58.773007Z
04/11/2021,"Good Morning Gang, I’m so pleased to announce my Tiny desk’ 
@npr
is OUT!??
",231,2677,1,2024-10-01T10:58:02.703499Z,5567,0.954,Normal,2024-10-01T10:58:02.703499Z
03/11/2021,I do what I do and you do what you CAN do about it.,232,2678,1,2024-10-01T10:58:09.159263Z,5568,2.553,Normal,2024-10-01T10:58:09.159263Z
29/10/2021,"Unbelievable, London Koko already sold out ?
Soo excited to see youuu
Birmingham tix still available??",233,2679,1,2024-10-01T10:58:12.953527Z,5569,0.801,Normal,2024-10-01T10:58:12.953527Z
29/10/2021,"Gratitude is the truest form of self-love, Its a deeper level in the game.",234,2680,1,2024-10-01T10:58:16.566853Z,5570,0.934,Normal,2024-10-01T10:58:16.566853Z
27-10-2021],Damn.,235,2681,1,2024-10-01T10:58:20.278479Z,5571,1.015,Indeterminate,2024-10-01T10:58:20.278479Z
22/10/2021,Don’t be annoyDed,236,2682,1,2024-10-01T10:58:24.265701Z,5572,1.041,Normal,2024-10-01T10:58:24.265701Z
,,,,,,,,,
,,,,,,,,,
