"Date","S/N","Tweet","annotation_id","annotator","created_at","id","lead_time","sentiment","updated_at"
"16-08",1,"Big up dat egbon wey Dey call me IBRAHIM! E Dey muzz me â¤ï¸ğŸ¦…",1,"1","2024-09-25T09:41:26.208623Z",1,15.248,"Normal","2024-09-25T09:41:26.208862Z"
"19/08/24",4,"Da science of making music is amazing",2,"1","2024-09-25T09:42:26.749843Z",2,16.04,"Normal","2024-09-25T09:42:26.750110Z"
"16/08/24",5,"@wizkidayo don fall in love again ğŸ˜‚â¤ï¸",3,"1","2024-09-25T09:46:07.922235Z",3,11.858,"Normal","2024-09-25T09:46:07.922734Z"
"16/08/24",6,"Awon werey kan Lon correct daddy won",4,"1","2024-09-25T09:53:52.859313Z",4,31.354,"Offensive","2024-09-25T09:53:52.859545Z"
"16/08/24",7,"Appreciate uâ€™re alive with me in this beautiful world blessed by God! â¤ï¸ğŸ¦…",6,"1","2024-09-26T05:36:44.338447Z",5,10.462,"Normal","2024-09-26T05:36:44.338669Z"
"16/08/24",8,"Donâ€™t get it twisted love is a beautiful thing!",7,"1","2024-09-26T05:36:49.767935Z",6,17.677,"Normal","2024-09-26T05:36:49.768168Z"
"16/08/24",9,"Appreciate life ğŸ¦…",8,"1","2024-09-26T05:36:58.302533Z",7,10.864999999999998,"Normal","2024-09-26T05:36:58.302810Z"
"16/08/24",10,"Una papa! ğŸ¦…",5,"1","2024-09-26T05:36:02.082778Z",8,12.869,"Offensive","2024-09-26T05:36:02.083014Z"
"14/08/24",11,"Una papa !! â¤ï¸ğŸ¦…",9,"1","2024-09-26T05:38:50.126075Z",9,12.314,"Offensive","2024-09-26T05:38:50.126442Z"
"16/07/24",12,"Appreciate all of the love â¤ï¸ğŸ¦… God bless and grant all the heart desires! Real thankful â¤ï¸ğŸ¦…",10,"1","2024-09-26T05:42:23.753179Z",10,171.739,"Normal","2024-09-26T05:42:23.753473Z"
"16/07",13,"Happy Birthday WizKid â¤ï¸ğŸ¦…
Our very own Starboy.

Keep winning ğŸ’¯",11,"1","2024-09-26T05:42:38.772287Z",11,5.944,"Normal","2024-09-26T05:42:38.772623Z"
"15/07",14,"Go on and prosper ğŸ”¥ğŸ¦…",12,"1","2024-09-26T05:42:49.084105Z",12,7.824,"Normal","2024-09-26T05:42:49.084382Z"
"15/07",15,"Amen o",13,"1","2024-09-26T05:44:47.597888Z",13,7.256,"Normal","2024-09-26T05:44:58.573138Z"
"04/07",16,"And to everyone that has ever lost their mother/family members or anyone close dealing with the struggle everyday! God is real . And He will console and comfort you! PRAY! â¤ï¸",14,"1","2024-09-26T05:45:19.697744Z",14,17.687,"Normal","2024-09-26T05:45:19.698004Z"
"15/07",17,"Tomorrow go long Number 1 â¤ï¸ğŸ¦…",15,"1","2024-09-26T05:45:33.617394Z",15,9.219,"Normal","2024-09-26T05:45:33.617545Z"
"15/07",18,"OBLEE ğŸ¦…",16,"1","2024-09-26T05:45:45.828846Z",16,5.527,"Normal","2024-09-26T05:45:45.829016Z"
"04/07",19,"Happy birthday love of my life! Miss you everyday. First one without you here feels unreal. Nothing makes sense without you mama! Life is empty without you. Continue to watch over us ! My heart is broken forever ! ğŸ’” love you love love you MORAYO mi. Your smile is all a memory I will never forget. Your laugh! Your hugs and kisses. I miss you dearly! â¤ï¸â¤ï¸",17,"1","2024-09-26T05:46:04.359354Z",17,4.652,"Normal","2024-09-26T05:46:04.359520Z"
"04/07",20,"Morayo lives on ğŸ¤ğŸ¦…",18,"1","2024-09-26T05:46:11.912661Z",18,2.785,"Normal","2024-09-26T05:46:11.912812Z"
"04/07",21,"Nothing is ever going to be the same! Watch me! ğŸ˜â¤ï¸ğŸ¦…",19,"1","2024-09-26T05:46:29.110490Z",19,11.694,"Normal","2024-09-26T05:46:29.110648Z"
"04/07",22,"A lot has changed â¤ï¸ğŸ¦…",20,"1","2024-09-26T05:46:37.819533Z",20,3.38,"Normal","2024-09-26T05:46:37.819693Z"
"28/06",23,"Ofoju Jo Wizzy ğŸ˜â¤ï¸ğŸ¦…",21,"1","2024-09-26T05:46:57.902640Z",21,14.079,"Normal","2024-09-26T05:46:57.902792Z"
"27/06",24,"Believe God â¤ï¸ğŸ¦…",22,"1","2024-09-26T05:51:21.154064Z",22,118.346,"Normal","2024-09-26T05:51:21.154280Z"
"27/06",25,"Base On Believe He never disappoint",23,"1","2024-09-26T05:51:35.933673Z",23,6.99,"Normal","2024-09-26T05:51:35.933924Z"
"27/06",26,"God is the only Surest BACKUP â¤ï¸ğŸ¦…",24,"1","2024-09-26T05:51:46.169965Z",24,3.311,"Normal","2024-09-26T05:51:46.170120Z"
"27/06",27,"I love life! â¤ï¸ğŸ¦…",25,"1","2024-09-26T05:52:30.752604Z",25,37.925,"Normal","2024-09-26T05:52:30.752860Z"
"27/06/24",28,"Bitch , i wake up every morning look in the mirror kiss myself ! Sosa! â¤ï¸ğŸ¦…",26,"1","2024-09-26T05:53:07.843300Z",26,29.456,"Normal","2024-09-26T05:53:07.843544Z"
"24/06/24",29,"Life is love my friend! â¤ï¸ğŸ¦…",27,"1","2024-09-26T05:53:53.470541Z",27,6.011,"Normal","2024-09-26T05:53:53.470732Z"
"24/06/24",30,"Love everyone you love deeply. â¤ï¸ğŸ¦…",28,"1","2024-09-26T05:54:06.737043Z",28,5.081,"Normal","2024-09-26T05:54:06.737360Z"
"24/06/24",31,"Same as everyone on earth. Nothing special",29,"1","2024-09-26T11:41:29.924915Z",29,20819.897,"Normal","2024-09-26T11:41:29.925247Z"
"24/06/24",32,"No more war â¤ï¸ğŸ¦…",30,"1","2024-09-26T11:41:46.018241Z",30,6.497,"Normal","2024-09-26T11:41:46.018488Z"
"24/06/24",33,"You canâ€™t live with one. Everydayâ€™s a blessing â¤ï¸ğŸ¦…",31,"1","2024-09-26T13:57:10.772734Z",31,2.956,"Normal","2024-09-26T13:57:10.772995Z"
"24/06/24",34,"Free for another hour! Love you babies",32,"1","2024-09-26T13:57:17.073157Z",32,9.351,"Normal","2024-09-26T13:57:17.073353Z"
"24/06/24",35,"Still thinking what to call it . â¤ï¸ğŸ˜‡ğŸ¦…",33,"1","2024-09-26T13:57:26.922094Z",33,3.398,"Normal","2024-09-26T13:57:26.922372Z"
"24/06/24",36,"lol ok let me explain where Iâ€™m at to you guys. I love God more now, love family,Love self and no hate in my heart for no man. Donâ€™t mix my tweets up. Smoke a joint pls my babies â¤ï¸ğŸ¦…",34,"1","2024-09-26T13:57:56.932772Z",34,26.746,"Normal","2024-09-26T13:57:56.933130Z"
"24/06/24",37,"Smoke a joint before u read any of my tweets moving forward. â¤ï¸ğŸ¦…",35,"1","2024-09-26T13:58:15.011088Z",35,5.022,"Normal","2024-09-26T13:58:15.012067Z"
"24/06/24",38,"Yâ€™all so foolish. Donâ€™t mix up my tweets . I wish everybody well â¤ï¸ğŸ¦…",36,"1","2024-09-26T13:58:54.245155Z",36,10.27,"Offensive","2024-09-26T13:58:54.245406Z"
"24/06/24",39,"Now Enjoy your day my babies! Daddy loves you ! Spread love ! â¤ï¸ğŸ¦…",37,"1","2024-09-26T13:59:43.157682Z",37,41.049,"Normal","2024-09-26T13:59:43.157851Z"
"24/06/24",40,"Thatâ€™s my daily rant on how much I love my family â¤ï¸ğŸ¦…ğŸ˜‡",38,"1","2024-09-26T14:00:32.658310Z",38,44.449,"Normal","2024-09-26T14:00:32.658537Z"
"24/06/24",41,"Love you to the moon and back â¤ï¸ğŸ¦…ğŸ˜",39,"1","2024-09-26T14:00:46.420975Z",39,6.988,"Normal","2024-09-26T14:00:46.421285Z"
"24/06/24",42,"My babies so beautiful! â¤ï¸ğŸ˜‡ğŸ¦…",40,"1","2024-09-26T14:00:57.621457Z",40,7.29,"Normal","2024-09-26T14:00:57.621697Z"
"24/06/24",43,"He a trip ğŸ˜‚ğŸ¤£â¤ï¸ğŸ¦…",41,"1","2024-09-26T14:02:29.762413Z",41,88.207,"Normal","2024-09-26T14:02:29.762649Z"
"24/06/24",44,"ğŸ˜‚ğŸ¤£thatâ€™s his face when he mad ! ğŸ˜‚ğŸ¤£",42,"1","2024-09-26T14:02:43.224573Z",42,6.037,"Offensive","2024-09-26T14:02:43.224806Z"
"24/06/24",45,"AJ the sweetest baby on earth ğŸ˜©â¤ï¸ğŸ¦…",43,"1","2024-09-26T14:03:02.474313Z",43,14.972,"Normal","2024-09-26T14:03:02.474542Z"
"24/06/24",46,"AJ cleans with mama the bestğŸ˜‚ğŸ¤£â¤ï¸ğŸ¦…",44,"1","2024-09-26T14:03:10.213772Z",44,3.602,"Normal","2024-09-26T14:03:10.213926Z"
"24/06/24",47,"Saying a prayer for every understanding woman on earth! Your king loves you â¤ï¸ğŸ˜ğŸ¦…",45,"1","2024-09-26T14:04:01.259387Z",45,5.683,"Normal","2024-09-26T14:04:01.259611Z"
"24/06/24",48,"Video shoot! ğŸ˜‚â¤ï¸ğŸ¦…",46,"1","2024-09-26T14:04:11.163576Z",46,3.543,"Normal","2024-09-26T14:04:11.163867Z"
"24/06/24",49,"AJ gives the best kisses ! ğŸ˜â¤ï¸ğŸ¦…",47,"1","2024-09-26T14:04:19.271975Z",47,4.595,"Normal","2024-09-26T14:04:19.272292Z"
"20/6/24",50,"Don jazzy!! amazing human! â¤ï¸ğŸ¦…",48,"1","2024-09-26T14:04:35.264152Z",48,6.538,"Normal","2024-09-26T14:04:35.264406Z"
"20/6/24",51,"Love you all stay blessed today and forever ! See you again soon â¤ï¸ğŸ¦…BIGWIZ",49,"1","2024-09-26T14:04:51.832967Z",49,6.544,"Normal","2024-09-26T14:04:51.833311Z"
"20/06/24",52,"Love you G â¤ï¸ğŸ¦…",50,"1","2024-09-26T14:05:04.787827Z",50,9.004,"Normal","2024-09-26T14:05:04.788154Z"
"20/06/24",53,"Promise Iâ€™ll come back often â¤ï¸ğŸ¦…",51,"1","2024-09-26T14:05:11.772604Z",51,2.882,"Normal","2024-09-26T14:05:11.772758Z"
"20/06/24",54,"Yo i truly love Rugerâ€™s make way! â¤ï¸ğŸ¦… that guy amazing!",52,"1","2024-09-26T14:05:27.820188Z",52,12.09,"Normal","2024-09-26T14:05:27.820444Z"
"20/06/24",55,"U are fucking amazing brother! Wish you nothing but Gods love protection and His continuous blessings â¤ï¸ğŸ¦…long life",53,"1","2024-09-26T14:05:42.527450Z",53,10.746,"Normal","2024-09-26T14:05:42.527602Z"
"20/06/24",56,"ğŸ¤£ğŸ˜©ğŸ¤£ğŸ¤£ğŸ¤£ everybody Dey mad for here !",54,"1","2024-09-26T14:05:57.935738Z",54,8.294,"Offensive","2024-09-26T14:05:57.935997Z"
"20/06/24",57,"No worry when I Jam boys later dem go do am for me . I no sabi do that one myself",55,"1","2024-09-26T14:06:28.750057Z",55,15.159,"Normal","2024-09-26T14:06:28.750262Z"
"20/06/24",58,"ğŸ¤£ğŸ˜‚ love it â¤ï¸ğŸ¦…",56,"1","2024-09-26T14:06:35.676855Z",56,3.392,"Normal","2024-09-26T14:06:35.677129Z"
"20/06/24",59,"Btw I donâ€™t speak twitter language . Can some of you pls type properly so I know what to say ğŸ¤. Thanks . I love you all ğŸ¦…",57,"1","2024-09-26T14:06:57.657390Z",57,7.31,"Normal","2024-09-26T14:06:57.657621Z"
"20/06/24",60,"Fc na cult ğŸ¦…",58,"1","2024-09-26T14:07:04.197657Z",58,3.036,"Normal","2024-09-26T14:07:04.198163Z"
"20/06/24",61,"I could start a church if I wanted ğŸ˜",59,"1","2024-09-26T14:07:18.480506Z",59,7.086,"Normal","2024-09-26T14:07:18.480806Z"
"20/06/24",62,"Kala no lie ğŸ¦…",60,"1","2024-09-26T14:07:25.776634Z",60,3.785,"Normal","2024-09-26T14:07:25.776796Z"
"20/06-24",63,"No Panic ğŸ¦…",61,"1","2024-09-26T14:07:59.970435Z",61,4.939,"Normal","2024-09-26T14:07:59.970585Z"
"20/06/24",64,"Cause calamity you go write comprehensive message â¤ï¸ğŸ¦…",62,"1","2024-09-26T14:09:35.754899Z",62,15.464,"Normal","2024-09-26T14:09:35.755169Z"
"20/06/24",65,"I see u werenâ€™t raised by a good woman and love at home. Ayra star and Tems are amazing â¤ï¸ğŸ¦…",63,"1","2024-09-26T14:10:09.681800Z",63,22.49,"Offensive","2024-09-26T14:10:09.682076Z"
"20/06/24",66,"I Dey miss her everyday â¤ï¸ğŸ¦…",64,"1","2024-09-26T14:10:23.546981Z",64,8.846,"Normal","2024-09-26T14:10:23.547196Z"
"20/06/24",67,"Ojude Oba â¤ï¸ğŸ¦…",65,"1","2024-09-26T14:10:31.595645Z",65,2.831,"Normal","2024-09-26T14:10:31.595797Z"
"20/06/24",68,"After God na God. No go whine ğŸ¦…",66,"1","2024-09-26T14:10:41.164042Z",66,4.86,"Normal","2024-09-26T14:10:41.164317Z"
"20/06/24",69,"God na our no 1 and 2 â¤ï¸ğŸ¦…",67,"1","2024-09-26T14:10:50.962515Z",67,6.105,"Normal","2024-09-26T14:10:50.962670Z"
"20/06/24",70,"Jesus is King â¤ï¸ğŸ¦…",68,"1","2024-09-26T14:10:58.292583Z",68,3.29,"Normal","2024-09-26T14:10:58.292976Z"
"20/06-24",71,"Truly thankful to God for blessing me with all the tools ğŸ¦…",69,"1","2024-09-26T14:15:35.725194Z",69,13.093,"Normal","2024-09-26T14:15:35.725346Z"
"20/06/24",72,"King is Up!â¤ï¸ğŸ¦…",70,"1","2024-09-26T14:15:44.340333Z",70,4.095,"Normal","2024-09-26T14:15:44.340613Z"
"16/6/24",73,"Fatherâ€™s love â¤ï¸ğŸ¦…",71,"1","2024-09-26T14:15:50.752426Z",71,2.868,"Normal","2024-09-26T14:15:50.752657Z"
"12/6/24",74,"Life and truth the only currency â¤ï¸ğŸ¤ğŸ¦…",72,"1","2024-09-26T14:15:58.960570Z",72,5.229,"Normal","2024-09-26T14:15:58.960818Z"
"12/6/24",75,"Make sure u win in real life no deceive yourself ! U deserve it â¤ï¸ğŸ¦…",73,"1","2024-09-26T14:16:21.859450Z",73,5.997,"Normal","2024-09-26T14:16:21.859597Z"
"12/06/24",76,"Real life winners ! â¤ï¸ğŸ¦…âœŒï¸",74,"1","2024-09-26T14:16:30.211606Z",74,4.069,"Normal","2024-09-26T14:16:30.211757Z"
"12/06/24",77,"Millionaires in every currency ! ğŸ˜‡â¤ï¸ğŸ¦…",75,"1","2024-09-26T14:16:41.144213Z",75,4.49,"Normal","2024-09-26T14:16:41.144447Z"
"7/6/24",78,"Amazing life ğŸ¦…",76,"1","2024-09-26T14:17:24.893290Z",76,32.126,"Normal","2024-09-26T14:17:24.893533Z"
"30/5/24",79,"Work smart make u no go Dey hustle like fool â¤ï¸ ğŸ¦…",77,"1","2024-09-26T14:18:54.613422Z",77,4.339,"Normal","2024-09-26T14:18:54.613596Z"
"30/05/24",80,"Spread Love â¤ï¸ğŸ¦…",78,"1","2024-09-26T14:19:07.109555Z",78,8.261,"Normal","2024-09-26T14:19:07.110410Z"
"26/5/24",81,"Love yours â¤ï¸ğŸ¦…",79,"1","2024-09-26T14:19:14.603487Z",79,4.427,"Normal","2024-09-26T14:19:14.603716Z"
"21/5/24",82,"Godâ€™s art ğŸ¤ğŸ¦…",80,"1","2024-09-26T14:19:40.681161Z",80,19.303,"Normal","2024-09-26T14:19:40.681464Z"
"21/05/24",83,"Almost with you ğŸ˜ğŸ˜‡âœŒï¸â¤ï¸ğŸ¦…",81,"1","2024-09-26T14:19:48.117475Z",81,3.952,"Normal","2024-09-26T14:19:48.117647Z"
"20/5/24",84,"New blessings ğŸ¦…",82,"1","2024-09-26T14:19:54.732864Z",82,3.005,"Normal","2024-09-26T14:19:54.733080Z"
"12/5/24",85,"Everyday Motherâ€™s Day forever ! â¤ï¸ğŸ¤ğŸ•Šï¸",83,"1","2024-09-26T14:20:02.718189Z",83,3.078,"Normal","2024-09-26T14:20:02.718410Z"
"2/5/24",86,"Jesus is King â¤ï¸ğŸ¦…",84,"1","2024-09-26T14:20:10.487858Z",84,3.539,"Normal","2024-09-26T14:20:10.488135Z"
"1/5/24",87,"This user no send una papa ğŸ˜â¤ï¸ğŸ¦…",85,"1","2024-09-26T14:21:08.518296Z",85,12.023,"Normal","2024-09-26T14:21:08.518446Z"
"1/5/24",88,"In all things give thanks â¤ï¸ğŸ¦…",86,"1","2024-09-26T14:21:22.769976Z",86,9.631,"Normal","2024-09-26T14:21:22.770190Z"
"1/5/24",89,"Jesus is King! â¤ï¸ğŸ¦…",87,"1","2024-09-26T14:22:12.643840Z",87,3.998,"Normal","2024-09-26T14:22:12.643990Z"
"1/5/24",90,"ğŸ˜‚ğŸ¤£ in yâ€™all wildest dreams! ğŸ˜‚ğŸ˜­ 
I wish a nigga would ğŸ˜ğŸ¦…",88,"1","2024-09-26T14:22:34.067697Z",88,11.876,"Normal","2024-09-26T14:22:34.067947Z"
"1/5/24",91,"Godâ€™s Love ğŸ¦…",89,"1","2024-09-26T14:22:42.364107Z",89,5.129,"Normal","2024-09-26T14:22:42.364339Z"
"30/4/24",92,"Good morning. Jah bless our day. Na beg we beg",90,"1","2024-09-26T14:22:49.227402Z",90,3.213,"Normal","2024-09-26T14:22:49.227632Z"
"29/4/24",93,"I don tire I Dey go sleep ğŸ˜‚ Jesus is King",91,"1","2024-09-26T14:26:16.384395Z",91,105.632,"Normal","2024-09-26T14:26:16.384684Z"
"29/4/24",94,"I got nun to say to u my boy! I can retire today and you still not on my level. You be influencer with a song writer . Wish u well âœŒï¸",92,"1","2024-09-26T14:27:19.680825Z",92,26.188,"Normal","2024-09-26T14:27:19.681090Z"
"29/4/24",95,"U know what..no point. delusional niggas ğŸ˜‡ pray for yâ€™all",93,"1","2024-09-26T14:28:53.607840Z",93,84.361,"Normal","2024-09-26T14:28:53.608688Z"
"29/4/24",96,"U and all ur crew plus ur pant washer song writer go to sleep at night thinking you actually got anything on me in music ğŸ¤£ğŸ˜‚ wish u all well âœŒï¸",94,"1","2024-09-26T14:29:11.016068Z",94,3.632,"Normal","2024-09-26T14:29:11.016319Z"
"29/4-24",97,"Abeg tell baba I Dey feel am die ! ğŸ˜â¤ï¸ğŸ¦…",95,"1","2024-09-26T14:29:20.311753Z",95,2.989,"Normal","2024-09-26T14:29:20.311908Z"
"29/4-24",98,"Baba na baba ğŸ¦…",96,"1","2024-09-26T14:29:26.430148Z",96,2.783,"Normal","2024-09-26T14:29:26.430417Z"
"29/4/24",99,"Love everyone putting out dope shit! They all deserve to win! â¤ï¸ğŸ¦…",315,"1","2024-09-26T15:34:58.339722Z",97,16.377,"Normal","2024-09-26T15:34:58.339874Z"
"29/4/24",100,"lol never chatting to anyone signed to an influencer. Next",316,"1","2024-09-26T15:35:19.470966Z",98,16.835,"Normal","2024-09-26T15:35:19.471168Z"
"29/4/24",101,"Hmmm maybe next tmrw. I Dey free Monday again",317,"1","2024-09-26T15:35:28.201107Z",99,4.935,"Normal","2024-09-26T15:35:28.201273Z"
"28/4/24",102,"Farouk !",318,"1","2024-09-26T15:35:37.925901Z",100,3.22,"Normal","2024-09-26T15:35:37.926180Z"
"28/4/24",103,"He still lingers in there deep down on top of all these millions ğŸ˜‡",319,"1","2024-09-26T15:35:48.501311Z",101,5.575,"Normal","2024-09-26T15:35:48.501563Z"
"28/4/24",104,"ğŸ˜‚ğŸ˜‚ğŸ˜‚ğŸ˜­ğŸ˜­ thatâ€™s a bully! Letâ€™s leave him for now â€¦â€for nowâ€",320,"1","2024-09-26T15:36:01.450724Z",102,9.383,"Normal","2024-09-26T15:36:01.450950Z"
"28-4-24",105,"Una really want me on my 50cent shit. lol hmmmâ€¦",321,"1","2024-09-26T15:36:11.456666Z",103,5.603,"Normal","2024-09-26T15:36:11.456898Z"
"28/4/24",106,"Everyday I get things to say but my mouth no good..ğŸ˜‚",322,"1","2024-09-26T15:36:47.746251Z",104,32.348,"Normal","2024-09-26T15:36:47.746500Z"
"28/4/24",107,"I wish everybody luck ğŸ˜‡ğŸ¤ğŸ¦…",323,"1","2024-09-26T15:36:58.205496Z",105,3.926,"Normal","2024-09-26T15:36:58.205640Z"
"1/4/24",108,"Money donâ€™t buy love ğŸ¤ğŸ¦…",324,"1","2024-09-26T15:37:11.441966Z",106,8.756,"Normal","2024-09-26T15:37:11.442181Z"
"1/4/24",109,"That one na ur papa businessğŸ¤ğŸ¦…",325,"1","2024-09-26T15:37:25.131345Z",107,7.695,"Offensive","2024-09-26T15:37:25.131536Z"
"1/4/24",110,"Gods love ğŸ¤ğŸ¦…",326,"1","2024-09-26T15:37:32.136921Z",108,3.212,"Normal","2024-09-26T15:37:32.137212Z"
"27/1/23",111,"More love less ego ğŸ’œ",327,"1","2024-09-26T15:37:40.734316Z",109,2.83,"Normal","2024-09-26T15:37:40.734441Z"
"14/11/22",112,"Superstar â­ï¸",328,"1","2024-09-26T15:37:46.731230Z",110,2.986,"Normal","2024-09-26T15:37:46.731517Z"
"11/9/22",113,"Biggest Bird! ğŸ–¤â¤ï¸ğŸ¦…",329,"1","2024-09-26T15:37:55.662334Z",111,4.451,"Normal","2024-09-26T15:37:55.662552Z"
"2/2/22",114,"Mood!! ğŸ–¤â™¥ï¸ğŸ¦…",330,"1","2024-09-26T15:38:05.309282Z",112,4.588,"Normal","2024-09-26T15:38:05.309434Z"
"25/12/21",115,"Merry Christmas ğŸ„ğŸ¦…â™¥ï¸",331,"1","2024-09-26T15:38:14.934721Z",113,5.685,"Normal","2024-09-26T15:38:14.934966Z"
"19/12/21",116,"Suyaaaaaaaaaaa!!! â™¥ï¸ğŸ–¤ğŸ¦…ğŸ‡³ğŸ‡¬",332,"1","2024-09-26T15:38:24.172928Z",114,4.407,"Normal","2024-09-26T15:38:24.173144Z"
"14/11/21",117,"Lagos to da world ğŸ‡³ğŸ‡¬â™¥ï¸ğŸ¦…",333,"1","2024-09-26T15:38:36.599268Z",115,7.725,"Normal","2024-09-26T15:38:36.599512Z"
"14/9/21",118,"Such a fucking vibe ğŸ’«",334,"1","2024-09-26T15:39:26.015461Z",116,44.682,"Normal","2024-09-26T15:39:26.015729Z"
"18/9/21",119,"Chicago ğŸ“",335,"1","2024-09-26T15:39:34.341462Z",117,4.112,"Normal","2024-09-26T15:39:34.341623Z"
"1/9/21",120,"Steady ğŸ¬",336,"1","2024-09-26T15:39:39.849853Z",118,2.299,"Normal","2024-09-26T15:39:39.849980Z"
"1/9/21",121,"UK! I love you ğŸ‡¬ğŸ‡§â¤ï¸",337,"1","2024-09-26T15:39:46.576116Z",119,2.668,"Normal","2024-09-26T15:39:46.576314Z"
"27/8/21",122,"Some fucking amazing shit! â¤ï¸ğŸ–¤ğŸ¦…",338,"1","2024-09-26T15:39:52.931997Z",120,2.592,"Normal","2024-09-26T15:39:52.932231Z"
"27/08/21",123,"Some really good shit bih! ğŸ˜‚ğŸ–¤â¤ï¸ğŸ¦…",339,"1","2024-09-26T15:40:00.902752Z",121,4.763,"Normal","2024-09-26T15:40:00.903107Z"
"27/8/21",124,"Thank you . I love you ğŸ–¤â¤ï¸ğŸ¦…",340,"1","2024-09-26T15:40:06.541093Z",122,2.724,"Normal","2024-09-26T15:40:06.541337Z"
"27/8/21",125,"Iâ€™m not even really the best in this shit.I just make some good shit!",341,"1","2024-09-26T15:40:16.122293Z",123,6.299,"Normal","2024-09-26T15:40:16.122522Z"
"27/8/21",126,"My brother Tay ! Wow! No words. Amazing",342,"1","2024-09-26T15:40:24.337072Z",124,4.356,"Normal","2024-09-26T15:40:24.337228Z"
"27/8/21",127,"And Tems is Magic. ğŸ’¯",343,"1","2024-09-26T15:40:33.385360Z",125,3.947,"Normal","2024-09-26T15:40:33.385523Z"
"27/8/21",128,"And I hope you know Bujuâ€™s voice na 1 of 1.",344,"1","2024-09-26T15:40:46.166850Z",126,8.309,"Normal","2024-09-26T15:40:46.166998Z"
"27/08/21",129,"One day. Iâ€™m gon sit yâ€™all down and explain how important Bella Shmurdaâ€™s voice is in African music.",345,"1","2024-09-26T15:41:02.755931Z",127,12.91,"Normal","2024-09-26T15:41:02.756700Z"
"27/08/21",130,"Thanks for da small small ad libs my g!! Back up vocals toh lovely! More BIG WiZ x Bella soon. ğŸ–¤ğŸ¦…",346,"1","2024-09-26T15:41:23.573822Z",128,13.426,"Normal","2024-09-26T15:41:23.574112Z"
"12/06/24",131,"13 yrs since superstar ! First album! Thankful for all Gods blessings. Healthy family ! Blessed life! Love God â¤ï¸ ğŸ¦…",347,"1","2024-09-26T15:41:34.428139Z",129,6.496,"Normal","2024-09-26T15:41:34.428452Z"
"12/06/24",132,"Big Wiz! Morayo legendary â¤ï¸ğŸ¦…",348,"1","2024-09-26T15:41:40.915340Z",130,3.354,"Normal","2024-09-26T15:41:40.915581Z"
"09/05/23",133,"New music! ğŸ’¨",349,"1","2024-09-26T15:41:47.993047Z",131,3.953,"Normal","2024-09-26T15:41:47.993289Z"
"29/7/23",134,"Doors open at 4.30pm",350,"1","2024-09-26T15:41:57.180705Z",132,4.621,"Normal","2024-09-26T15:41:57.180933Z"
"13/4/23",135,"Frames! ğŸ‘€",351,"1","2024-09-26T15:42:30.642859Z",133,3.168,"Normal","2024-09-26T15:42:30.643159Z"
"27/4/23",136,"Big announcement next week!! ğŸ‘€",352,"1","2024-09-26T15:42:40.949892Z",134,7.408,"Normal","2024-09-26T15:42:40.950273Z"
"12/2/22",137,"Special announcement tomorrow! ğŸ‘€",353,"1","2024-09-26T15:42:51.792596Z",135,3.042,"Normal","2024-09-26T15:42:51.792830Z"
"15/11/22",138,"One day to go! ğŸ‘€",354,"1","2024-09-26T15:42:58.832184Z",136,3.689,"Normal","2024-09-26T15:42:58.832435Z"
"10/3/22",139,"True Love ğŸ’šğŸ¦…",355,"1","2024-09-26T15:43:05.354722Z",137,2.606,"Normal","2024-09-26T15:43:05.354876Z"
"2/8/22",140,"New music ğŸ˜‰",356,"1","2024-09-26T15:43:10.891136Z",138,2.567,"Normal","2024-09-26T15:43:10.891278Z"
"22/10/21",141,"Up next! ğŸ¦…",357,"1","2024-09-26T15:43:22.858922Z",139,8.388,"Normal","2024-09-26T15:43:22.859127Z"
"14/9/21",142,"Love you last night! We go again tonight !! ğŸ–¤ğŸ¦…",358,"1","2024-09-26T15:43:36.083753Z",140,8.837,"Normal","2024-09-26T15:43:36.083862Z"
"16/8/21",143,"LONDON ğŸ‘€ğŸ‘€",359,"1","2024-09-26T15:43:45.718852Z",141,5.394,"Normal","2024-09-26T15:43:45.718963Z"
"12/8/21",144,"Got something special for you guys tomorrow ğŸ¦…â¤ï¸ğŸ‡³ğŸ‡¬",360,"1","2024-09-26T15:44:00.331613Z",142,7.521,"Normal","2024-09-26T15:44:00.331843Z"
"18/7/21",145,"BIG WIZ ğŸ¦…",361,"1","2024-09-26T15:44:06.278799Z",143,3.057,"Normal","2024-09-26T15:44:06.278918Z"
"25/6/21",146,"BIG WIZ ğŸ‡ºğŸ‡¸",362,"1","2024-09-26T15:44:12.575360Z",144,2.602,"Normal","2024-09-26T15:44:12.575511Z"
"19/6/21",147,"Lagos play ğŸ¦…ğŸ˜ˆâš½ï¸",363,"1","2024-09-26T15:44:19.969422Z",145,4.003,"Normal","2024-09-26T15:44:19.969616Z"
"19/6/21",148,"Mood",364,"1","2024-09-26T15:44:38.119646Z",146,4.138,"Normal","2024-09-26T15:44:38.119795Z"
"4/6/21",149,"Essence ğŸ‡³ğŸ‡¬â¤ï¸ğŸ¦…",365,"1","2024-09-26T15:44:51.770829Z",147,8.037,"Normal","2024-09-26T15:44:51.771060Z"
"11/5/21",150,"Through da night ğŸ¤« .....",366,"1","2024-09-26T15:44:59.723666Z",148,4.255,"Normal","2024-09-26T15:44:59.723822Z"
"5/5/21",151,"Starboy on the road soon! ğŸ˜",367,"1","2024-09-26T15:45:11.728471Z",149,3.265,"Normal","2024-09-26T15:45:11.728629Z"
"9/3/21",152,"Twin! ğŸ–¤ğŸ¦…",368,"1","2024-09-26T15:45:18.040597Z",150,2.591,"Normal","2024-09-26T15:45:18.040818Z"
"24/12/20",153,"Patoranking â€œAbuleâ€ ! Hardest jam Abeg! Hardest!!",369,"1","2024-09-26T15:45:27.272328Z",151,4.857,"Normal","2024-09-26T15:45:27.272565Z"
"19/11/20",154,"Forever â¤ï¸ğŸ‡³ğŸ‡¬",370,"1","2024-09-26T15:45:32.756635Z",152,2.627,"Normal","2024-09-26T15:45:32.756865Z"
"19/11/20",155,"Nigeria!!!! ğŸ‡³ğŸ‡¬ğŸ‡³ğŸ‡¬ğŸ‡³ğŸ‡¬",371,"1","2024-09-26T15:45:40.490970Z",153,4.28,"Normal","2024-09-26T15:45:40.491246Z"
"19/11/20",156,"Joro ğŸŒª",372,"1","2024-09-26T15:45:48.073897Z",154,2.724,"Normal","2024-09-26T15:45:48.074106Z"
"19/11/20",157,"Made In Lagos ğŸ‡³ğŸ‡¬",373,"1","2024-09-26T15:45:54.552338Z",155,2.553,"Normal","2024-09-26T15:45:54.552553Z"
"19/11/20",158,"Wizkid FC ğŸ‡³ğŸ‡¬",374,"1","2024-09-26T15:46:00.781089Z",156,3.086,"Normal","2024-09-26T15:46:00.781315Z"
"19/11/20",159,"True Love! â¤ï¸â¤ï¸â¤ï¸",375,"1","2024-09-26T15:46:09.776504Z",157,1.844,"Normal","2024-09-26T15:46:09.776695Z"
"19/11/20",160,"Long time ğŸ¥",376,"1","2024-09-26T15:46:16.640833Z",158,2.133,"Normal","2024-09-26T15:46:16.640983Z"
"19/11/20",161,"Bad energy!",377,"1","2024-09-26T15:46:22.721076Z",159,3.096,"Normal","2024-09-26T15:46:22.721267Z"
"19/11/20",162,"My brother 4 life!",378,"1","2024-09-26T15:46:31.555683Z",160,3.029,"Normal","2024-09-26T15:46:31.555941Z"
"19/11/20",163,"Blessed â¤ï¸",379,"1","2024-09-26T15:46:38.897629Z",161,2.541,"Normal","2024-09-26T15:46:38.897825Z"
"19/11/20",164,"Julie Adenuga â¤ï¸",380,"1","2024-09-26T15:46:45.754048Z",162,2.709,"Normal","2024-09-26T15:46:45.754293Z"
"7/11/20",165,"My Fans & family! â™¥ï¸",381,"1","2024-09-26T15:46:53.947306Z",163,2.844,"Normal","2024-09-26T15:46:53.947403Z"
"7/11/20",166,"I see you ooo! â™¥ï¸",382,"1","2024-09-26T15:47:05.293790Z",164,2.947,"Normal","2024-09-26T15:47:05.294059Z"
"7/11/20",167,"No stress! ğŸ¦…",383,"1","2024-09-26T15:47:14.089935Z",165,2.223,"Normal","2024-09-26T15:47:14.090211Z"
"7/11/20",168,"Hard as fuck! ğŸ¦…",384,"1","2024-09-26T15:47:39.415387Z",166,8.94,"Normal","2024-09-26T15:47:39.415540Z"
"7/11/20",169,"Banjo is an instrument! ğŸ’«",513,"1","2024-09-26T16:14:34.041936Z",167,3.162,"Normal","2024-09-26T16:14:34.042332Z"
"7/11/20",170,"Big lov Ghana! â™¥ï¸",512,"1","2024-09-26T16:14:27.399737Z",168,2.934,"Normal","2024-09-26T16:14:27.399964Z"
"7/11/20",171,"You are all very special to me! â™¥ï¸",511,"1","2024-09-26T16:14:21.533468Z",169,4.137,"Normal","2024-09-26T16:14:21.533714Z"
"7/11/20",172,"P2J is a very special guy! I got a lot of time & respect for him.",510,"1","2024-09-26T16:14:12.709989Z",170,2.479,"Normal","2024-09-26T16:14:12.710265Z"
"7/11/20",173,"Amazing! ğŸ’«",509,"1","2024-09-26T16:14:00.412132Z",171,3.11,"Normal","2024-09-26T16:14:00.412286Z"
"7/11/20",174,"Real music! ğŸ¦…",508,"1","2024-09-26T16:13:54.614909Z",172,3.83,"Normal","2024-09-26T16:13:54.615090Z"
"15/3/20",175,"Explosions in Lagos? ğŸ˜³ğŸ˜³ God take back 2020! ğŸ’”ğŸ’”ğŸ’”ğŸ’”ğŸ’”",507,"1","2024-09-26T16:13:48.048679Z",173,7.433,"Normal","2024-09-26T16:13:48.048837Z"
"29/8/15",176,"BTW Sarz sent me a new one! 2020 experience ğŸ˜‚ğŸ˜‚.. We never stop making hits!!",506,"1","2024-09-26T16:13:36.663359Z",174,6.314,"Normal","2024-09-26T16:13:36.663517Z"
"3/12/14",177,"Too much hits my g! From now to the end of 2020!! No break! We going ham ! Hahaha ğŸ˜ˆ",505,"1","2024-09-26T16:13:25.044285Z",175,5.387,"Normal","2024-09-26T16:13:25.044551Z"
"23/5/18",178,"Man secured 2019! ğŸ˜‚ğŸ˜‚â¤ï¸â¤ï¸â¤ï¸",504,"1","2024-09-26T16:13:15.443212Z",176,2.964,"Normal","2024-09-26T16:13:15.443362Z"
"4/10/20",179,"Mr Governor! I met with you December 2019! You expressed how proud you 
are of the entertainment industry and all we do. Pls do something letâ€™s be proud of you too abeg ! #Endsars!!",503,"1","2024-09-26T16:13:09.175108Z",177,12.314,"Normal","2024-09-26T16:13:09.175372Z"
"24/4/18",180,"I no join anybody o! 2019 i dey campaign for who get sense!",502,"1","2024-09-26T16:12:34.130417Z",178,9.298,"Normal","2024-09-26T16:12:34.130652Z"
"19/10/19",181,"Real don! â¤ï¸â¤ï¸â¤ï¸ 2018 sef join o! â¤ï¸â¤ï¸â¤ï¸ make dem no mad! 200forever!!",501,"1","2024-09-26T16:12:21.512835Z",179,10.848,"Normal","2024-09-26T16:12:21.512981Z"
"30/8/19",182,"6th October 2018. Now enjoy your day! â¤ï¸ğŸ˜˜",500,"1","2024-09-26T16:12:06.848389Z",180,5.442,"Normal","2024-09-26T16:12:06.848687Z"
"18/7/18",183,"Wizkid 2018 !! First single ğŸğŸğŸğŸ”¥ğŸ”¥ğŸ”¥ ğŸ‘€",499,"1","2024-09-26T16:11:58.402940Z",181,4.72,"Normal","2024-09-26T16:11:58.403269Z"
"30/11/17",184,"Wizkid Fc go so hard! Awon millitant! Lol Love una die! 2018 dem go hear am! â¤ï¸ğŸ™ğŸ¾",498,"1","2024-09-26T16:11:44.791746Z",182,8.324,"Normal","2024-09-26T16:11:44.791987Z"
"31/12/17",185,"Spotless 2018! ğŸ™ğŸ¾",497,"1","2024-09-26T16:11:32.791977Z",183,2.672,"Normal","2024-09-26T16:11:32.792287Z"
"7/11/20",186,"My daily life!",496,"1","2024-09-26T16:11:26.784948Z",184,18.388,"Normal","2024-09-26T16:11:26.785175Z"
"7/11/20",187,"My family â™¥ï¸",495,"1","2024-09-26T16:10:17.762365Z",185,3.13,"Normal","2024-09-26T16:10:17.762657Z"
"7/11/20",188,"I'll let you know",494,"1","2024-09-26T16:10:11.583419Z",186,3.024,"Normal","2024-09-26T16:10:11.583680Z"
"7/11/20",189,"The world! â™¥ï¸",493,"1","2024-09-26T16:09:58.206977Z",187,4.973,"Normal","2024-09-26T16:09:58.207305Z"
"7/11/20",190,"My kids and my fans!",492,"1","2024-09-26T16:09:35.764519Z",188,2.865,"Normal","2024-09-26T16:09:35.764756Z"
"7/11/20",191,"Until it felt right!",491,"1","2024-09-26T16:09:28.502771Z",189,4.302,"Normal","2024-09-26T16:09:28.502923Z"
"7/11/20",192,"MAGIC! ğŸ’«",490,"1","2024-09-26T16:09:20.498596Z",190,3.276,"Normal","2024-09-26T16:09:20.498867Z"
"7/11/20",193,"Spiritual!",489,"1","2024-09-26T16:09:14.021665Z",191,2.345,"Normal","2024-09-26T16:09:14.021857Z"
"7/11/20",194,"Happy earth day!",488,"1","2024-09-26T16:09:08.369130Z",192,5.682,"Normal","2024-09-26T16:09:08.369370Z"
"7/11/20",195,"I'm outside next year! Starboy world tour ğŸ¦…â™¥ï¸",487,"1","2024-09-26T16:08:58.068161Z",193,4.254,"Normal","2024-09-26T16:08:58.068405Z"
"7/11/20",196,"On da way ğŸ¦…",486,"1","2024-09-26T16:08:44.120111Z",194,39.909,"Normal","2024-09-26T16:08:44.120270Z"
"7/11/20",197,"Lagos is everything to me!ğŸ‡³ğŸ‡¬",485,"1","2024-09-26T16:07:44.236635Z",195,14.873,"Normal","2024-09-26T16:07:44.236795Z"
"7/11/20",198,"2 artworks! Both official ğŸ‡³ğŸ‡¬â¤ï¸",484,"1","2024-09-26T16:07:26.403698Z",196,5.592,"Normal","2024-09-26T16:07:26.403943Z"
"7/11/20",199,"Every song is special to me â™¥ï¸",483,"1","2024-09-26T16:06:50.679758Z",197,20.914,"Normal","2024-09-26T16:06:50.679910Z"
"7/11/20",200,"We got something for you!ğŸ¦…ğŸ‡³ğŸ‡¬",482,"1","2024-09-26T16:06:25.850286Z",198,17.911,"Normal","2024-09-26T16:06:25.850446Z"
"7/11/20",201,"Soon come! ğŸ¦…",481,"1","2024-09-26T16:06:00.934333Z",199,2.813,"Normal","2024-09-26T16:06:00.934563Z"
"7/11/20",202,"I don't ğŸ˜",480,"1","2024-09-26T16:05:54.195837Z",200,21.157,"Normal","2024-09-26T16:05:54.196154Z"
"7/11/20",203,"WIZKID FC ğŸ‡³ğŸ‡¬",479,"1","2024-09-26T16:05:27.434164Z",201,2.424,"Normal","2024-09-26T16:05:27.434390Z"
"2/11/20",204,"My G ğŸ¦…â¤ï¸",478,"1","2024-09-26T16:05:21.267143Z",202,2.265,"Normal","2024-09-26T16:05:21.267378Z"
"1/11/20",205,"Piece of meğŸ¦…â¤ï¸",477,"1","2024-09-26T16:05:15.605428Z",203,4.948,"Normal","2024-09-26T16:05:15.605575Z"
"1/11/20",206,"True love ğŸ¦…â¤ï¸",476,"1","2024-09-26T16:05:01.253230Z",204,2.984,"Normal","2024-09-26T16:05:01.253461Z"
"1/11/20",207,"No stressğŸ¦…â¤ï¸",475,"1","2024-09-26T16:04:54.192969Z",205,12.143,"Normal","2024-09-26T16:04:54.193271Z"
"1/11/20",208,"smileğŸ¦…â¤ï¸",474,"1","2024-09-26T16:04:32.613493Z",206,2.29,"Normal","2024-09-26T16:04:32.613593Z"
"1/11/2002",209,"Blessed ğŸ¦…â¤ï¸",473,"1","2024-09-26T16:04:26.895783Z",207,2.575,"Normal","2024-09-26T16:04:26.895930Z"
"01/11/20",210,"Mighty Wine ğŸ¦…â¤ï¸",472,"1","2024-09-26T16:04:19.173892Z",208,3.196,"Normal","2024-09-26T16:04:19.174360Z"
"1/11/20",211,"Happy birthday Queen. ğŸ™ğŸ™ Blessings and love always!â¤ï¸ğŸ’¯God bless strong woman !",471,"1","2024-09-26T16:04:12.887943Z",209,10.069,"Normal","2024-09-26T16:04:12.888247Z"
"31/10/20",212,"Thank you Tay â¤ï¸ğŸ–¤ğŸ¦… shine on superstar!",470,"1","2024-09-26T16:03:56.594794Z",210,8.095,"Normal","2024-09-26T16:03:56.594952Z"
"30/10/20",213,"Youâ€™re doing well",469,"1","2024-09-26T16:03:44.823587Z",211,5.302,"Normal","2024-09-26T16:03:44.823823Z"
"30/10/20",214,"Thank you! â¤ï¸ğŸ–¤ love you superstar!",468,"1","2024-09-26T16:03:33.135985Z",212,3.674,"Normal","2024-09-26T16:03:33.136262Z"
"30/10/20",215,"Thank you superstar!â¤ï¸",467,"1","2024-09-26T16:03:06.763338Z",213,4.07,"Normal","2024-09-26T16:03:06.763594Z"
"30/10/20",216,"Thank You â¤ï¸ğŸ¦…",466,"1","2024-09-26T16:02:56.745944Z",214,2.933,"Normal","2024-09-26T16:02:56.746795Z"
"22/10/20",217,"Sigh! God pls help Nigeria",465,"1","2024-09-26T16:02:50.542374Z",215,3.903,"Normal","2024-09-26T16:02:50.542652Z"
"27/10/20",218,"Happy Falz day !! @falzthebahdguy â¤ï¸ğŸ¦…",464,"1","2024-09-26T16:02:42.770699Z",216,2.988,"Normal","2024-09-26T16:02:42.770987Z"
"21/10/20",219,"#ENDSARS #ENDBADGOVERNANCE #ENDPolicebrutalityinNigeria! ğŸ’”ğŸ’”",463,"1","2024-09-26T16:02:36.864315Z",217,13.192,"Normal","2024-09-26T16:02:36.864605Z"
"21/10/20",220,"Nigerian government shooting at unarmed civilians!! ğŸ’”",462,"1","2024-09-26T16:02:16.940774Z",218,6.452,"Normal","2024-09-26T16:02:16.940974Z"
"21/10/20",221,"@MBuhari you are a failure! Old and incompetent! Step down! We donâ€™t want you, your Vice President and your IG! Resign !",461,"1","2024-09-26T16:02:06.977914Z",219,11.523,"Offensive","2024-09-26T16:02:06.978210Z"
"18/10/20",222,"Good morning o. #EndSARS!! #EndSARS!! #Endsars!! ğŸ‡³ğŸ‡¬ğŸ’”",460,"1","2024-09-26T16:01:48.594670Z",220,2.512,"Normal","2024-09-26T16:01:48.594884Z"
"17/10/20",223,"#Endsars #Endpolicebrutality ğŸ‡³ğŸ‡¬ğŸ’”ğŸ–¤",459,"1","2024-09-26T16:01:42.902622Z",221,2.875,"Normal","2024-09-26T16:01:42.902878Z"
"15/10/20",224,"I love this song! #NewNigeria!!!",458,"1","2024-09-26T16:01:37.548713Z",222,1.817,"Normal","2024-09-26T16:01:37.548811Z"
"13/10/20",225,"Not yet !! Mad times!! ğŸ’”ğŸ‡³ğŸ‡¬",457,"1","2024-09-26T16:01:32.604127Z",223,5.574,"Normal","2024-09-26T16:01:32.604401Z"
"14/10/20",226,"Starboy/Wizkid Same Same!! #Endsars! #EndSwat #Endpolicebrutality",456,"1","2024-09-26T16:01:20.952477Z",224,2.692,"Normal","2024-09-26T16:01:20.952624Z"
"12/10/20",227,"#SARSMUSTEND",455,"1","2024-09-26T16:01:10.929092Z",225,42.796,"Normal","2024-09-26T16:01:10.929345Z"
"12/10/20",228,"#ENDSARS do the right thing. The youths will listen!! #Endpolicebrutality",454,"1","2024-09-26T16:00:23.603695Z",226,7.414,"Normal","2024-09-26T16:00:23.603950Z"
"11/10/20",229,"Next election we show real power #EndpolicebrutalityinNigeriağŸ‡³ğŸ‡¬ğŸ’”",453,"1","2024-09-26T16:00:11.453597Z",227,2.972,"Normal","2024-09-26T16:00:11.453758Z"
"11/10/20",230,"My brother they replied us... no? Now they know we have a voice!!! And we the youths understand the power we have. We shall continue to speak up about other pressing issues/police brutality and good governance! Why I said â€œThis is just the beginningâ€",452,"1","2024-09-26T16:00:02.095971Z",228,12.683,"Normal","2024-09-26T16:00:02.096500Z"
"11/10/20",231,"#Endpolicebrutality",451,"1","2024-09-26T15:59:45.497109Z",229,5.196,"Normal","2024-09-26T15:59:45.497280Z"
"1/10/20",232,"This is not about me/You or any individual !! This is for us and the next generation to come! Love everybody! â¤ï¸",450,"1","2024-09-26T15:59:33.037633Z",230,13.968,"Normal","2024-09-26T15:59:33.037898Z"
"11/10/20",233,"This is just the beginning!! We won our fight to #ENDSARS .. now Reform the Nigerian police!! #Endpolice brutality! We deserve good governance! #Endpolicebrutality",449,"1","2024-09-26T15:59:14.889353Z",231,6.366,"Normal","2024-09-26T15:59:14.889572Z"
"11/10/20",234,"Now my people .. you see what our voices did...this is the beginning of a new Nigeria! Nigerian youths!! Know your rights and fight for it ! You deserve it. We all deserve it!!",448,"1","2024-09-26T15:59:04.517444Z",232,10.07,"Normal","2024-09-26T15:59:04.517680Z"
"9/10/20",235,"@Laurestar old woman.... â€œsee your matesâ€ God bless every woman #EndSARS",447,"1","2024-09-26T15:58:51.944340Z",233,4.23,"Normal","2024-09-26T15:58:51.944450Z"
"9/10/20",236,"You think they had some time to discuss SARS?",446,"1","2024-09-26T15:58:45.110914Z",234,3.35,"Normal","2024-09-26T15:58:45.111212Z"
"9/10/20",237,"#endsars #endpolicebrutality ğŸ‡³ğŸ‡¬ğŸ’”",445,"1","2024-09-26T15:58:10.628952Z",235,2.383,"Normal","2024-09-26T15:58:10.629150Z"
"6/10/20",238,"lol a 77 year old man is not young ma.. You are a woman and a mother and kids are getting killed by police/sars and this is all you have to say? shame on you!!! shame on you!! I am a father and age has nothing to do with demanding for a better governance in my country!!",444,"1","2024-09-26T15:58:00.602830Z",236,25.94,"Normal","2024-09-26T15:58:00.603441Z"
"6/10/20",239,"#EndSars #Endpolicebrutality",443,"1","2024-09-26T15:57:25.376103Z",237,2.55,"Normal","2024-09-26T15:57:25.376381Z"
"4/10/20",240,"Donald trump is not your business! 
Old man! Police/Sarz still killing 
Nigerian youth on a daily! Do something!
Nothing concern u for America! 
Face your country !!",442,"1","2024-09-26T15:57:04.975864Z",238,24.191,"Offensive","2024-09-26T15:57:04.976068Z"
"4/10/20",241,"#EndSARS",441,"1","2024-09-26T15:56:36.262305Z",239,2.89,"Normal","2024-09-26T15:56:36.262492Z"
"4/10/20",242,"No WahalağŸ¤¨ğŸ¦…",440,"1","2024-09-26T15:56:30.128076Z",240,4.876,"Normal","2024-09-26T15:56:30.128315Z"
"2/10/20",243,"We stand. ğŸ¦…ğŸ’š",439,"1","2024-09-26T15:56:14.838376Z",241,3.265,"Normal","2024-09-26T15:56:14.838529Z"
"2/10/20",244,"Mo wa pelu yin â¤ï¸ğŸ‡³ğŸ‡¬ğŸ¦…",438,"1","2024-09-26T15:56:08.739339Z",242,3.476,"Normal","2024-09-26T15:56:08.739492Z"
"30/9/20",245,"On da way! ğŸ¦…",437,"1","2024-09-26T15:56:01.533892Z",243,3.033,"Normal","2024-09-26T15:56:01.534184Z"
"30/09/20",246,"OCTOBER ğŸ‡³ğŸ‡¬ğŸ‡³ğŸ‡¬ğŸ‡³ğŸ‡¬",436,"1","2024-09-26T15:55:55.069658Z",244,2.278,"Normal","2024-09-26T15:55:55.069827Z"
"30/09/20",247,"Stay tuned ğŸ‘€",435,"1","2024-09-26T15:55:48.862867Z",245,2.22,"Normal","2024-09-26T15:55:48.863105Z"
"24/9/20",248,"Thank You for making this special ğŸ¦…â¤ï¸",434,"1","2024-09-26T15:55:44.096269Z",246,2.988,"Normal","2024-09-26T15:55:44.096511Z"
"24/9/20",249,"Zion ğŸ–¤",433,"1","2024-09-26T15:55:37.777492Z",247,3.014,"Normal","2024-09-26T15:55:37.777645Z"
"24/9/20",250,"Ayo ğŸ–¤",432,"1","2024-09-26T15:55:31.397419Z",248,3.73,"Normal","2024-09-26T15:55:31.397650Z"
"24/9/20",251,"Bolu ğŸ–¤",431,"1","2024-09-26T15:55:24.054164Z",249,2.182,"Normal","2024-09-26T15:55:24.054356Z"
"22/9/20",252,"Lagos â¤ï¸ğŸ¦…",430,"1","2024-09-26T15:55:17.138751Z",250,2.819,"Normal","2024-09-26T15:55:17.138878Z"
"24/9/20",253,"God is good! ğŸ’™ğŸ’™ğŸ’™ğŸ’™",429,"1","2024-09-26T15:55:11.791259Z",251,2.101,"Normal","2024-09-26T15:55:11.791432Z"
"23/9/20",254,"Smile ğŸ˜Š",428,"1","2024-09-26T15:55:05.951890Z",252,3.187,"Normal","2024-09-26T15:55:05.960956Z"
"22/9/20",255,"No Stress!",427,"1","2024-09-26T15:54:59.596929Z",253,1.847,"Normal","2024-09-26T15:54:59.597078Z"
"17/9/20",256,"No Stress âŒâŒâŒ",426,"1","2024-09-26T15:54:54.431981Z",254,3.322,"Normal","2024-09-26T15:54:54.432188Z"
"16/9/20",257,"No stress ğŸ¦…",425,"1","2024-09-26T15:54:47.516363Z",255,7.841,"Normal","2024-09-26T15:54:47.516516Z"
"31/7/20",258,"Good day to wake up! Disney owe me $100M !! ğŸ˜",424,"1","2024-09-26T15:54:36.656115Z",256,10.963,"Normal","2024-09-26T15:54:36.656360Z"
"28/7/20",259,"ğŸ˜‚ğŸ˜‚ never ever ever !! â¤",423,"1","2024-09-26T15:54:22.430096Z",257,3.027,"Normal","2024-09-26T15:54:22.430255Z"
"27/7/20",260,"My woman made me fried rice and Suya!!. Blessed day. Enjoy yoursâ¤",422,"1","2024-09-26T15:54:10.955305Z",258,6.327,"Normal","2024-09-26T15:54:10.955579Z"
"27/7/20",261,"Go listen to my family!!! â¤â¤",421,"1","2024-09-26T15:54:01.190374Z",259,3.262,"Normal","2024-09-26T15:54:01.190653Z"
"27/7/20",262,"MOB",420,"1","2024-09-26T15:53:54.743813Z",260,4.067,"Normal","2024-09-26T15:53:54.743961Z"
"26/7/20",263,"Satisfy my soul ğŸ¶",419,"1","2024-09-26T15:53:42.973388Z",261,3.827,"Normal","2024-09-26T15:53:42.973618Z"
"15/7/20",264,"SMILE!!",418,"1","2024-09-26T15:53:35.334461Z",262,3.069,"Normal","2024-09-26T15:53:35.334609Z"
"15/7/20",265,"Zion sending Love to you and yours! â¤",417,"1","2024-09-26T15:53:27.682127Z",263,3.525,"Normal","2024-09-26T15:53:27.682314Z"
"11/7/20",266,"SMILE",416,"1","2024-09-26T15:53:21.464976Z",264,2.328,"Normal","2024-09-26T15:53:21.465270Z"
"11/7/20",267,"ğŸ˜‚ğŸ¤£ Love UNA!! â¤",415,"1","2024-09-26T15:53:13.794943Z",265,2.888,"Normal","2024-09-26T15:53:13.795261Z"
"11/7/20",268,"My brudda. I no see anything o ğŸ¤“",414,"1","2024-09-26T15:53:08.073739Z",266,3.698,"Normal","2024-09-26T15:53:08.074331Z"
"11/7/20",269,"That was quick ğŸ˜­â¤",413,"1","2024-09-26T15:53:00.335434Z",267,3.074,"Normal","2024-09-26T15:53:00.335656Z"
"11/7/20",270,"ğŸ¤£ MY G!",412,"1","2024-09-26T15:52:54.171936Z",268,2.135,"Normal","2024-09-26T15:52:54.172255Z"
"11/7/20",271,"Yes sir!!",411,"1","2024-09-26T15:52:48.377080Z",269,2.392,"Normal","2024-09-26T15:52:48.377344Z"
"11/7/20",272,"ğŸ’¥ dope !!! â¤",410,"1","2024-09-26T15:52:22.753469Z",270,2.113,"Normal","2024-09-26T15:52:22.753693Z"
"9/7/20",273,"SMILE",409,"1","2024-09-26T15:52:16.856530Z",271,3.05,"Normal","2024-09-26T15:52:16.856722Z"
"12/6/20",274,"Blessed beyond words",408,"1","2024-09-26T15:52:10.644491Z",272,4.605,"Normal","2024-09-26T15:52:10.644710Z"
"11/6/20",275,"I never see any naija pastor go isolation heal anybody from covid lol",407,"1","2024-09-26T15:52:00.727515Z",273,3.275,"Normal","2024-09-26T15:52:00.727742Z"
"11/6/20",276,"I said idk",406,"1","2024-09-26T15:51:49.166139Z",274,2.619,"Normal","2024-09-26T15:51:49.166376Z"
"11/6/20",277,"U Need to gerrout! ğŸš¶ğŸ¿",405,"1","2024-09-26T15:51:42.159201Z",275,3.808,"Normal","2024-09-26T15:51:42.159461Z"
"11/6/20",278,"Ciroc ğŸ”µ",404,"1","2024-09-26T15:51:35.596331Z",276,2.425,"Normal","2024-09-26T15:51:35.596461Z"
"3/6/20",279,"Fuck hashtags G.... I just dey speak my mind.",403,"1","2024-09-26T15:51:30.179603Z",277,4.594,"Normal","2024-09-26T15:51:30.179842Z"
"3/6/20",280,"Tbh Idk",402,"1","2024-09-26T15:51:19.803989Z",278,3.714,"Normal","2024-09-26T15:51:19.804660Z"
"3/6/20",281,"Next election ! Use your voice and your votes wisely!!",401,"1","2024-09-26T15:51:11.752797Z",279,7.848,"Normal","2024-09-26T15:51:11.753146Z"
"3/6/20",282,"Fela made songs before I was born about the issues of bad leadership and governance and even to this present administration!! my brudda nothing has changed. We gats do more",400,"1","2024-09-26T15:50:55.460845Z",280,11.909,"Normal","2024-09-26T15:50:55.461000Z"
"3/6/20",283,"Inhuman !!!country is a mess ! Useless leaders!!",399,"1","2024-09-26T15:50:36.510541Z",281,7.242,"Offensive","2024-09-26T15:50:36.510832Z"
"1/6/20",284,"#SayNoToRape",398,"1","2024-09-26T15:50:26.442312Z",282,2.886,"Normal","2024-09-26T15:50:26.442549Z"
"1/6/20",285,"God save the world ! Save the people â¤",397,"1","2024-09-26T15:50:02.431351Z",283,7.732,"Normal","2024-09-26T15:50:02.431658Z"
"1/6/20",286,"Buhari/Trump same person lol only difference be say one sabi use twitter pass the other. Clueless!",396,"1","2024-09-26T15:49:50.459741Z",284,11.328,"Normal","2024-09-26T15:49:50.459969Z"
"8/3/21",287,"#InternationalWomensDay",395,"1","2024-09-26T15:49:34.553845Z",285,4.524,"Normal","2024-09-26T15:49:34.553998Z"
"27/5/20",288,"@starboyterri day!! Long life my G. Love 4 life! â¤â¤",394,"1","2024-09-26T15:49:26.308573Z",286,12.072,"Normal","2024-09-26T15:49:26.308720Z"
"30/5/20",289,"Police dey kill black Americans and Naija police dey kill Nigerians. No man fit sort this matter. God save us",393,"1","2024-09-26T15:49:02.039463Z",287,9.353,"Normal","2024-09-26T15:49:02.039721Z"
"15/5/20",290,"Serious music +",392,"1","2024-09-26T15:48:49.530783Z",288,2.521,"Normal","2024-09-26T15:48:49.530976Z"
"13/5/20",291,"My first love is 9! Wow! Boluwatife mi â¤",391,"1","2024-09-26T15:48:43.265281Z",289,5.158,"Normal","2024-09-26T15:48:43.265526Z"
"11/5/20",292,"Miss Suya !!",390,"1","2024-09-26T15:48:34.783661Z",290,3.504,"Normal","2024-09-26T15:48:34.783884Z"
"11/5/20",293,"Stay safe ! Stay inspired â¤",389,"1","2024-09-26T15:48:26.391332Z",291,3.386,"Normal","2024-09-26T15:48:26.391480Z"
"30/4/20",294,"New music all year",388,"1","2024-09-26T15:48:19.896946Z",292,2.124,"Normal","2024-09-26T15:48:19.897205Z"
"30/4/20",295,"Wanna fuck to DAT ""balance"" song ğŸ˜­ğŸ’œ",387,"1","2024-09-26T15:48:14.371250Z",293,4.186,"Normal","2024-09-26T15:48:14.371381Z"
"30/4/20",296,"This is how I dance to this song ğŸ˜­",386,"1","2024-09-26T15:48:07.083072Z",294,4.262,"Normal","2024-09-26T15:48:07.083328Z"
"30/4/20",297,"@starboyterri Terri Time!",385,"1","2024-09-26T15:47:59.487785Z",295,7.75,"Normal","2024-09-26T15:47:59.487934Z"
"28/4/20",298,"Love to everyone spending these crazy times without family! â¤",314,"1","2024-09-26T15:34:11.998852Z",296,11.25,"Normal","2024-09-26T15:34:11.999000Z"
"14/4/20",299,"Love pain but hate this one",313,"1","2024-09-26T15:33:57.162490Z",297,8.199,"Normal","2024-09-26T15:33:57.162726Z"
"14/4/20",300,"Fractured finger ğŸ˜¢ğŸ˜¢",312,"1","2024-09-26T15:32:49.015295Z",298,8.826,"Normal","2024-09-26T15:32:49.015453Z"
"6/4/20",301,"Oluwa guide and protect ğŸ™",311,"1","2024-09-26T15:32:35.696431Z",299,2.851,"Normal","2024-09-26T15:32:35.696589Z"
"29/3/20",302,"Let's run it g",310,"1","2024-09-26T15:32:28.664700Z",300,2.427,"Normal","2024-09-26T15:32:28.664892Z"
"29/3/20",303,"Bored! Might just drop music yo fuk!",309,"1","2024-09-26T15:32:20.859401Z",301,2.753,"Normal","2024-09-26T15:32:20.859499Z"
"28/3/20",304,"I am the best!! ğŸ˜",308,"1","2024-09-26T15:32:13.259835Z",302,2.401,"Normal","2024-09-26T15:32:13.260114Z"
"28/3/20",305,"Wake up and give thanks.",307,"1","2024-09-26T15:32:07.298675Z",303,3.444,"Normal","2024-09-26T15:32:07.298991Z"
"28/3/20",306,"All ma ladies! Starboy dey miss Una ğŸ˜˜",306,"1","2024-09-26T15:32:00.399545Z",304,3.843,"Normal","2024-09-26T15:32:00.399836Z"
"22/3/20",307,"Everyday Motherâ€™s Day â¤ï¸ğŸ–¤",305,"1","2024-09-26T15:31:50.682363Z",305,4.043,"Normal","2024-09-26T15:31:50.682516Z"
"22/3/20",308,"Big stepper!! Happy birthday mentor!!! God bless you @TonyOElumelu !!",304,"1","2024-09-26T15:31:34.994198Z",306,47.398,"Normal","2024-09-26T15:31:34.994435Z"
"21/3/20",309,"Thankful",303,"1","2024-09-26T15:30:43.200657Z",307,3.605,"Normal","2024-09-26T15:30:43.200934Z"
"21/3/20",310,"Crazy ma nigga ğŸ˜‚!! ğŸ”¥ğŸ”¥ğŸ”¥",302,"1","2024-09-26T15:30:35.404551Z",308,3.158,"Normal","2024-09-26T15:30:35.404725Z"
"21/3/20",311,"That eve bounce remix making me wanna be in the sun right now! ğŸ˜",301,"1","2024-09-26T15:30:23.568565Z",309,4.067,"Normal","2024-09-26T15:30:23.568799Z"
"19/3/20",312,"U know I love dis 1 g! Send on. Iâ€™ll record tonight !",300,"1","2024-09-26T15:30:13.747683Z",310,4.45,"Normal","2024-09-26T15:30:13.747925Z"
"19/3/20",313,"Teni makanaki...hmmmm ok.. Sunday night. Game on ğŸ’¯",299,"1","2024-09-26T15:30:05.594918Z",311,8.368,"Normal","2024-09-26T15:30:05.595196Z"
"19/3/20",314,"Lol Cuppy Na my nigga still...I owe her 1 !",298,"1","2024-09-26T15:29:51.771962Z",312,3.66,"Normal","2024-09-26T15:29:51.772112Z"
"18/3/20",315,"ğŸ¤£ğŸ˜‚ğŸ¤£ una go kee mi for here",297,"1","2024-09-26T15:29:44.622546Z",313,3.022,"Normal","2024-09-26T15:29:44.622766Z"
"19/3/20",316,"Cuppy send me dollars !",296,"1","2024-09-26T15:29:36.692382Z",314,3.485,"Normal","2024-09-26T15:29:36.692644Z"
"19/3/20",317,"Peppered snail ğŸ˜",295,"1","2024-09-26T15:29:29.482473Z",315,11.637,"Normal","2024-09-26T15:29:29.482714Z"
"19/3/20",318,"I do!!",294,"1","2024-09-26T15:29:12.053653Z",316,4.242,"Normal","2024-09-26T15:29:12.053805Z"
"19/3/20",319,"This is a very good idea ğŸ¤”",293,"1","2024-09-26T15:29:04.173067Z",317,3.699,"Normal","2024-09-26T15:29:04.173314Z"
"19/3/20",320,"ğŸ¤£ ! I go chop ur money too. Mo sin sara ni o . Ma fo",292,"1","2024-09-26T15:28:45.220995Z",318,5.571,"Normal","2024-09-26T15:28:45.221311Z"
"19/3/20",321,"Snap! ğŸ˜ˆ",291,"1","2024-09-26T15:28:35.841505Z",319,2.807,"Normal","2024-09-26T15:28:35.841658Z"
"19/3/20",322,"I go chop your money o lol",290,"1","2024-09-26T15:28:29.124660Z",320,4.785,"Normal","2024-09-26T15:28:29.124889Z"
"19/3/20",323,"Oh how are you my friend",289,"1","2024-09-26T15:28:18.679602Z",321,3.658,"Normal","2024-09-26T15:28:18.679855Z"
"19/3/20",324,"Naija government how far? ğŸ¤”",288,"1","2024-09-26T15:28:11.643528Z",322,2.2,"Normal","2024-09-26T15:28:11.643715Z"
"19/3/20",325,"Song is fire still ğŸ”¥",287,"1","2024-09-26T15:28:05.226090Z",323,2.113,"Normal","2024-09-26T15:28:05.226304Z"
"19/3/20",326,"Yo !!! ğŸ”¥ğŸ”¥ğŸ”¥ DM me letâ€™s do it!",286,"1","2024-09-26T15:27:58.601783Z",324,3.057,"Normal","2024-09-26T15:27:58.602135Z"
"19/3/20",327,"I play that everyday too!",285,"1","2024-09-26T15:27:52.233843Z",325,2.639,"Normal","2024-09-26T15:27:52.233989Z"
"19/3/20",328,"I play this album everyday!",284,"1","2024-09-26T15:27:45.761138Z",326,3.257,"Normal","2024-09-26T15:27:45.761387Z"
"19/3/20",329,"Anyway! Iâ€™m bored again today",283,"1","2024-09-26T15:27:39.259585Z",327,3.48,"Normal","2024-09-26T15:27:39.259798Z"
"17/3/20",330,"Pls wear mask and gloves pls!",282,"1","2024-09-26T15:27:32.819880Z",328,5.777,"Normal","2024-09-26T15:27:32.820075Z"
"17/3/20",331,"Got my snap bitches!....Let the foolery begin",280,"1","2024-09-26T15:27:15.175791Z",329,4.483,"Normal","2024-09-26T15:27:15.176064Z"
"17/3/20",332,"Bored ğŸ¤¡ğŸ¤¡ğŸ¤¡ğŸ¤¡ğŸ¤¡ğŸ¤¡ğŸ¤¡",281,"1","2024-09-26T15:27:22.323926Z",330,3.241,"Normal","2024-09-26T15:27:22.324221Z"
"17/3/20",333,"World Sarz day â¤ï¸ğŸ–¤ğŸ¦… real champion!! @beatsbysarz",279,"1","2024-09-26T15:27:06.229865Z",331,7.22,"Normal","2024-09-26T15:27:06.230421Z"
"17/3/20",334,"Japa japa ğŸ›©ğŸ›©",278,"1","2024-09-26T15:26:54.770264Z",332,2.094,"Normal","2024-09-26T15:26:54.770492Z"
"15/3/20",335,"Donâ€™t forget to say a prayer for the world..â¤ï¸ love you all. Stay safe â¤ï¸",277,"1","2024-09-26T15:26:48.688123Z",333,8.027,"Normal","2024-09-26T15:26:48.688319Z"
"15/3/20",336,"Lol ok good night! I don try today!",276,"1","2024-09-26T15:26:36.359792Z",334,39.773,"Normal","2024-09-26T15:26:36.360145Z"
"15/3/20",337,"Omo Na Riri go pay me child support once we born o!",275,"1","2024-09-26T15:25:46.054315Z",335,15.422,"Normal","2024-09-26T15:25:46.054463Z"
"15/3/20",338,"Amen amen!! God pls guide and protect our people! ğŸ’”",274,"1","2024-09-26T15:25:26.359686Z",336,6.486,"Normal","2024-09-26T15:25:26.359927Z"
"15/3/20",339,"Uâ€™re doing well ğŸ¦…",273,"1","2024-09-26T15:25:15.911769Z",337,2.604,"Normal","2024-09-26T15:25:15.911976Z"
"15/3/20",340,"Ok Bizzle. Collect her CV. Management will review and revert ğŸ˜",272,"1","2024-09-26T15:25:09.433733Z",338,6.928,"Normal","2024-09-26T15:25:09.433930Z"
"15/3/20",341,"God guide and protect",271,"1","2024-09-26T15:24:58.610233Z",339,4.169,"Normal","2024-09-26T15:24:58.610387Z"
"15/3/20",342,"Explosions in Lagos? ğŸ˜³ğŸ˜³ God take back 2020! ğŸ’”ğŸ’”ğŸ’”ğŸ’”ğŸ’”",270,"1","2024-09-26T15:24:48.801594Z",340,5.843,"Normal","2024-09-26T15:24:48.801752Z"
"15/3/20",343,"About to email Ri ri this baby ğŸ¤”",269,"1","2024-09-26T15:24:37.946841Z",341,5.05,"Normal","2024-09-26T15:24:37.946992Z"
"15/3/20",344,"Iâ€™m trying man ! Iâ€™m trying!",268,"1","2024-09-26T15:24:09.366422Z",342,3.568,"Normal","2024-09-26T15:24:09.366560Z"
"15/3/20",345,"Hmmm ğŸ¤”",267,"1","2024-09-26T15:24:01.104954Z",343,2.314,"Normal","2024-09-26T15:24:01.105254Z"
"15/3/20",346,"My kids and I in a bit! ğŸ˜ğŸ¤£â¤ï¸ğŸ–¤ğŸ¦…",266,"1","2024-09-26T15:23:54.921626Z",344,2.361,"Normal","2024-09-26T15:23:54.921835Z"
"15/3/20",347,"I really made beautiful babies Man!! ! My boys ! Real soldiers!! â¤ï¸â¤ï¸ğŸ–¤ğŸ¦…",265,"1","2024-09-26T15:23:48.165189Z",345,8.806,"Normal","2024-09-26T15:23:48.165404Z"
"15/3/20",348,"Very amazed by my diaper changing skills ğŸ˜‚ğŸ¤¦â€â™‚ï¸ Zion very proud too ğŸ¤£",264,"1","2024-09-26T15:23:32.682247Z",346,8.24,"Normal","2024-09-26T15:23:32.682478Z"
"14/3/20",349,"Fuck u ğŸ¤£ğŸ˜‚ğŸ˜‚ğŸ¤£ğŸ¤£ğŸ¤£ğŸ¤£",263,"1","2024-09-26T15:23:18.053576Z",347,2.38,"Normal","2024-09-26T15:23:18.053689Z"
"14/3/20",350,"Home is where I wanna be ğŸ¦‹",262,"1","2024-09-26T15:23:12.818708Z",348,3.109,"Normal","2024-09-26T15:23:12.818928Z"
"14/3/20",351,"3peat!!",261,"1","2024-09-26T15:23:04.538820Z",349,4.826,"Normal","2024-09-26T15:23:04.539109Z"
"13/3/20",352,"From a different planet ğŸ¦‹",260,"1","2024-09-26T15:22:52.961859Z",350,2.638,"Normal","2024-09-26T15:22:52.962101Z"
"13/3/20",353,"Misplaced priorities ğŸ¤¦â€â™‚ï¸",259,"1","2024-09-26T15:22:45.073517Z",351,5.259,"Normal","2024-09-26T15:22:45.073669Z"
"13/3/20",354,"Fucking dick heads! Give us 24hr electricity first",258,"1","2024-09-26T15:21:56.355172Z",352,19.212,"Offensive","2024-09-26T15:21:56.355414Z"
"12/3/20",355,"God guide and protect ğŸ¦…",257,"1","2024-09-26T15:21:33.745351Z",353,6.485,"Normal","2024-09-26T15:21:33.745477Z"
"11/3/20",356,"No be today ikebe dey for back ğŸ˜",256,"1","2024-09-26T15:20:45.459513Z",354,7.518,"Normal","2024-09-26T15:20:45.459734Z"
"9/3/20",357,"God is good ğŸ˜‡",255,"1","2024-09-26T15:20:35.249338Z",355,2.772,"Normal","2024-09-26T15:20:35.249601Z"
"5/3/20",358,"On God ğŸ–¤ğŸ¦…",254,"1","2024-09-26T15:20:29.007047Z",356,7.072,"Normal","2024-09-26T15:20:29.007327Z"
"5/3/20",359,"E don happen ğŸ¤·â€â™‚ï¸",253,"1","2024-09-26T15:20:23.700400Z",357,2.974,"Normal","2024-09-26T15:20:23.700569Z"
"5/3/20",360,"Everything burst 2secs!!!",252,"1","2024-09-26T15:20:02.878375Z",358,2.911,"Normal","2024-09-26T15:20:02.878609Z"
"5/3/20",361,"This is my mood for the rest of the year! ğŸ˜",251,"1","2024-09-26T15:19:54.484408Z",359,2.249,"Normal","2024-09-26T15:19:54.484644Z"
"2/3/20",362,"7am shoot ! Very proud of myself ğŸ¤£",250,"1","2024-09-26T15:19:45.725328Z",360,2.785,"Normal","2024-09-26T15:19:45.725482Z"
"1/3/20",363,"Canâ€™t wait! ğŸ’ª",249,"1","2024-09-26T15:19:34.753795Z",361,1.826,"Normal","2024-09-26T15:19:34.753990Z"
"28/2/20",364,"Fire video soon land â¤ï¸ğŸ¦… ğŸ”¥ğŸ”¥",248,"1","2024-09-26T15:19:26.622167Z",362,3.967,"Normal","2024-09-26T15:19:26.622422Z"
"27/2/20",365,"Deals on deals ğŸ˜‡",247,"1","2024-09-26T15:19:17.905053Z",363,2.467,"Normal","2024-09-26T15:19:17.905199Z"
"26/2/20",366,"Rip Dolapo! ğŸ’”God bless his soul and I pray God bless the family with the strength at this time ğŸ’”",246,"1","2024-09-26T15:19:11.485338Z",364,5.084,"Normal","2024-09-26T15:19:11.485489Z"
"24/2/20",367,"This London weather! Abeg Iâ€™m back inside ğŸ¤˜",245,"1","2024-09-26T15:19:03.360257Z",365,3.311,"Normal","2024-09-26T15:19:03.360444Z"
"24/2/20",368,"Iâ€™m outside!!",244,"1","2024-09-26T15:18:52.343224Z",366,2.889,"Normal","2024-09-26T15:18:52.343478Z"
"23/2/20",369,"AfroSeries",243,"1","2024-09-26T15:18:44.446645Z",367,3.418,"Normal","2024-09-26T15:18:44.446874Z"
"23/2/20",370,"Tems and I created magic ğŸ˜‡â¤ï¸ğŸ¦…",242,"1","2024-09-26T15:18:37.274058Z",368,4.745,"Normal","2024-09-26T15:18:37.274243Z"
"20/2/20",371,"Very happy for growth and Godâ€™s guidance.. I love my scars more than ever",241,"1","2024-09-26T15:18:25.086911Z",369,6.796,"Normal","2024-09-26T15:18:25.087209Z"
"20/2/20",372,"Finally done! So you know what that means! ğŸ˜¤ğŸ˜¤",240,"1","2024-09-26T15:18:14.815348Z",370,4.45,"Normal","2024-09-26T15:18:14.815624Z"
"20/2/20",373,"I been working on my album and my spirit.",239,"1","2024-09-26T15:18:03.829308Z",371,13.181,"Normal","2024-09-26T15:18:03.829542Z"
"20/2/20",374,"Say man wake Na blessing o. Eledumare thank you ğŸ˜‡",238,"1","2024-09-26T15:17:42.101099Z",372,6.797,"Normal","2024-09-26T15:17:42.101287Z"
"19/2/20",375,"Fly high woo ğŸ¦…ğŸ’”",237,"1","2024-09-26T15:17:26.452289Z",373,2.255,"Normal","2024-09-26T15:17:26.452564Z"
"16/2/20",376,"Bliss Sunday ğŸ¦…",236,"1","2024-09-26T15:17:20.556825Z",374,2.676,"Normal","2024-09-26T15:17:20.557045Z"
"14/2/20",377,"Mama waking up to 100 roses !ğŸ˜˜â¤ï¸ğŸ¦…",235,"1","2024-09-26T15:17:13.300297Z",375,3.428,"Normal","2024-09-26T15:17:13.300448Z"
"9/2/20",378,"Be confident !",234,"1","2024-09-26T15:17:05.242549Z",376,2.178,"Normal","2024-09-26T15:17:05.243648Z"
"8/2/20",379,"Very thankful ğŸ˜‡ğŸ–¤ğŸ¦…",233,"1","2024-09-26T15:16:57.814606Z",377,2.445,"Normal","2024-09-26T15:16:57.814841Z"
"7/2/20",380,"I break not! ğŸ˜",232,"1","2024-09-26T15:16:52.003521Z",378,2.859,"Normal","2024-09-26T15:16:52.003737Z"
"5/2/20",381,"Iâ€™m tired! ğŸ¤·â€â™‚ï¸ ğŸ˜«ğŸ˜‚",231,"1","2024-09-26T15:16:45.420209Z",379,2.248,"Normal","2024-09-26T15:16:45.420340Z"
"5/2/20",382,"Tâ€™s day!! ğŸ–¤â¤ï¸ğŸ¦… long life/ more life!",230,"1","2024-09-26T15:16:40.371340Z",380,3.557,"Normal","2024-09-26T15:16:40.371594Z"
"5/2/20",383,"Spent last couple days by myself....Never underestimate your powers âš¡ï¸",229,"1","2024-09-26T15:16:32.896740Z",381,6.008,"Normal","2024-09-26T15:16:32.897002Z"
"26/1/20",384,"ğŸ’”short life",228,"1","2024-09-26T15:16:18.613620Z",382,463.406,"Normal","2024-09-26T15:16:18.613794Z"
"26/1/20",385,"King Burna! Bring it home! ğŸ’¯ğŸ–¤â¤ï¸ğŸ¦…",227,"1","2024-09-26T15:08:26.217507Z",383,5.936,"Normal","2024-09-26T15:08:26.217765Z"
"26/1/20",386,"Wake up and get fresh for no bloody reason! ğŸ¦…",226,"1","2024-09-26T15:08:16.270562Z",384,4.588,"Normal","2024-09-26T15:08:16.270714Z"
"25/1/20",387,"Itâ€™s plenty ğŸ˜‡",225,"1","2024-09-26T15:08:05.503477Z",385,9.934,"Normal","2024-09-26T15:08:05.503647Z"
"24/1/20",388,"U already know gang ğŸ–¤ğŸ¦…ğŸ¤˜",224,"1","2024-09-26T15:07:51.867206Z",386,3.916,"Normal","2024-09-26T15:07:51.867316Z"
"24/1/20",389,"To see my sons smile brighten every grey sky ğŸ˜‡â¤ï¸ğŸ¦… #MadeinLagos",223,"1","2024-09-26T15:07:43.853418Z",387,4.568,"Normal","2024-09-26T15:07:43.853689Z"
"24/1/20",390,"I might be rough around the edges baby yes, I keep it nappy and I do what make me happy ğŸ¹ #MadeinLagos",222,"1","2024-09-26T15:07:28.557323Z",388,6.919,"Normal","2024-09-26T15:07:28.557624Z"
"22/1/20",391,"Lagos ğŸ˜‡",221,"1","2024-09-26T15:07:17.886959Z",389,3.873,"Normal","2024-09-26T15:07:17.887186Z"
"21/1/20",392,"Don Toliver ğŸ”¥ğŸ”¥ğŸ”¥",220,"1","2024-09-26T15:07:08.140308Z",390,4.754,"Normal","2024-09-26T15:07:08.140588Z"
"20/1/20",393,"Very thankful ğŸ¦…",219,"1","2024-09-26T15:07:00.150581Z",391,2.358,"Normal","2024-09-26T15:07:00.150804Z"
"19/1/20",394,"Ma Nigga wetin Dey marinate ?",218,"1","2024-09-26T15:06:53.782734Z",392,8.235,"Normal","2024-09-26T15:06:53.782962Z"
"19/1/20",395,"ğŸ˜‚ no space abeg!",217,"1","2024-09-26T15:06:40.840649Z",393,2.624,"Normal","2024-09-26T15:06:40.840888Z"
"19/1/20",396,"Oluwa bless my day ğŸ–¤ğŸ¦…",216,"1","2024-09-26T15:06:32.380247Z",394,11.589,"Normal","2024-09-26T15:06:32.380494Z"
"24/12/19",397,"New me",215,"1","2024-09-26T15:06:18.592813Z",395,2.305,"Normal","2024-09-26T15:06:18.592960Z"
"22/12/19",398,"take ! I dash you! ğŸ˜",214,"1","2024-09-26T15:06:12.495864Z",396,2.357,"Normal","2024-09-26T15:06:12.496198Z"
"5/12/19",399,"Kampala Uganda!! â¤ï¸ğŸ–¤ğŸ¦…",213,"1","2024-09-26T15:06:06.858116Z",397,2.978,"Normal","2024-09-26T15:06:06.858399Z"
"4/12/19",400,"Uganda ğŸš€ğŸš€ğŸš€ğŸ¦…",212,"1","2024-09-26T15:05:58.531657Z",398,3.153,"Normal","2024-09-26T15:05:58.531809Z"
"19/11/19",401,"Ladies! Daddy ready for you â¤ï¸ğŸ¦…",211,"1","2024-09-26T15:05:52.484225Z",399,2.181,"Normal","2024-09-26T15:05:52.484536Z"
"18/11/19",402,"Last night big vibe! But I still went to sleep alone...",210,"1","2024-09-26T15:05:43.960790Z",400,7.656,"Normal","2024-09-26T15:05:43.960946Z"
"16/11/19",403,"Marlians!! zero belt 3thousand trousers! No mannaz!! ğŸ¤®",209,"1","2024-09-26T15:05:26.898852Z",401,18.3,"Normal","2024-09-26T15:05:26.899048Z"
"8/11/19",404,"Mood ğŸ˜ in my bag foreal!",208,"1","2024-09-26T15:05:01.927499Z",402,6.984,"Normal","2024-09-26T15:05:01.927814Z"
"7/11/19",405,"Zion serious Marlian! ğŸ¤¯ğŸ¤¯ğŸ¤¯â¤ï¸ğŸ¦…",207,"1","2024-09-26T15:04:50.893609Z",403,4.115,"Normal","2024-09-26T15:04:50.893842Z"
"21/10/19",406,"Still in awe! Sleepless nights to get this right! â¤ï¸ thank God! #Starboyfest!! We taking this all over the world!! ğŸ˜ˆğŸ˜ˆ we coming â¤ï¸â¤ï¸â¤ï¸",206,"1","2024-09-26T15:04:44.031495Z",404,9.614,"Normal","2024-09-26T15:04:44.031725Z"
"6/10/19",407,"Daddy ready for you too ladies! â¤ï¸ğŸ¤˜",205,"1","2024-09-26T15:04:18.660567Z",405,4.04,"Normal","2024-09-26T15:04:18.660696Z"
"30/10/19",408,"how to use your waist for this one! ğŸ˜ğŸ˜‚ Joro!",204,"1","2024-09-26T15:04:09.899057Z",406,5.547,"Normal","2024-09-26T15:04:09.899315Z"
"3/1/19",409,"Gone till March! Thank u ğŸ’”â¤ï¸",203,"1","2024-09-26T15:04:00.139898Z",407,2.046,"Normal","2024-09-26T15:04:00.140136Z"
"24/10/18",410,"This one is special to me! Made a movie with my Best friend..ğŸŒ¹ğŸ¦…â¤ï¸ğŸ§¡ğŸ’œğŸ’š",202,"1","2024-09-26T15:03:50.601718Z",408,4.709,"Normal","2024-09-26T15:03:50.601868Z"
"20/10/18",411,"Always looking for Dad! ğŸ˜‚â¤ï¸â¤ï¸",201,"1","2024-09-26T15:03:40.654844Z",409,5.68,"Normal","2024-09-26T15:03:40.654998Z"
"11/9/18",412,"Amazing seeing da boyz in my kit. ğŸ˜‡ğŸ˜‡â¤ï¸â¤ï¸ Surulere hustle to da world !",200,"1","2024-09-26T15:03:25.369704Z",410,12.983,"Normal","2024-09-26T15:03:25.369948Z"
"10/9/18",413,"Tell me why i no go love una! ğŸ˜©ğŸ˜©ğŸ˜©â¤ï¸â¤ï¸â¤ï¸â¤ï¸â¤ï¸â¤ï¸ğŸŒğŸŒğŸ˜˜",199,"1","2024-09-26T15:03:08.746194Z",411,4.753,"Normal","2024-09-26T15:03:08.746431Z"
"30/8/18",414,"Starboy ğŸŒğŸŒ",198,"1","2024-09-26T15:02:59.075920Z",412,2.463,"Normal","2024-09-26T15:02:59.076577Z"
"19/8/18",415,"Thank uâ¤ï¸",197,"1","2024-09-26T15:02:53.374753Z",413,2.342,"Normal","2024-09-26T15:02:53.374940Z"
"26/7/18",416,"Fake love! We made a classic â¤ï¸ğŸ™ğŸ¾",196,"1","2024-09-26T15:02:44.647820Z",414,3.589,"Normal","2024-09-26T15:02:44.648097Z"
"21/6/18",417,"ğŸ“¹ğŸ“¹ ğŸŒ¹ğŸ¦…ğŸ¦… Forever up!",195,"1","2024-09-26T15:02:35.714826Z",415,10.346,"Normal","2024-09-26T15:02:35.714998Z"
"18/6/18",418,"Woke up next to King Zion! â¤ï¸",194,"1","2024-09-26T15:02:16.340372Z",416,3.957,"Normal","2024-09-26T15:02:16.340596Z"
"16/6/18",419,"â¤ï¸â¤ï¸ @NaomiCampbell ğŸŒ¹ğŸ¦…â¤ï¸",193,"1","2024-09-26T15:02:05.610890Z",417,8.402,"Normal","2024-09-26T15:02:05.611158Z"
"16/6/18",420,"Starboy 4 @dolcegabbana ğŸ‡³ğŸ‡¬â¤ï¸ğŸ¦…ğŸŒ¹",192,"1","2024-09-26T15:01:52.987116Z",418,5.557,"Normal","2024-09-26T15:01:52.987408Z"
"6/6/18",421,"Ninioooooola!!!! ğŸ›‘â¤ï¸ğŸ¦…ğŸ‡³ğŸ‡¬ğŸ‡³ğŸ‡¬ğŸ‡³ğŸ‡¬ğŸ‡³ğŸ‡¬ğŸ‡³ğŸ‡¬",191,"1","2024-09-26T15:01:42.856605Z",419,4.041,"Normal","2024-09-26T15:01:42.856756Z"
"25/5/18",422,"Zion ready for Pop up! We otwğŸš€ğŸš€",190,"1","2024-09-26T15:01:34.226642Z",420,8.231,"Normal","2024-09-26T15:01:34.226796Z"
"17/5/18",423,"9 Days!! ğŸŒ¹ğŸ‡³ğŸ‡¬ğŸ¦…",189,"1","2024-09-26T15:01:21.675442Z",421,11.978,"Normal","2024-09-26T15:01:21.675680Z"
"29/4/18",424,"Wavy yute! ğŸŒ¹ğŸ¦…",188,"1","2024-09-26T15:01:06.353402Z",422,3.243,"Normal","2024-09-26T15:01:06.353621Z"
"24/4/18",425,"Found My gucci boy! Daddy yo got u! â¤ï¸â¤ï¸ğŸŒ¹ğŸŒ¹",187,"1","2024-09-26T15:00:56.916089Z",423,3.938,"Normal","2024-09-26T15:00:56.916321Z"
"24/4/18",426,"Gucci snake otwğŸ”¥ğŸ”¥ğŸ”¥ğŸğŸğŸğŸâ¤ï¸â¤ï¸â¤ï¸ğŸŒ¹ğŸŒ¹ğŸŒ¹",186,"1","2024-09-26T15:00:45.460350Z",424,3.403,"Normal","2024-09-26T15:00:45.460499Z"
"21/4/18",427,"â¤ï¸ğŸŒ¹ğŸŒ¹ğŸŒ¹ Daddy Yo 4 da galsssğŸ",185,"1","2024-09-26T15:00:38.326627Z",425,3.491,"Normal","2024-09-26T15:00:38.326890Z"
"19/8/18",428,"Thank uâ¤ï¸",184,"1","2024-09-26T15:00:30.171514Z",426,5.283,"Normal","2024-09-26T15:00:30.171756Z"
"10/8/18",429,"NYC! We ready for u tomorrow! Starboy pop up ğŸ‘€â¤ï¸ğŸŒ¹ğŸ¦…",183,"1","2024-09-26T15:00:20.984507Z",427,4.04,"Normal","2024-09-26T15:00:20.984692Z"
"14/4/18",430,"Mood :",182,"1","2024-09-26T15:00:14.026130Z",428,1.759,"Normal","2024-09-26T15:00:14.026315Z"
"22/6/18",431,"More life Genius @Killertunes_Tii !! Love forever brother ğŸš€ğŸš€â¤ï¸ğŸ¦…ğŸ‡³ğŸ‡¬",181,"1","2024-09-26T15:00:07.796219Z",429,6.452,"Normal","2024-09-26T15:00:07.796446Z"
"12/4/18",432,"Mood",180,"1","2024-09-26T14:59:57.489507Z",430,3.156,"Normal","2024-09-26T14:59:57.489767Z"
"21/3/18",433,"This is how i feel this year! ğŸ˜ğŸ’°",179,"1","2024-09-26T14:59:50.336700Z",431,3.388,"Normal","2024-09-26T14:59:50.336853Z"
"7/3/18",434,"Daddy yo dey make street ginger ğŸ¬",178,"1","2024-09-26T14:59:42.143255Z",432,5.014,"Normal","2024-09-26T14:59:42.143479Z"
"7/3/18",435,"Shawty needs a babyğŸ‘€",177,"1","2024-09-26T14:59:32.164675Z",433,3.44,"Normal","2024-09-26T14:59:32.164882Z"
"2/3/18",436,"Gang businessğŸ’°ğŸ’° #Starboy",176,"1","2024-09-26T14:59:24.524256Z",434,2.96,"Normal","2024-09-26T14:59:24.524447Z"
"28/2/18",437,"Welcome to da family. Help me with names...ğŸŒ¹â¤ï¸",175,"1","2024-09-26T14:59:09.315946Z",435,3.989,"Normal","2024-09-26T14:59:09.316277Z"
"25/2/18",438,"Oya Soco!!! ğŸ˜¤ğŸ˜¤â¤ï¸",174,"1","2024-09-26T14:58:59.947954Z",436,3.466,"Normal","2024-09-26T14:58:59.948238Z"
"18/2/18",439,"Greatness Only!! ğŸ™ğŸ¾ğŸ™ğŸ¾ Dex! BloodlineğŸ›‘",173,"1","2024-09-26T14:58:51.894502Z",437,4.8,"Normal","2024-09-26T14:58:51.894802Z"
"9/2/18",440,"Office Open! Matter! ğŸ‡³ğŸ‡¬ğŸ‡³ğŸ‡¬ğŸ‡³ğŸ‡¬",172,"1","2024-09-26T14:58:43.596627Z",438,2.918,"Normal","2024-09-26T14:58:43.596865Z"
"17/2/18",441,"SocoğŸ”¥ğŸ”¥",171,"1","2024-09-26T14:58:33.351982Z",439,2.211,"Normal","2024-09-26T14:58:33.352223Z"
"15/1/18",442,"My baby boy 2.. â¤ï¸â¤ï¸â¤ï¸",170,"1","2024-09-26T14:58:27.997568Z",440,2.456,"Normal","2024-09-26T14:58:27.997688Z"
"7/13/17",443,"Woke up feeling like dis man !! Whatever u do in life, make sure u progress ğŸ’¥",169,"1","2024-09-26T14:58:20.799668Z",441,11.083,"Normal","2024-09-26T14:58:20.799903Z"
"30/10/17",444,"My people na my security âš”",168,"1","2024-09-26T14:58:06.658835Z",442,2.77,"Normal","2024-09-26T14:58:06.659091Z"
"29/10/17",445,"Addis Ababa â¤ï¸",167,"1","2024-09-26T14:57:57.519537Z",443,2.072,"Normal","2024-09-26T14:57:57.519792Z"
"1/10/17",446,"Nigeria my country!! â¤ï¸",166,"1","2024-09-26T14:57:51.931321Z",444,4.975,"Normal","2024-09-26T14:57:51.931518Z"
"30/9/17",447,"Still buzzin â¤ï¸â¤ï¸",165,"1","2024-09-26T14:57:41.803770Z",445,3.629,"Normal","2024-09-26T14:57:41.804000Z"
"30/9/17",448,"Thank God",164,"1","2024-09-26T14:57:34.107756Z",446,3.464,"Normal","2024-09-26T14:57:34.108004Z"
"30/9/17",449,"Star boy â­ï¸â­ï¸â¤ï¸",163,"1","2024-09-26T14:57:26.811913Z",447,3.053,"Normal","2024-09-26T14:57:26.812179Z"
"24/9/17",450,"Rehearsal with my band! Something different for London â¤ï¸",162,"1","2024-09-26T14:57:19.067312Z",448,3.017,"Normal","2024-09-26T14:57:19.067464Z"
"22/8/17",451,"Mood",161,"1","2024-09-26T14:57:12.248583Z",449,3.388,"Normal","2024-09-26T14:57:12.248800Z"
"24/8/17",452,"Mood for life! #SK air ğŸ‚",160,"1","2024-09-26T14:56:59.765937Z",450,2.662,"Normal","2024-09-26T14:56:59.766172Z"
"23/7/17",453,"We had fun in the rain!! ğŸ˜‚",159,"1","2024-09-26T14:56:53.039398Z",451,4.445,"Normal","2024-09-26T14:56:53.039559Z"
"19/7/17",454,"Talked about working with this man. Today we dey here! Legend! To the world my friendğŸš€ğŸš€",158,"1","2024-09-26T14:56:43.991872Z",452,3.911,"Normal","2024-09-26T14:56:43.992139Z"
"16/7/17",455,"Me today!!! ğŸ˜ğŸ˜",157,"1","2024-09-26T14:56:35.441532Z",453,4.148,"Normal","2024-09-26T14:56:35.441683Z"
"15/7/17",456,"Small nigga living BIGğŸ’¥",156,"1","2024-09-26T14:56:28.197907Z",454,2.667,"Normal","2024-09-26T14:56:28.198102Z"
"6/7/17",457,"Love to my fans!! This is all for u! Sharing our good energy with the world!! Hope u Feel the vibes and stay happy!! #SFTOS ! July 14th! â¤ï¸",155,"1","2024-09-26T14:56:20.943203Z",455,2.315,"Normal","2024-09-26T14:56:20.943437Z"
"4/7/17",458,"London bitch! ğŸğŸğŸ ğŸš€",154,"1","2024-09-26T14:56:12.825242Z",456,2.173,"Normal","2024-09-26T14:56:12.825435Z"
"4/7/17",459,"My heart and soul! â¤ï¸â¤ï¸â¤ï¸ Mama's day!",153,"1","2024-09-26T14:56:07.475946Z",457,2.87,"Normal","2024-09-26T14:56:07.476218Z"
"2/7/17",460,"Love the light! ğŸ’«",152,"1","2024-09-26T14:56:00.794147Z",458,6.041,"Normal","2024-09-26T14:56:00.794295Z"
"2/7/17",461,"Boy stop!!! ğŸ˜‚ğŸ˜‚ğŸ˜‚ğŸ˜‚ğŸ˜‚ Love this boy â¤ï¸â¤ï¸",151,"1","2024-09-26T14:55:50.714535Z",459,3.9,"Normal","2024-09-26T14:55:50.714737Z"
"28/6/17",462,"Remeber this? ğŸ˜‚ğŸ˜‚ this was the official birthday cake! ğŸ˜‚",150,"1","2024-09-26T14:55:37.315541Z",460,3.466,"Normal","2024-09-26T14:55:37.315789Z"
"28/6/17",463,"Love u crazy! â¤ï¸",149,"1","2024-09-26T14:55:30.458099Z",461,2.129,"Normal","2024-09-26T14:55:30.458262Z"
"27/6/17",464,"Shit Different on this side ğŸŒŠ",148,"1","2024-09-26T14:55:24.887123Z",462,3.021,"Normal","2024-09-26T14:55:24.887307Z"
"16/6/17",465,"This is me today ğŸ˜",147,"1","2024-09-26T14:55:17.093150Z",463,5.7,"Normal","2024-09-26T14:55:17.093406Z"
"16/6/17",466,"Come with Sade ... Ok?!",146,"1","2024-09-26T14:55:05.013057Z",464,2.583,"Normal","2024-09-26T14:55:05.013290Z"
"16/6/17",467,"Baby girl don't be late ok?!",145,"1","2024-09-26T14:54:57.891600Z",465,7.765,"Normal","2024-09-26T14:54:57.891826Z"
"16/6/17",468,"Baby girl...I only came to fxck!",144,"1","2024-09-26T14:54:38.003832Z",466,7.15,"Normal","2024-09-26T14:54:38.003959Z"
"15/6/17",469,"Low key ğŸ”Š",143,"1","2024-09-26T14:54:30.933848Z",467,7.957,"Normal","2024-09-26T14:54:30.933944Z"
"3/6/17",470,"Stay solid forever!! ğŸ”Š",142,"1","2024-09-26T14:54:26.629286Z",468,5.565,"Normal","2024-09-26T14:54:26.629429Z"
"26/5/17",471,"Soon forward â–¶ï¸â–¶ï¸â–¶ï¸",141,"1","2024-09-26T14:53:37.408230Z",469,2.576,"Normal","2024-09-26T14:53:37.408356Z"
"26/5/17",472,"Brudda 4 life!! ğŸ’¥",140,"1","2024-09-26T14:53:31.689761Z",470,2.362,"Normal","2024-09-26T14:53:31.689996Z"
"26/5/17",473,"Don't believe the hype its all gas â›½ï¸",139,"1","2024-09-26T14:53:25.611636Z",471,4.986,"Normal","2024-09-26T14:53:25.611787Z"
"26/5/17",474,"NY!",138,"1","2024-09-26T14:53:16.201634Z",472,2.261,"Normal","2024-09-26T14:53:16.201799Z"
"8/5/17",475,"Gang shit âš¡ï¸âš¡ï¸",137,"1","2024-09-26T14:53:10.251297Z",473,2.621,"Normal","2024-09-26T14:53:10.251490Z"
"22/4/17",476,"Yeah yeah yeah yeah!!",136,"1","2024-09-26T14:53:04.219399Z",474,2.752,"Normal","2024-09-26T14:53:04.219589Z"
"13/4/17",477,"42 million for the akkant ooooo! Jesuuuu! ğŸ˜©",135,"1","2024-09-26T14:52:57.217787Z",475,3.191,"Normal","2024-09-26T14:52:57.217939Z"
"12/4/17",478,"Blessed guy ğŸ’™",134,"1","2024-09-26T14:52:50.306964Z",476,2.806,"Normal","2024-09-26T14:52:50.307349Z"
"13/4/17",479,"My Brother @wilfriedzaha came thru the shoot â¤ï¸",133,"1","2024-09-26T14:52:43.513054Z",477,3.392,"Normal","2024-09-26T14:52:43.513289Z"
"12/4/17",480,"Bangerz4summer17â—ï¸â—ï¸ #Starboyworldwide",132,"1","2024-09-26T14:52:36.709691Z",478,4.167,"Normal","2024-09-26T14:52:36.710001Z"
"10/4/17",481,"@izzlax happy birthday young king! Rasaki level!! ğŸ”ŠğŸ”ŠğŸ”Š jaiye lo jo!!",131,"1","2024-09-26T14:52:28.069284Z",479,4.219,"Normal","2024-09-26T14:52:28.069492Z"
"10/4/17",482,"Happy birthday queen @EFYA_Nokturnal !! Love u forever! â¤ï¸",130,"1","2024-09-26T14:52:21.132881Z",480,2.026,"Normal","2024-09-26T14:52:21.133078Z"
"8/4/17",483,"#ComeCloser",129,"1","2024-09-26T14:52:14.236640Z",481,2.178,"Normal","2024-09-26T14:52:14.236963Z"
"8/4/17",484,"So far gone..",128,"1","2024-09-26T14:52:08.463594Z",482,4.236,"Normal","2024-09-26T14:52:08.463821Z"
"24/3/17",485,"Loading to attack ğŸ¬ğŸ”Š",127,"1","2024-09-26T14:51:58.443749Z",483,2.727,"Normal","2024-09-26T14:51:58.444088Z"
"26/6/17",486,"July 2nd playing my first gig in 2017!! Can't wait to see my fans in DC at the Echo stage!! Ur boy back baby!! ğŸš€ğŸš€ğŸš€",126,"1","2024-09-26T14:51:50.098305Z",484,40.088,"Normal","2024-09-26T14:51:50.098544Z"
"7/7/17",487,"Nigeria 2017!!! 4 stadiums! We give back all profits made to our people in each state. â¤ï¸",125,"1","2024-09-26T14:51:33.894498Z",485,2.474,"Normal","2024-09-26T14:51:33.894729Z"
"20/12/16",488,"2017! Year of the wizard! ğŸ˜ˆ.",124,"1","2024-09-26T14:44:02.029120Z",486,17.642,"Normal","2024-09-26T14:44:02.029327Z"
"1/1/17",489,"Came into 2017 without my heart!!issa vibe!! ğŸ”¥ğŸ”«",123,"1","2024-09-26T14:43:32.148088Z",487,7.334,"Normal","2024-09-26T14:43:32.148271Z"
"1/10/17",490,"Ehn!! If u no get money ? hide ur face!! ğŸ˜‚ğŸ”¥ but forget! Na wo get 2017 abeg abeg!",122,"1","2024-09-26T14:43:18.109967Z",488,4.532,"Normal","2024-09-26T14:43:18.110256Z"
"7/1/17",491,"Me and the brudda Ty made more bangers with DJ Mustard!! 2017 will be a special one!! ğŸ”¥",121,"1","2024-09-26T14:42:59.669047Z",489,14.145,"Normal","2024-09-26T14:42:59.669332Z"
"4/1/17",492,"2017 will be the one to remember !!!",120,"1","2024-09-26T14:42:41.553942Z",490,3.169,"Normal","2024-09-26T14:42:41.554269Z"
"25/12/16",493,"2017!!! I can't wait! I got 2!! ğŸ˜©",119,"1","2024-09-26T14:42:24.479333Z",491,9.488,"Normal","2024-09-26T14:42:24.479598Z"
"7/4/17",494,"2017! Asap! ğŸ™ğŸ¾",118,"1","2024-09-26T14:42:09.329755Z",492,4.738,"Normal","2024-09-26T14:42:09.329946Z"
"31/3/17",495,"My brother @beatsbysarz one of the best i ever worked with. My man 2017 your year!! ğŸ”¥ğŸ”¥ğŸ”¥ğŸ”ŠğŸ”ŠğŸ”ŠğŸ¬ğŸ¬ğŸ¬",117,"1","2024-09-26T14:42:00.822870Z",493,4.516,"Normal","2024-09-26T14:42:00.823173Z"
"31/12/09",496,"I love evry1 I met in 09...love u guyzzz so much...2010 shall be a better year...ya'll holla @ ya boi!..",116,"1","2024-09-26T14:41:40.376975Z",494,20.857,"Normal","2024-09-26T14:41:40.377253Z"
"31/12/12",497,"2012! I had a great year I can't even front...thankful....2013 shall be a better year...Amen!",115,"1","2024-09-26T14:41:11.501743Z",495,8.36,"Normal","2024-09-26T14:41:11.501891Z"
"1/1/13",498,"Happy New year everyone...wishing u all a great 2013! God bless!",114,"1","2024-09-26T14:40:56.122840Z",496,9.128,"Normal","2024-09-26T14:40:56.123114Z"
"31/12/15",499,"#2015 Got mama everything she wanted! ğŸ˜",113,"1","2024-09-26T14:40:41.165846Z",497,4.434,"Normal","2024-09-26T14:40:41.166136Z"
"31/12/15",500,"#2015 I Can't explain !!!",112,"1","2024-09-26T14:40:33.458129Z",498,2.759,"Normal","2024-09-26T14:40:33.458416Z"
"31/12/15",501,"#2015!! I played too many shows I lost count! I'm alive and healthy!",111,"1","2024-09-26T14:40:24.606390Z",499,4.819,"Normal","2024-09-26T14:40:24.606670Z"
"19/11/15",502,"Thank u Fader!! Love from this side!! Wizkid Is Getting The Global Embrace He Deserves | The FADER",110,"1","2024-09-26T14:40:13.002990Z",500,60.318,"Normal","2024-09-26T14:40:13.003799Z"
"18/5/15",503,"2015 nd guys still bitching over childish sh*t. Get money nd look after family!",109,"1","2024-09-26T14:39:08.559288Z",501,16.858,"Normal","2024-09-26T14:39:08.559447Z"
"2/1/15",504,"Now waiting for my other whip to get here! ğŸ˜ˆ 2015 I'm ready for u!",108,"1","2024-09-26T14:38:42.671254Z",502,5.667,"Normal","2024-09-26T14:38:42.671479Z"
"9/1/15",505,"My brother iamdelb !! We dey share everything together!! ğŸ˜¹ğŸ˜¹ğŸ˜¹ 2015 ready my g",107,"1","2024-09-26T14:38:32.457681Z",503,6.052,"Normal","2024-09-26T14:38:32.457912Z"
"8/12/14",506,"Love this nigga @beatsbysarz !! we're going to change everything!! 2015 y'all get ready!",106,"1","2024-09-26T14:38:22.755355Z",504,5.039,"Normal","2024-09-26T14:38:22.755629Z"
"30/12/14",507,"We can do this all year if u guys want! ğŸ˜‚ğŸ˜‚!! 2015 the year of going in! Hahaha ğŸ˜ˆ",105,"1","2024-09-26T14:38:13.307945Z",505,4.144,"Normal","2024-09-26T14:38:13.308162Z"
"31/12/14",508,"Amazing year! Thankful to God nd my fans! 2015 we ready!!",104,"1","2024-09-26T14:37:58.008784Z",506,239.775,"Normal","2024-09-26T14:37:58.009095Z"
"27/11/15",509,"My next move about to be my best move yet! Jan 2016, the starboy team will be making some major announcements! The biggest Empire! ğŸ™",103,"1","2024-09-26T14:33:53.655397Z",507,6.088,"Normal","2024-09-26T14:33:53.655546Z"
"11/12/15",510,"A creative man is motivated by the desire to achieve, not by the desire to beat others. - Maejor! 2016 is going to be very interesting!",102,"1","2024-09-26T14:33:38.999490Z",508,19.275,"Normal","2024-09-26T14:33:38.999729Z"
"30/12/15",511,"Thank u to everyone that came out last night! I'm overwhelmed by the love u all show me. Thank u so much! I'm 2016 ready! Back to back hits!",101,"1","2024-09-26T14:32:08.919647Z",509,7.675,"Normal","2024-09-26T14:32:08.919802Z"
"31/12/15",512,"2016 I'm ready my g! ğŸ™ğŸ™ğŸ™",100,"1","2024-09-26T14:31:50.879778Z",510,11.559,"Normal","2024-09-26T14:31:50.879924Z"
"19/5/16",513,"2016 all mine! ğŸ˜ˆ",514,"1","2024-09-26T16:15:18.813561Z",511,6.593,"Normal","2024-09-26T16:15:18.813796Z"
"21/5/16",514,"Doing this differently!! Riding a tsunami wave!!! ğŸ˜‚ğŸ˜‚ğŸ˜‚ğŸ˜©ğŸ˜©ğŸ”‹ğŸ”‹ğŸŒŠğŸŒŠğŸŒŠğŸŒŠğŸŒŠğŸŒŠğŸŒŠğŸŒŠ you'll get lost trying to keep up. ğŸŒŠğŸŒŠğŸŒŠğŸŒŠğŸŒŠğŸ”‹ğŸ”‹ Starboy 2016 and beyond!! ğŸ”‘",99,"1","2024-09-26T14:31:23.628952Z",512,6.217,"Normal","2024-09-26T14:31:23.629162Z"
"26/6/17",515,"December 2016 doctors advised me to ""chill""!! I was going too hard catching every flight nd securing every cheque.. But health is wealth...",98,"1","2024-09-26T14:30:48.646090Z",513,13.083,"Normal","2024-09-26T14:30:48.646247Z"
"17/8/16",516,"Still haven't dropped a single in 2016. Sounds from the other side on the way! My best one yet! ğŸ™ğŸ¿ğŸ‡³ğŸ‡¬",97,"1","2024-09-26T14:30:32.277042Z",514,8.685,"Normal","2024-09-26T14:30:32.277283Z"
