S/N,Date,Tweet
1,23-7-2024,"Yesterday, my brother 
@nickcannon
 & I linked up on 
@Chatter_US
 & discussed bringing Wild â€˜nâ€™ Out to Africa and collaborating with African creators.

9 days of launching Chatter & the world is embracing this platform!

Incredible! "
2,23-7-2024,"Dopey with the bro 
@NickCannon
 
@Chatter_US
 ğŸ”¥"
3,23-7-2024,"Happy to partner with 
@GACMotorNgr
 and drive into the future together. ğŸš—âœ¨ Innovation and luxury at its finest."
4,13-7-2024,Letâ€™s Go! ğŸ”¥ğŸ”¥ğŸ”¥
5,5-7-2024,Make she keep am
6,5-7-2024,All I asked for was â€˜joint custodyâ€™ but cus itâ€™s davido yall wanna act like yall canâ€™t read! SMH Iâ€™m off this â€¦ yall be blessed and I pray this never happens to you
7,5-7-2024,Your constantly bringing up the death of my child at any point u can to just remind us of this tragedy that haunts us everyday of our lives .. Imade will grow up to see I fought for her .. as for now u can have her .. P.S she wonâ€™t be a child forever .. enjoy â¤ï¸ Imade Aurora Adeleke ! Your father loves you!
8,5-7-2024,Houston tonight ! Tribeville Fest!!! ğŸŒğŸ”¥ğŸ’ªğŸ¾
9,4-7-2024,Haha
10,4-7-2024,"Ur trending ğŸ˜‚ğŸ˜‚ 
@Folazfab"
11,4-7-2024,U rush in u rush out
12,3-7-2024,jigijigijigijigijigijigijigijigi *moves shoulders
13,3-7-2024,Note : Fuck what people gotta say ! Stay active
14,2-7-2024,"LA always goes crazy!! â£
â£
We really kicked off summer with a smash 
@BET
 - Crypto arena we set it off. â£
â£
More announcements soon + a lot more shows this year. Where should we pop out next?"
15,2-7-2024,We plaster
16,1-7-2024,"Say wa le le le le
Ogechi don gimme something kpo kpo kpo"
17,30-6-2024,Supacell ğŸ”¥
18,29-6-2024,6 am in Australia ğŸ˜‚ after club
19,28-6-2024,ACTIVE
20,28-6-2024,"Thank you 
@delta"
21,28-6-2024,Touch Down LA ğŸ‡ºğŸ‡¸we here ! Crypto Arena tonight !!! ğŸ’ªğŸ¾ğŸ’ªğŸ¾ğŸ’ªğŸ¾ğŸŒğŸŒğŸš€ğŸš€ğŸš€ğŸš€
22,28-6-2024,Facebook boutta start paying pple in naija .. e don be ğŸ˜‚ğŸ˜‚ğŸ˜‚
23,28-6-2024,ğŸ˜  Big ups Sara o Events and Zapphaire events â€¦ yall killed it ! Till we turn am to carnival ğŸ˜‚ğŸ˜‚ ! Well done !
24,28-6-2024,One by one
25,28-6-2024,Gear up X
26,28-6-2024,"The ADELEKES vs THE EJIOFORS dancing competition only Chioma can make Daddy  stand up this quick  â€¦ #bestdayofourlives Cc 
@AAdeleke_01
 Itâ€™s in the blood"
27,28-6-2024,Of course I am â€¦ before I came on earth I was eligible
28,28-6-2024,Probably the first year of elections  I might not vote â€¦ Iâ€™m just confused ğŸ«¤
29,28-6-2024,Biden not the best but trump can lie sha ğŸ˜‚ğŸ˜‚
30,28-6-2024,Still a democrat sha but worst presidential debate EVER â€¦
31,28-6-2024,Say wat u want â€¦ A FATHERS DREAM
32,28-6-2024,Every play e Dey show
33,28-6-2024,Chop knuckle !!
34,28-6-2024,Sleeping ! Wedding no easy ğŸ˜‚
35,28-6-2024,We was on the bed the whole flight
36,28-6-2024,Ngl trump funny AF
37,28-6-2024,Queen ğŸ’ªğŸ¾â¤ï¸
38,27-6-2024,On the way ğŸš€
39,27-6-2024,Make we first launch  this one ğŸ˜‚ğŸï¸ğŸ˜ğŸ¾
40,27-6-2024,Thanks to everyone that made our day a magical one ! We appreciate and love you Love won ! ğŸ’ªğŸ¾â¤ï¸
41,26-6-2024,Godâ€™s Time ğŸ’ğŸŠğŸ¾â¤ï¸
42,24-6-2024,Drop a verse for my wife ???
43,23-6-2024,#CHIVIDO2024
44,22-6-2024,PAPA BEAR HERE ğŸ˜ğŸ˜ #CHIVIDO24
45,16-6-2024,Eid Mubarak to all my Muslim brothers and sisters
46,9-6-2024,obra maestra completa
47,8-6-2024,IMOLE!!
48,2-6-2024,Woulda banged too ğŸ˜‚
49,2-6-2024,Listening to MIXES â€¦.. lol wahala Dey
50,2-6-2024,Dem go feel it ğŸ¶
51,2-6-2024,Anybody wey do me bad go collect this year one by one just Dey watch â€¦ e don start already ğŸ˜‚
52,30-5-2024,"Iâ€™m looking forward to connecting to more people in the spaces that was held , 
@blknoiz06
 Iâ€™m sending you a dm , I want you to teach me how to lock tokens and show the community Iâ€™m in this for real ."
53,30-5-2024,Those who joined the space with me and @blknoiz06got to witness me creating my @phantom wallet and receive $100 via the @solana network in a matter of seconds!
54,30-5-2024,When is the podcast ? ğŸ‘€  $DAVIDO
55,30-5-2024,See you there $DAVIDO â³
56,29-5-2024,FUCK IT ! 30 BILLION GANG ğŸ”¥ğŸ”¥ğŸ”¥
57,29-5-2024,HODL HODL ! WE ARE JUST STARTING! 30 MILLION SOON COME ğŸ”¥â³âœ¨
58,29-5-2024,"â¤ï¸ğŸ˜ TAKE ME AWAY, WAY FAR AWAY  $DAVIDO"
59,29-5-2024,The King of SOL is here ! $DAVIDO
60,29-5-2024,"Yes o ! Sign me up $DAVIDO 
@vibhu"
61,29-5-2024,"Itâ€™s just ME! 
#1 on DexTools ğŸ”¥â³âœ¨"
62,29-5-2024,WAGMI $DAVIDO
63,29-5-2024,"I did it myself, for the community! Free US!  https://x.com/Habibi_Comm/st/Habibi_Comm/status/1795872516420022730"
64,29-5-2024,"Donâ€™t sleep yet , We rise by lifting others $DAVIDO"
65,29-5-2024,Solana summer don start â³âœ¨
66,29-5-2024,Hmmm $DAVIDO
67,29-5-2024,"Road Clear ?! 
@phantom"
68,29-5-2024,Cape Town moments ğŸ‡¿ğŸ‡¦
69,28-5-2024,Touch down Capetown!! ğŸ‡¿ğŸ‡¦ â€¦. #YEBO
70,26-5-2024,Nothing like family â¤ï¸
71,25-5-2024,I canâ€™t fucking wait !!
72,25-5-2024,My oldest nephew graduating high school 2moro ! I was literally living with my oldest sister during the last months of her pregnancy â€¦ Mehn Iâ€™m gettin old ğŸ˜©
73,25-5-2024,Hmmm video ! Fucking mental !!!
74,25-5-2024,Congrats Excellency
75,24-5-2024,Iâ€™m unavailable I Dey Bahamas !!!
76,23-5-2024,The money wey I get u no fit chop am finishhhhhhh
77,23-5-2024,Ayo Maff and Fireboy on RP ğŸ¤¯
78,22-5-2024,Resting ! Boutta be wild summer !!
79,22-5-2024,Sweet Melanin ..  smoke with the skin
80,17-5-2024,MAYOR!!!! ğŸ”¥ğŸ”¥ğŸ”¥
81,17-5-2024,You killed this Pink! #CONDO ğŸ”¥ğŸ”¥
82,17-5-2024,GO MO!! ğŸ”¥ğŸ”¥ğŸ”¥
83,15-5-2024,"OFFICE OF THE CHAIRMAN LGSC OSUN STATE 
@Tunegee
 ğŸ’¡ğŸ‡³ğŸ‡¬"
84,14-5-2024,"Cuz just got a twitter 
@nikosliving"
85,14-5-2024,Saint Lucia ğŸ‡±ğŸ‡¨ I could feel the energy all over the show thank you for the love and support!
86,14-5-2024,Atlanta circa 2006/2007 â€¦ dutchmaster days ğŸ˜‚
87,13-5-2024,ğŸ”¥ğŸ”¥ğŸ”¥ğŸ”¥ğŸ’ªğŸ¾ğŸ’ªğŸ¾ğŸ’ªğŸ¾ğŸ’ªğŸ¾ we are ready !!!
88,13-5-2024,Whole family is osun â€¦ chai I Dey miss out
89,12-5-2024,Hapoy Motherâ€™s Day !
90,11-5-2024,Will never forget this shoot!
91,11-5-2024,But if you like wahala o we go give you opper Ganda ooo ğŸ¶ REMEMBER THIS TWEET ğŸ‘‘
92,11-5-2024,Saint Lucia ğŸ‡±ğŸ‡¨ we buss up the place tonight !!!! ğŸ”¥ğŸ”¥ğŸ”¥
93,11-5-2024,Skekewu ! I love my people like ofeakwu ! Ehen !
94,11-5-2024,DREMOOOOOO!!!!
95,10-5-2024,That was funny I no go lie ğŸ˜«ğŸ˜‚
96,10-5-2024,Dubai is always fun!!! We go crazy each and every time ! Back soon â¤ï¸â¤ï¸â¤ï¸â¤ï¸â¤ï¸ğŸ‡¦ğŸ‡ªğŸ‡¦ğŸ‡ªğŸ‡¦ğŸ‡ªğŸ‡¦ğŸ‡ª
97,10-5-2024,Big bakasi under the influence
98,10-5-2024,IMOLE ğŸ’ªğŸ¾â¤ï¸
99,10-5-2024,Saint Lucia we on the way !!!
100,9-5-2024,Yall niggas really want me out the game that bad ?? Oya after next album I no do again . So una fit get peace
101,9-5-2024,Nah God go punish THE SHADE BOROUGH
102,8-5-2024,WEMBLEY SURE DIE !!!
103,6-5-2024,Music music music music â€¦ Iâ€™m out ğŸ˜‡
104,6-5-2024,Some Pple Dey get heat stroke some Dey get  HIT STROKE !!!
105,5-5-2024,Dammy Brazil ğŸ‡§ğŸ‡· we get alignment
106,5-5-2024,Itâ€™s coming out .. we got part 2 part 3 part 4 !!! We ACTIVE !!!
107,5-5-2024,Story story STORYYYYY!!!!!!
108,5-5-2024,"Happy birthday To my brother !! I mean my real brother !  
@chrisbrown
 love you G! â¤ï¸"
109,5-5-2024,Habibi come to Dubai !!!!
110,5-5-2024,Mudafuka mudafuka calm down oooo ğŸ¶ğŸ¶ğŸ¶
111,5-5-2024,"We active ! 
@MinzNSE
 ğŸ¤«ğŸ¤«"
112,30-4-2024,"Happy birthday to my Queen !!! Your strength and grace lift me every day! ğŸ‰ Thank you for always being my rock and helping me shut out all the noise with your love. Heres to more joy, laughter, and sweeeet music in our lives. I love you and Itâ€™s till infinity!!! â¤ï¸â¤ï¸ #ChiomaDay"
113,29-4-2024,Size 7 shoe ğŸ˜‚ nigga shop at Footlocker kids
114,29-4-2024,Thatâ€™s what I thought. Nothing to say! Exactly why I stopped wasting my clout and jeopardizing my millions of usd of endorsements on someone whose career was resurrected a few years ago just to die again. NEXT!!
115,29-4-2024,WE NOT DELUSIONAL YOUâ€™RE A SICK MAN
116,29-4-2024,2024 letâ€™s all get active !! WE GO SEE
117,29-4-2024,Drop ur gbedu abeg ..
118,29-4-2024,They were trying to distract us baby no mind them â€¦. ğŸ˜ğŸ›©ï¸ğŸ’¸ğŸ‚
119,29-4-2024,I canâ€™t wait till 20 years from now ğŸ˜‚ â€¦ enjoy ur time
120,29-4-2024,"My prayers are with you family 
@francis_ngannou
 â¤ï¸"
121,29-4-2024,When LIGHT  comes darkness VANISHES!!! LETS GET ACTIVE!!
122,29-4-2024,Dem no know ur gbedu again ğŸ˜‚
123,29-4-2024,Montego Bay we deyaaaaaaa ğŸï¸
124,28-4-2024,Coco melon or paw patrol ??
125,28-4-2024,Since I came in the game dem never get peace .. I love it ! Make I find somewhere with beach go relax â€¦ ğŸ›©ï¸
126,28-4-2024,Motivation
127,28-4-2024,That one nah ur papa business ğŸ˜‚ https://x.com/Seniormandre/s/Seniormandre/status/1784323515514024178
128,27-4-2024,I NEED AN ELECTRIC CAR CHARGER SHIPPED TO NAIJA
129,26-4-2024,LETS GET ACTIVE
130,26-4-2024,Lets goooo ! ğŸ’ªğŸ¾
131,26-4-2024,Shot ah fucking movie !!!
132,25-4-2024,When do you want it ?? ğŸ¥ â€¦
133,24-4-2024,No better feeling
134,23-4-2024,Ur papa
135,21-4-2024,"NYC we made HISTORY! Thank you to my family, my fans, the special guests, my team and everyone involved for making my first headline performance at 
@TheGarden
 such a timeless night. â³

WE did it â¤ï¸"
136,20-4-2024,Wow Iâ€™m scared
137,20-4-2024,If you hear a snippet .. itâ€™s never coming out ğŸ˜‚
138,19-4-2024,All dmw artist would be moved to Nine + records â€¦. Clearing the air !
139,18-4-2024,"Bruh me and 
@Compozers
 match made in heaven ! I LOVE YALL SO MUCH ! 11 YEARS DEEP!!!!"
140,18-4-2024,THANK YOU NEW YORK !!!!!!!! CHAIIII!!! ENERGY!!!!
141,17-4-2024,GAME DAY !! ğŸ†ğŸŸï¸
142,17-4-2024,Canâ€™t sleep!! ğŸ—½ğŸ—½ğŸ—½ğŸ¤¯ğŸ˜€ğŸ˜€ğŸ˜€ IM HYPE!!!
143,16-4-2024,A day to THE GARDEN!!! ğŸ—½â³ğŸ’ªğŸ¾ğŸ‡ºğŸ‡¸ğŸ˜ˆğŸ˜¤
144,15-4-2024,"Live on 
@fox5ny
 now tune in!!"
145,15-4-2024,Only jah â¤ï¸
146,15-4-2024,Breakfast club today ! Tune in NYC ! #thegarden in 2 days !!
147,14-4-2024,"Nothing like those NYC nights â³

Breaking bread with my people at aliya and enjoying some 
@martell
 is what itâ€™s all about."
148,13-4-2024,I remember this day ..
149,13-4-2024,"NYC is always a vibe ğŸ—½Thank you to 
@TheGarden
 for having me, got to get my own jersey and see the 
@nyknicks
 comeback and get that W before we come back on Wednesday to bring the house downâ³

https://msg.com/calendar/madison-square-garden-april-2024-davido"
150,13-4-2024,Thereâ€™s no formula â€¦ nah God
151,13-4-2024,Never give up
152,13-4-2024,"Thanks for having me !! See yall Wednesday 
@TheGarden"
153,12-4-2024,New York pop up ??  ğŸ—½ğŸ‡ºğŸ‡¸
154,12-4-2024,"NYC WE HERE ! LET THE GAMES  BEGIN !! 
@TheGarden"
155,11-4-2024,U no Dey disappoint
156,11-4-2024,The boy no Dey take insult .. if u jonze dem go give u uppercut! ğŸ”¥
157,9-4-2024,NYC ğŸ›©ï¸
158,9-4-2024,My wifes birthday in a bit !! Weâ€™re running mad!!!!!! We must celebrate a great woman!
159,8-4-2024,A new season is upon us  ğŸšœğŸ› ï¸
160,6-4-2024,Dey donâ€™t  play bout me cuzzo ğŸ˜‚
161,5-4-2024,"Whether itâ€™s connecting with my supporters through my music or reaching others through my personal endeavors, iâ€™m just happy to make an impact on peopleâ€™s lives for the better ğŸ’¡ğŸ“š"
162,4-4-2024,Omo sho fe wo GEORGIA!!!! ğŸ¶
163,4-4-2024,BOMBARDIER 7500 TEAR RUBBER ! â˜ºï¸
164,4-4-2024,"Last night was emotional 
@Peruzzi
 
@Mayorkun
 
@Dremodrizzy
 ğŸ˜ˆğŸ˜ˆğŸ˜ˆğŸ˜ˆ"
165,3-4-2024,I need Guinea fowl rn so bad ğŸ¥¹
166,3-4-2024,Before msg likely â€¦ we shot for almost 3 and a half days .. so itâ€™s a lot â€¦. Soon tho â¤ï¸
167,2-4-2024,"Kenya and Uganda brought that energy!! It's always love performing and hearing you all singing with me â¤ï¸ğŸ‡°ğŸ‡ªğŸ‡ºğŸ‡¬

NYC youâ€™re next up 
@TheGarden
 ğŸ—½"
168,31-3-2024,"Reflecting on a year since Timeless dropped and my heart is full of gratitude. To my incredible fans your endless love and support has been everything to me. To my team your dedication and hard work have turned our vision into reality yet again. This album was a journey of self-discovery, a testament to growth, resilience, and so much more. Today we're celebrating this milestone and I'm nothing but thankful. THANK YOU GOD!

Oh and new music soon! ğŸ‡³ğŸ‡¬ â³"
169,31-3-2024,"Social responsibility and social impact , Human capital is the greatest investment any nation can make â¤ï¸"
170,30-3-2024,Big bro!! We don Dey run am since ğŸ˜‚ğŸ˜‚ğŸ˜‚
171,29-3-2024,Loving Kampala already !! Showtime in a bizzle !! LETS PARTY!! ğŸ‡ºğŸ‡¬ğŸ‡ºğŸ‡¬ğŸ‡ºğŸ‡¬ğŸ‡ºğŸ‡¬ğŸ‡ºğŸ‡¬â¤ï¸â¤ï¸â¤ï¸â¤ï¸
172,28-3-2024,50 cent funny AF ğŸ˜‚
173,28-3-2024,Back on road ! UGANDA ğŸ‡ºğŸ‡¬ your up 1ST!
174,25-3-2024,Patience & Prosperity
175,25-3-2024,WAKADUBE
176,21-3-2024,Get it sexy ğŸ•º
177,20-3-2024,Finish dem
178,20-3-2024,Blessings on blessings on me ğŸ˜‹
179,19-3-2024,They all come together to discredit me â€¦ but God working overtime ! 2024 YEAR OF THE BEAST!! ğŸ”ŠğŸŒğŸ”¥ FIX UR SPEAKERS WE DEY COME!!
180,19-3-2024,Legendary run!
181,13-3-2024,Happy birthday my superstar !!
182,12-3-2024,Away out! One more to go ! Then WE GO AGAIN!!!
183,12-3-2024,INDUSTRY MACHINE
184,12-3-2024,Hakuna matata
185,11-3-2024,Ramadan Mubarak to my Muslim Brothers & Sisters.
186,9-3-2024,4 min difference ğŸ˜‚ğŸ˜‚ğŸ˜‚
187,9-3-2024,Wait wat ?? I just tweeted â€¦ nawa â€¦ anyway up ğŸ‡³ğŸ‡¬ğŸ‡³ğŸ‡¬ğŸ‡³ğŸ‡¬ğŸ‡³ğŸ‡¬
188,9-3-2024,As a Nigerian of course I want AJ to win â€¦ but e get one soft spirit wey this Francis get and plus his story again â€¦ u go come Dey use style gbadun him way!! ğŸ˜‚ But gotta stick with the Homeland ğŸ‡³ğŸ‡¬
189,9-3-2024,When does the fight start fam?
190,8-3-2024,Miami 2moro !!! ğŸ’ªğŸ¾ğŸ”¥Canâ€™t wait to see yall! ğŸŒ
191,8-3-2024,Wow dope
192,8-3-2024,Happy jumat
193,8-3-2024,Uncle sola â¤ï¸
194,28-2-2024,No get time to sleep .. leave pressure for the weak .. ğŸ¶ğŸš€ğŸ’ªğŸ¾
195,28-2-2024,Baby chop my money take another one Kpomo â€¦.
196,26-2-2024,All my PAâ€™s don get PA â€¦. Wahalur
197,26-2-2024,I Dey record â€¦.
198,26-2-2024,JAZZY !! ğŸ‘‘
199,25-2-2024,Credit alert ğŸ˜€
200,25-2-2024,Tell truth My voice Dey ginger body â€¦ğŸ˜‚
201,24-2-2024,So u sabi play like this â€¦
202,23-2-2024,"To our nationâ€™s children, I remain grateful to be in a position to be able to help. Please accept my humble contribution. Together we shall shape a brighter future ! â³â¤ï¸

Check the official statement below for full details ğŸ‡³ğŸ‡¬"
203,23-2-2024,Whoâ€™s  online GTA ??
204,22-2-2024,Throw away the keys
205,22-2-2024,"New year , Same mission â€¦. DOMINATE ğŸŒğŸ˜"
206,22-2-2024,Back in the gym today ğŸ’ªğŸ¾
207,21-2-2024,"Shoutout to the fam 
@dgeneralbitters
 
â€˜The gift of natureâ€™"
208,21-2-2024,FOUNDATION ACCOUNT CREDITEDâ€¦. More details to follow soon
209,20-2-2024,In all in all we canâ€™t question him ! We thank God always! â¤ï¸
210,20-2-2024,I and my foundation pledge the sum of 300 million Naira  to orphanages around Nigeria â€¦ as my yearly contribution to the Nation â¤ï¸ .. details of disbursement tomorrow ğŸ‡³ğŸ‡¬
211,19-2-2024,Paris ğŸ“
212,19-2-2024,"You have to be intentional ğŸ˜‚ğŸ˜‚ğŸ˜‚ğŸ˜‚ 
@Tunegee
 
@Prince_II
 
@BlackTycoone
 
@AsaAsika
 â€¦"
213,18-2-2024,Stubborn ğŸš€
214,17-2-2024,"MADRIDâ€¦ you were too kind to me and my brothers ğŸ‡ªğŸ‡¸

Big happy birthday to Memphis whoâ€™s already back out here scoring goals and catching Wâ€™s ğŸ†"
215,16-2-2024,Got some new shows coming up for all my people! Which one are you coming to? Lots of surprises in storeâ³
216,15-2-2024,Footballers Dey enjoy ooooo â€¦ be like I chose wrong profession ğŸ˜‚ğŸ˜‚ğŸ˜‚ğŸ˜‚ bruhhhhhhh
217,15-2-2024,"An unforgettable evening in Paris where we celebrated with a personalised edition of Lâ€™Or de Jean Martell RÃ©serve du chÃ¢teau. Thatâ€™s Timeless energyâ³âœ¨

#Martell #BeTheStandoutSwift

Please enjoy responsibly. Forward only to people of legal drinking age."
218,15-2-2024,Love you huncho
219,14-2-2024,"After my next album I think a Davido x 
@KizzDaniel
 EP will be dope !"
220,14-2-2024,I suppose relocate but I go buy Belgium !!!
221,13-2-2024,ğŸ“Madrid
222,12-2-2024,Uganda /Kenya in March !! I canâ€™t wait Iâ€™ve missed yall so much !!! ğŸ‡ºğŸ‡¬ğŸ‡°ğŸ‡ªâ¤ï¸ğŸŒ
223,12-2-2024,Power of positivity
224,12-2-2024,Usherâ€™s superbowl performance ğŸ¤¯ğŸš€â¤ï¸ â€¦.. bring back so much memories! Man is GOATED!!
225,10-2-2024,I pray for strength and comfort for the Wigwe family.  ğŸ’”
226,10-2-2024,Jesus take control!!
227,10-2-2024,Iâ€™ll wave my flag girl your love too right like wristbands â€¦ ğŸ¤¯ğŸŒğŸš€
228,10-2-2024,Don make me over Dey pay â€¦
229,7-2-2024,"Grammy week was a vibe! Thank you for all the love from my supporters and thank you to the 
@RecordingAcad
 for recognizing me â³

Big congrats to the winners of the night!!"
230,7-2-2024,Excellency ğŸ˜€ğŸ˜€
231,7-2-2024,Good luck Eagles ğŸ‡³ğŸ‡¬
232,7-2-2024,NYC ğŸ“
233,6-2-2024,"PARIS! We invaded the city and rocked the 
@Accor_Arena
 â³ 

Thank you for the love j'aime tous mes fans franÃ§aisâ¤ï¸ 

Still a lot more coming in 2024."
234,5-2-2024,I love each and everyone of you !! We Dey game !! We will continue to deliver â€¦
235,5-2-2024,I just want you to feel alright â€¦ ğŸ¶
236,5-2-2024,"Congratulations on your win 
@Tyllaaaaaaa
 ! Big One for africa! Keep soaring ! ğŸ”¥â­ï¸"
237,31-1-2024,Paris on ğŸ”¥
238,30-1-2024,ğŸ˜‚ğŸ˜‚ chief !!! â¤ï¸â¤ï¸â¤ï¸â¤ï¸
239,30-1-2024,Paris ğŸ“ğŸ‡«ğŸ‡·
240,30-1-2024,Donâ€™t play with God
241,29-1-2024,Ur mom â€¦. Watch it happen
242,29-1-2024,Last night .. London. !! Magical ! â¤ï¸ğŸ‡¬ğŸ‡§
243,27-1-2024,Super eagles ğŸ‡³ğŸ‡¬ !!! Letâ€™s get it  !!
244,26-1-2024,Need better amala before rehearsals
245,26-1-2024,London
246,26-1-2024,We no Dey do â€˜it will grow on u â€˜ for here â€¦
247,24-1-2024,IMOLE ğŸ’ªğŸ¾â¤ï¸
248,18-1-2024,Chai ğŸ˜
249,18-1-2024,We Dey here !!!
250,18-1-2024,BADDEST X KALA ON RP â€¦.
251,17-1-2024,Better behave yourself ğŸ˜‚ #HIT !!!!!!!!!!!!
252,17-1-2024,Gonna be an Amazing night â€¦ canâ€™t wait ! â³â¤ï¸ğŸ‡¬ğŸ‡§
253,15-1-2024,I suppose relocate but I go buy ğŸ‡§ğŸ‡ª
254,13-1-2024,Funny â€¦ u wey hold pass me
255,13-1-2024,Asa 2017 was the worst lmao
256,12-1-2024,Itâ€™s boring having money by yourselfâ€¦
257,11-1-2024,FREEWAY!!! ROAD CLEAR !! AHH WHO DAT ? BADDEST ! ğŸ’£
258,9-1-2024,Ji jo make a man go KEKE NAH PEPE !!!!!Una go dance tire â€¦ wait I Dey come ..
259,9-1-2024,Thank you to NumÃ©ro Netherlands for featuring me on their new cover issue â³
260,9-1-2024,I just recorded the hardest verse EVER  !!!!!
261,8-1-2024,My Hon â¤ï¸âœŒğŸ¾
262,6-1-2024,St croix tonight ! â³ğŸŒâ¤ï¸
263,5-1-2024,Super proud â¤ï¸
264,3-1-2024,With oversized slippers
265,2-1-2024,Accra you showed so much love thank you for the energy â³
266,1-1-2024,"HAPPY NEW YEAR! â£
â£
We shut it down to end the year! 2023 you were great to us!! â£
â£
2024 TIMELESS CONTINUES â³"
267,31-12-2023,2023 Was a great year ! Thank you God ! For restoring happiness n Success in my life !!  2024 IM READY !! ğŸ™ğŸ¾â¤ï¸
268,30-12-2023,Who go help you no go stress you
269,30-12-2023,I love my fans so much
270,20-12-2023,50 we go share am!!!!!!
271,20-12-2023,My RI RI
272,20-12-2023,Keep playing u will find out
273,20-12-2023,HAT TRICK
274,20-12-2023,I made a pandemic
275,19-12-2023,CREDITED â€¦ ğŸ˜‹
276,19-12-2023,Fuck off then â€¦. Ur not a fan
277,19-12-2023,Shawty say she Dey whine am for meeeeee!!!!!!
278,19-12-2023,YOUR FATHER  DEY GBA â€¦ NAH U KNOW IM 31 YEARS OLD â€¦ I WANT PEACE
279,19-12-2023,Una dey talk about fake products for naija?? Us nko â€¦.. ğŸ˜‚ğŸ˜‚ğŸ˜‚
280,19-12-2023,New wiz Friday !!! Wtf!!! Replay ALL WEEKEND !!
281,19-12-2023,"Reflecting on 2023 it's crazy to look back on what we've done.                        

I'm grateful for the love on 'Timeless' -- from the fans sharing it, the Grammy nominations, the viral moments, the press runs, the energy at every incredible show. This year was an avalanche of achievements, from global stages to personal milestones. Here's to the music, the memories, and the magic that made 2023 truly TIMELESS â³                                    

Thank you to my family, my followers and God!"
282,19-12-2023,Lol we know who
283,19-12-2023,U wey be in house wan put me for problem !! ğŸ˜‚ğŸ˜‚ğŸ˜‚ ***
284,19-12-2023,When God gree for u he gree
285,19-12-2023,Dubai Dubai Dubai â€¦â€¦ HABIBI LETS   RUN MADDDD 2NITE !! ğŸ„ğŸ„ğŸ„ğŸ„
286,18-12-2023,The ğŸ
287,18-12-2023,Mama ğŸ˜
288,18-12-2023,Facts ğŸ˜€
289,18-12-2023,I see Sim .. I see wike â€¦ dem both see me â€¦ Rivers love OBO
290,15-12-2023,Damn just seeing this â€¦. Next time chief !I travel tonight â€¦ â¤ï¸
291,14-12-2023,Major flogging tonight !!!
292,14-12-2023,Abuja go too sweet â€¦.
293,14-12-2023,Now u gotta delete ur tweet ğŸ˜‚â€¦
294,14-12-2023,ABUJA CHOKE !!! ğŸ˜€
295,14-12-2023,Is this a prank ???
296,14-12-2023,Abuja be like ur pple no wan do show â€¦.
297,14-12-2023,Hyped for Abuja
298,8-12-2023,"Thank you to the 
@JHudShow
 for having me come perform and tell you what Iâ€™m all about â³"
299,7-12-2023,Beauty wey carry wahala ğŸ¶ğŸ¶ğŸ¶
300,5-12-2023,Focused like never before
301,4-12-2023,Ur a problem â¤ï¸â¤ï¸
302,3-12-2023,Sweety my belly ur like cake icing â€¦.
303,3-12-2023,So person wey just really go flex for Dubai now on him own no fit post ğŸ˜‚ğŸ˜‚ shit  funny AF â€¦. I love it
304,3-12-2023,I say shorty say nah money nah money nah money â€¦. ğŸ¥ğŸ¤«
305,2-12-2023,Timeless on the beach! Letâ€™s go!
306,1-12-2023,"Thank you 
@RollingStone
 ğŸŒğŸ”¥â¤ï¸"
307,1-12-2023,This morning I attended the U.S state of Georgia General assembly meeting with the Georgia House of Representatives and Georgia state senate to be recognized as an â€˜Outstanding Georgia Citizenâ€™ â€¦ God is good. ğŸ‡ºğŸ‡¸ğŸŒğŸ‡³ğŸ‡¬
308,30-11-2023,Once I dress like homeless man to studio just know Iâ€™m leaving with a CLASSIC â€¦. â˜„ï¸â˜„ï¸ğŸ”¥ğŸ”¥ğŸ”¥ğŸ˜‡
309,28-11-2023,"Iâ€™m still full from the fufu n light soup wey we chop for  
@stonebwoy
 house two days ago â€¦. 
@drlouisa_s
 God bless u my sister â€¦. Love you guys !! ğŸ‡¬ğŸ‡­ğŸ‡³ğŸ‡¬â¤ï¸â€¦"
310,28-11-2023,This record will be too sweet !!! I can imagine ! The disrespect go too blooody !!!!!
311,28-11-2023,Which Lagos ?? We got Abuja asaba PH Dubai Cotonou Guinea Equatorial Guinea Ghana â€¦. U get work â€¦
312,27-11-2023,"One strong  year in office !! Proud of you Excellency â€¦ 
@AAdeleke_01
 We love you"
313,25-11-2023,Lmao â€¦ by fire by force we had to blow
314,25-11-2023,Speak when necessary. The words carry more value then.
315,24-11-2023,"My advice to all aspiring creatives / artists: BE ORIGINAL!â£
â£
Standing out from the pack is always better than fitting in â³"
316,22-11-2023,"Bepanda Stadium, Douala, November 24th 2023.
 Cameroon ğŸ‡¨ğŸ‡²"
317,21-11-2023,"Performed on the Tonight Show last night and we made them FEEL It â³

thanks for having me 
@FallonTonight"
318,21-11-2023,BIG 31 â€¦. ğŸ‰ğŸğŸŒğŸ†â³ Grateful to God
319,20-11-2023,"A.W.A.Y. FESTIVAL WAS TIMELESS! â£â£â£
â£â£â£
We did it. We sold out State Farm Arena and brought AFRICA to ATLANTA! â£â£â£
â£
This weekend was everything we could have dreamed of and more. Thank you to everyone who came and brought that ENERGY. â£â£â£
â£â£â£
Weâ€™ll be back REAL SOON! â£â£â£
â£â£â£
OBO BADDEST â³"
320,20-11-2023,"Tonight 
@FallonTonight"
321,19-11-2023,Thank you Atlanta. Thank you State Farm â¤ï¸ğŸ¤ğŸ¾
322,19-11-2023,Since 2011 you don dey shout. Now your name is 001!
323,19-11-2023,WOAHH!!!!!
324,18-11-2023,Excellency â¤ï¸â¤ï¸â¤ï¸
325,16-11-2023,"We all have a purpose and Iâ€™m really finding mine more and more in championing my culture and where I come from.

A.W.A.Y Fest is going to be a CELEBRATION ğŸ‡³ğŸ‡¬but bigger than that weâ€™ll be raising awareness and bringing the world the best of Afrobeats â³

Thank you 
@zanelowe
 & 
@AppleMusic
  for letting me speak on this special moment."
326,16-11-2023,Now itâ€™s a reality
327,15-11-2023,"Say welcome to our Host â€¦ 
@officialBovi
   A.W.A.Y Fest !!"
328,13-11-2023,Talk to nice ATL â³â¤ï¸ğŸŒ
329,13-11-2023,Me & u Tems â€¦ love this record â¤ï¸ğŸ”¥â˜„ï¸
330,12-11-2023,Crazy fact  â€¦. From age 13 till 16.. this man right here let me use his studio â€¦ never charged me once ! Love u xela!!
331,9-11-2023,The details are TIMELESS â³
332,9-11-2023,She bring her tea so I dipped my Lipton .. she like the way I sing song .. superwoman from krypton.. God sent me a real one
333,8-11-2023,Lol how u know ğŸ˜‚ğŸ˜‚ğŸ˜‚ I go soon reach Wer I Dey go sha lol 7 min remaining
334,8-11-2023,U get money na .. ur last name nah â€˜Adelekeâ€™.. go help am ..
335,8-11-2023,Excellency dem job us !! Dem say nah man ABORT MISSION ğŸ˜‚ğŸ˜‚
336,8-11-2023,I donâ€™t watch ball like that â€¦ but  come Wetin Man U do so?? Every week una dey complain ğŸ˜‚ enlighten me pls
337,8-11-2023,I hope yâ€™all love the Davido Martell Xo Last night was amazing ! Apart from the fact that I had to go to the airport from the event  lol â€¦ back in ATL for AWAY fest Rehearsals ğŸ˜Š itâ€™s gonna be an AMAZING MONTH !!!
338,7-11-2023,Excellency !! Please someone help us locate her â¤ï¸
339,7-11-2023,"From Osun state ??? 
@AAdeleke_01
 
@MrBanksOmishore"
340,6-11-2023,"My people prepare to embark on an opulent journey with the fusion of TIMELESS artistry and the rhythm of pure extravagance. 

#MartellXODavido #BeTheStandoutSwift"
341,6-11-2023,Preach unc!!
342,3-11-2023,Goosebumps
343,2-11-2023,The city canâ€™t wait to have you champ ğŸ‘‘
344,2-11-2023,"We believe in God 
@morravey
 !!!! Iâ€™m so happy for you ! You deserve to be number 1 in the world !!"
345,1-11-2023,About to have a Ravi Listening party on my IG live in a few minutes ! Get ready !
346,1-11-2023,"Iâ€™m actually her biggest fan yâ€™all will understand by midnight ! 
@morravey"
347,30-10-2023,LA â˜€ï¸â€¦ was Gud
348,30-10-2023,Excellency
349,30-10-2023,AWAY FEST
350,27-10-2023,Asa n Bobo wan kidnap me ooo help ğŸ˜‚
351,27-10-2023,STREET NO GET MEMORY
352,27-10-2023,The level of ungratefulness is alarming â€¦ lesson learnt
353,27-10-2023,"I never got paid for that also my 3 verses Iâ€™ve gifted you all your dead careeer â€¦ .. oh yea plus my royalties , we charge now so thatâ€™s about  $150 k x3 a verse.. also house rent and food when when u stayed in my house in Atlanta when you were homeless .. â³"
354,26-10-2023,"HELLO ğŸ‡ºğŸ‡¸ THE KELLY CLARKSON SHOW TOMORROW ğŸŒâ³â¤ï¸ 
@KellyClarksonTV"
355,26-10-2023,That Tik toker  wey dem catch with drug â€¦. The way him face wey shock â€¦ nah like that year for secondary school wen ur parents come collect result for school and u sef know say u no read ğŸ˜‚
356,26-10-2023,This one must sweet me
357,26-10-2023,Make nobody beg me â€¦ â³ â€¦
358,26-10-2023,GHEN GHEN
359,25-10-2023,Oya na ğŸ’¨
360,25-10-2023,Fans â€¦ that care â¤ï¸ğŸ™ğŸ¾ ğŸ¥°
361,25-10-2023,Sensational challenge â€¦ ğŸŒ gonna do mine today
362,25-10-2023,JOY IS COMING ğŸ˜ŠğŸŒ
363,25-10-2023,BULLETPROOF â³
364,24-10-2023,Need to learn this ğŸ˜¢
365,24-10-2023,Production for AWAY fest .. Top tier
366,24-10-2023,Cross river â€¦ Calabar
367,23-10-2023,"WE BRINGING THE SHOWS BACK HOME TO CLOSE OUT THE YEAR!â£
â£
NIGERIA THEM GO FEEL IT!!!! 30BG WE COMING!!!!â£
â£
OBO BADDEST 001 LETS DO THIS RIGHT!â£ â³"
368,21-10-2023,"Seeing the way Afrobeats have changed the world and the impact weâ€™ve had in music is beautiful! To see how respected and cherished our culture has become makes me so proud. 

Letâ€™s make sure we protect it and keep building a borderless music world ğŸŒ â³ 
@abcnews"
369,19-10-2023,ğŸ˜‚ğŸ˜‚ğŸ˜‚ğŸ˜‚ SABALI
370,18-10-2023,Lool u killed that role ! Keep it up ğŸ™ğŸ¾â¤ï¸
371,18-10-2023,SHE Must be Obeyed on prime ğŸ‘ğŸ¾ .. I def wanna executive produce a film or a series in the near future â€¦
372,18-10-2023,Timeless â³
373,18-10-2023,The irony ğŸ˜‚ğŸ˜‚ğŸ˜‚
374,18-10-2023,Morning gang ! ğŸŒâ³â¤ï¸
375,18-10-2023,Thank you love â¤ï¸ but  I actually donâ€™t know who you are .. and it was an honest mistake .. no vex .
376,16-10-2023,"This that one ğŸ’¿ğŸŒğŸ’†â€â™‚ï¸
â³ğŸ˜ˆ"
377,16-10-2023,"The 
@dreamcatchersDA
 bodied the dance for FEEL so much that I needed to link up with them â³

These kids are changing the music world everyday we need this type of energy ğŸŒ"
378,16-10-2023,Got something special for the world Friday!!
379,15-10-2023,Pushing boundaries with Global music ğŸŒâ¤ï¸â³ğŸ§ ğŸ’¿ how was your weekend???
380,15-10-2023,Hits different ğŸ¥°
381,15-10-2023,Cry till thy kingdom come cry till 2031 
382,11-10-2023,"Wats good these days on Netflix or prime , Apple TV ??"
383,11-10-2023,Stop circulating old pictures thank you â¤ï¸
384,8-10-2023,Gonna be the best week of my life â€¦ ğŸ¥°ğŸ˜‡ Amen
385,8-10-2023,This life no favor good Pple sometimes .. lessons learnt
386,8-10-2023,Nah today ?
387,8-10-2023,Thanks for all the hospitality my brother â€¦ canâ€™t wait for you to home ğŸ‡³ğŸ‡¬ so I can do the same
388,8-10-2023,Itâ€™s gonna be an amazing week â³ğŸ¥°
389,7-10-2023,Brought back too many memories â¤ï¸
390,7-10-2023,Dem go FEEL it
391,7-10-2023,New Zealand ğŸ‡³ğŸ‡¿ was amazing !!! â³ğŸ’¨â¤ï¸
392,7-10-2023,NOBODY CAN STOP ME FROM PERFORMING-ANYWHERE IN NIGERIA â€¦ WARRI I WILL SEE YOU SOON . â¤ï¸
393,7-10-2023,Throwing stones but u Dey live for glass house â€¦
394,7-10-2023,New Zealand ğŸ‡³ğŸ‡¿ tonight ğŸ’¨â³
395,5-10-2023,AMAZING ğŸ˜‡
396,4-10-2023,What video next ? â³
397,4-10-2023,Sayyyy them go?!
398,2-10-2023,"AUSTRALIA!! Thank you for your welcome! 

Promiseland!! Thank you for your energy. 

The TIMELESS moments we spent together will never be forgotten. â¤ï¸ you Gold Coastâ³"
399,2-10-2023,I need mop
400,2-10-2023,Nawa oooo Una love me sha â€¦ see Wetin small trailer cause â€¦
401,2-10-2023,I need cane
402,2-10-2023,ASA READY FOR UNA TODAY ğŸ˜‚
403,2-10-2023,24 hours â³
404,2-10-2023,I WANT ALL THE ğŸ’¨ğŸ’¨ğŸ’¨
405,2-10-2023,ILEBAYE â€¦.I love a success story !
406,30-9-2023,ğŸ˜ˆ easy on me !!!!
407,29-9-2023,We no Dey rush for here
408,29-9-2023,After 23 hours of flying â€¦ finally in Australia ğŸ‡¦ğŸ‡ºâ€¦. ğŸ˜®â€ğŸ’¨
409,29-9-2023,Bingo who release u from cage today ğŸ• from today ur new name is Bingo â€¦ stop distracting me Iâ€™m counting money.
410,29-9-2023,U mean the former governor ?
411,29-9-2023,Mumu Pple everywhere â€¦. Anyways Boutta land Australia ğŸ‡¦ğŸ‡º n make a million dollars â€¦ convert that . Goodnight ğŸ’ªğŸ¾ğŸ”¥â³
412,29-9-2023,Me wey humble politics lol ask around
413,28-9-2023,"1. Never said nothing about judgement
2. The Pple wey you Dey defend â€¦ u fit go chop for their house ? But guess what? I CAN â³ğŸ˜¤"
414,28-9-2023,Nigeria politics and film trick ğŸ¤ ğŸ˜‚
415,28-9-2023,Australia ğŸ‡¦ğŸ‡º and New Zealand ğŸ‡³ğŸ‡¿ We on the way !! â³â¤ï¸ğŸ”¥ğŸ¤¯
416,26-9-2023,Was lovely too watch
417,26-9-2023,Plural
418,26-9-2023,About to blast off â³ğŸš€ Movies on the way !!  ğŸ¥ğŸ¬ğŸ˜
419,26-9-2023,I â¤ï¸ NYC
420,23-9-2023,Ask about me Ask about me Wonti Le mi But won o mumi ğŸ’¡
421,18-9-2023,"Manchester you gave me one of my favorite shows of the year, cheers to youâ³

London see you soon 

#TIMELESSTour"
422,17-9-2023,Otilo
423,16-9-2023,"hank you to 
@PUMA
 & 
@fentybeauty
 for sending me these classic shoes ğŸ‘ŸğŸ”¥
@rihanna
 never misses 

#FENTYXPUMA"
424,15-9-2023,Peru â€¦ Bedtime pls ğŸ˜­
425,15-9-2023,And crusher ğŸ˜‚ğŸ˜‚
426,14-9-2023,Daddy ğŸ˜
427,13-9-2023,"Always a fun time at the 
@vmas
 

Manchester TODAY!

New announcements coming soon â³"
428,13-9-2023,"Well deserved! Shine young King! ğŸ’ªğŸ¾ğŸŒ 
@heisrema"
429,11-9-2023,Australia ğŸ‡¦ğŸ‡º and NZ ğŸ‡³ğŸ‡¿ â³â¤ï¸ğŸ˜
430,10-9-2023,In my panamera hola hola o
431,7-9-2023,"It was an honor to perform for 
@NaomiCampbell
 at the debut of her PrettyLittleThing line at NYFW â³"
432,6-9-2023,I Dey spend I gatts hu$tle
433,6-9-2023,MEN MOUNT
434,6-9-2023,Nigeria Election nah by who rugged pass
435,6-9-2023,â€œEnjoy your weekendâ€
436,6-9-2023,A divided house cannot stand â€¦â€¦ everybody long throat .. well
437,5-9-2023,ğŸ˜‚ğŸ˜‚ â¤ï¸ Papa
438,5-9-2023,HAT TRICK â³
439,4-9-2023,19.9.23 ğŸ¬ğŸ¿â³
440,4-9-2023,Dubai that energy was special! If you were there thank you for holding me down as we made history. â³
441,3-9-2023,A NITE TO REMEMBER ..â³ğŸ‡¦ğŸ‡ªğŸ
442,2-9-2023,G O A T ğŸ
443,2-9-2023,Iâ€™m so fucking  happy !! DUBAI THAT WAS AMAZING!!!!! SEE LOVE!!! ğŸ™ğŸ¾â³ğŸ‡¦ğŸ‡ªâ¤ï¸
444,2-9-2023,Dubai Sold out â¤ï¸ğŸ‡¦ğŸ‡ªğŸ™ğŸ¾
445,2-9-2023,Tonight go sweet die !! â³ğŸ‡¦ğŸ‡ªâ¤ï¸
446,1-9-2023,"CrÃ¨me De La CrÃ¨me . 
Shutting down DXB tomorrow ğŸ‡¦ğŸ‡ªâ³
See you soon !"
447,1-9-2023,Shey make them ban money ? Na money Dey cause problem ğŸ˜‚ğŸ˜‚ğŸ˜‚ğŸ˜‚
448,1-9-2023,Send me his account
449,1-9-2023,Wahala â³
450,30-8-2023,Share you blessings â³
451,30-8-2023,ğŸ‡¦ğŸ‡ª Gang on the way!! â³ğŸŒğŸ˜ˆâ¤ï¸
452,30-8-2023,"Thank you 
@PFA
 for the opportunity to not only attend such a prestigious event but also perform. Music and sports have always gone great together and we proved that again last night! â¤ï¸â³ğŸŒ Next stop Dubai ğŸ‡¦ğŸ‡ª 
@cocacolaarena"
453,29-8-2023,"See yâ€™all Tonite â³â¤ï¸âš½ï¸ 
@PFA"
454,25-8-2023,MORRAVEY
455,24-8-2023,"Erima, jáº¹ ka já» ko po tua
Make you no go relent"
456,23-8-2023,ğŸ“ACCRA ğŸ‡¬ğŸ‡­â€¦. Ainâ€™t been  here since â³ dropped .. heard itâ€™s doin ah madness ! We shall see tonight ! Gang Outside!!
457,23-8-2023,"No bad energy this year â€¦ am actually having the time of my life â³ğŸŒğŸ˜
"
458,23-8-2023,â€˜Feelâ€™ is that record â³
459,23-8-2023,Good luck to the people of Zimbabwe  .. I wish yâ€™all a safe and transparent election today â¤ï¸â³ğŸ‡¿ğŸ‡¼
460,22-8-2023,Our hard work no go waste  IJN ğŸ™â³ğŸŒ
461,22-8-2023,U rush in u rush out â€¦. â³ğŸ’¨
462,21-8-2023,To celebrate 100m streams for â€˜unavailableâ€™ on Spotify â€¦ Iâ€™ll drop â€˜feelâ€™ Video .. we almost there â³
463,21-8-2023,Afro Nation Thank You For The Energy â³
464,21-8-2023,"I teamed up with my people 
@InfinixNigeria
 to make a special edition #DavidoXInfinixNote30 smartphone.

Iâ€™m so excited to share this TIMELESS piece with you.

Tag someone special if you think they deserve this phone! They must be following 
@InfinixNigeria
 to be considered â³"
465,20-8-2023,My God is working
466,20-8-2023,Everybody nah 30BG
467,20-8-2023,This year will favor us
468,20-8-2023,What songs should perform tonite Detroit ?? â³
469,20-8-2023,First to do no Dey pain ğŸ˜‚
470,19-8-2023,Kigali RwandağŸ‡·ğŸ‡¼!!! Im short of words the love was too much!!! â³ SZN â€¦ Detroit we on the way ğŸŒğŸ¥³ğŸ’ğŸ‡ºğŸ‡¸
471,19-8-2023,O lule part 2 â€¦..
472,19-8-2023,"Praying for you my brother 
@wizkidayo
 Sadness flies away on the wings of time. â¤ï¸"
473,17-8-2023,Be like this my chain go Dey house before me â€¦ my neck Dey pain ğŸ˜‚
474,17-8-2023,ğŸ“Kigali Rwanda â³ğŸŒ
475,15-8-2023,Turned sand to ğŸ’â³
476,14-8-2023,Timeless piece being delivered tomoro right in time for 2nd phase of tour !! ğŸ’ â€¦ spent bout half a mill Â£ on it â€¦ God is Good  â³ğŸŒ
477,14-8-2023,We are working
478,14-8-2023,Pray for Nigeria ğŸ‡³ğŸ‡¬ ğŸ¥¹ğŸ™
479,12-8-2023,"Yacht life!!
Unavailable all summer!"
480,12-8-2023,MAN OF THE YEAR
481,11-8-2023,Too many hits untouched on timeless for a deluxe â€¦. This album will fulfill its purpose to the max â€¦. â³
482,11-8-2023,New profile pic ğŸ˜ˆ .. We warming up .. be ready .. â³
483,11-8-2023,Dem go ğŸ¶
484,11-8-2023,With leg ğŸ˜­ nah ur body go tell u
485,11-8-2023,Big propeller
486,11-8-2023,Croatia ğŸ‡­ğŸ‡· yacht week ! â³weâ€™re running mad ğŸ’¨ğŸ’¨ğŸ’¨ğŸï¸ğŸï¸ğŸ¤¯
487,10-8-2023,Turn around Iâ€™m not home
488,9-8-2023,Never give up
489,9-8-2023,Best hospitality business in the game â³ğŸ’¨ğŸŒ
490,9-8-2023,QUALIFIED ğŸ’¨ğŸŒ
491,9-8-2023,We came prepared â³ğŸ’¨ğŸŒâ¤ï¸ğŸ¤¯ â€¦ back like Jordan in â€˜95
492,9-8-2023,"Happy birthday 
@MikunBaby
 30BG ğŸ˜ˆğŸ’¨"
493,9-8-2023,TIMELESS ğŸ’¨
494,8-8-2023,"Omo this Infinix Note 30 series BAD! Might have to give some awayâ€¦

#InfinixNote30Series
#InfinixAndDavido"
495,8-8-2023,"Proud son 
@AAdeleke_01"
496,8-8-2023,"Where dem Dey put the money? 
@elonmusk"
497,8-8-2023,Bruh that fight video too funny everybody just Dey blow the opposite color ğŸ˜‚
498,7-8-2023,E BE LIKE  I BEEN KNOW SAY I GO BLOW ğŸŒğŸ˜€
499,7-8-2023,"Congrats 
@Tunegee
 on your emergence as the Chairman local government commission Osun state! Your a leader and you will do well â€¦ we Dey your back"
500,7-8-2023,Shocked dem like high tension ğŸ˜
501,7-8-2023,CERTIFIED HIT MAKA
502,4-8-2023,unapproachable unavailable out of reach â€¦.
503,3-8-2023,I don Laff die for group chat ğŸ˜‚ğŸ˜‚
504,2-8-2023,Big announcement Friday for my Middle east fans â¤ï¸ğŸœï¸â³ğŸŒ
505,2-8-2023,We believe in In who???
506,30-7-2023,Yâ€™all hurry up â€¦
507,30-7-2023,"So happy to my brothers 
@NeoAkpofure
 and 
@RealKiddWaya
 back in the Big brother house ğŸ‡³ğŸ‡¬â€¦ as I Dey overseas I Dey watch big brother oo wella make I no package ğŸ˜‚ğŸ˜‚"
508,30-7-2023,"I love having a drink with my 
@martell
 and my fam by my side, thatâ€™s a TIMELESS combination â³ğŸ¥ƒ"
509,30-7-2023,Face front
510,30-7-2023,Gh December !
511,30-7-2023,Crawford ğŸ”¥ğŸ”¥ he beat the brakes off bruh
512,30-7-2023,I dey sip my martell â€¦
513,29-7-2023,"
fukumean"
514,26-7-2023,Feel @ 50 â€¦ Agreement is what ?? Agreement
515,26-7-2023,Uploaded ğŸ¥â€¦ now we wait â³ğŸ˜ˆ canâ€™t escape it
516,25-7-2023,"Congratulations to our very own 
@MrBanksOmishore
 on your appointment as a Special adviser to the Executive Governor of osun state HE Governor Ademola Adeleke 
@AAdeleke_01
. Welcome to the governance affairs of the state of the living spring ."
517,23-7-2023,â¤ï¸ needed  that prayer
518,23-7-2023,Humility opens doors
519,23-7-2023,Find her for me â€¦ I donate $10k
520,23-7-2023,Let love rule â³ğŸŒğŸ’¨â¤ï¸
521,22-7-2023,No choice logos!! Them go feel am!!  MEN MOUNT
522,22-7-2023,Una know say â€˜Feelâ€™ never start Abi ? INFACT â€˜unavailableâ€™ never start!
523,22-7-2023,I wan make u show me make we no Dey figh
524,21-7-2023,GHEN GHEN
525,21-7-2023,"That new 
@logosolori
 slapping!!! ğŸ’¨ğŸ’¨ğŸ’¨ğŸ”¥ğŸ”¥ğŸ”¥"
526,21-7-2023,We believe in who?? GOD â³ğŸ™ğŸŒ
527,20-7-2023,No be juju be that ?? ğŸ˜œğŸ’¨â³
528,20-7-2023,You got me falling truly I just touched down
529,20-7-2023,Road to 100 !! 3 Months old!! We believe in God!! â³â¤ï¸ğŸ˜œğŸŒğŸ’¨
530,20-7-2023,"Iâ€™ve always wanted to use my platform to serve others. Thankful that through your generousity, Iâ€™ve been able to do so. 

We recently disbursed over N200m to several orphanages in Nigeria, a tradition that started a few years ago around my birthday.  Thank you to everyone who donated. With your help, we are changing lives. 

This is what I mean when I say We rise by lifting others. These are words in action. God bless you all!"
531,19-7-2023,Itâ€™s too lit!!
532,19-7-2023,I need this energy from yall  rest of tour â¤ï¸â¤ï¸â¤ï¸â³â³
533,18-7-2023,"Describe how your Album is doing in one picture ? 
ME:"
534,18-7-2023,Thank you God for everything.
535,18-7-2023,"Excellency â¤ï¸ 
@AAdeleke_01"
536,17-7-2023,"TORONTO WAS MAD! 

Thatâ€™s the energy we needed to close out the first leg of the TIMELESS tour.  The love is real. Thank you for making last night magic! 

EU/UK youâ€™re up next! â³"
537,16-7-2023,WE BELIEVE IN GOD
538,16-7-2023,Management looking for a bigger venue as we speak
539,16-7-2023,Bigger
540,16-7-2023,SAY THAT AGAIN !!ğŸ‡¨ğŸ‡¦ğŸ‡¨ğŸ‡¦
541,16-7-2023,THE DEMAND IS HIGH ğŸ˜ğŸ‡¨ğŸ‡¦
542,16-7-2023,We believe in GOD ğŸ‡¨ğŸ‡¦â¤ï¸
543,16-7-2023,Haha it was too Litty
544,16-7-2023,Toronto Iâ€™ll never forget this night ğŸ‡¨ğŸ‡¦â³â¤ï¸
545,16-7-2023,We outta here !
546,15-7-2023,"ğŸ‡¨ğŸ‡¦ see yâ€™all at 
@budweiserstage"
547,14-7-2023,Boston â€˜23
548,14-7-2023,Focused â³
549,14-7-2023,The DEMAND IS HIGH !! ğŸ“ˆâ³ğŸŒğŸ”¥
550,14-7-2023,God is good ! Boston â¤ï¸â¤ï¸
551,13-7-2023,Omo new @logosolori will scatter the club !!!!!!!
552,7-7-2023,Thank you too for blessing my record !
553,5-7-2023,Say dem  go feel it ! ğŸŒâ³ğŸ’¨
554,27-6-2023,Letâ€™s fucking go !!! ğŸ‡ºğŸ‡¸ğŸ˜‚ğŸŒâ³
555,25-6-2023,Dem no dey see me ğŸ•ºğŸ”¥
556,25-6-2023,I just Dey wake up to dope news everyday of what Timeless is doing in the ğŸŒ Rn ! God I Thank you!!
557,23-6-2023,Summer don reach !!!!
558,18-6-2023,I Dey go rehearse for tour â€¦. Iâ€™ll leave yâ€™all to God ğŸ™ğŸ¾
559,18-6-2023,Everywhere Good â¤ï¸
560,18-6-2023,Strength to strength ğŸ™ğŸ¾
561,18-6-2023,Happy Fathers Day ! Thank God for Strength.. itâ€™s not easy ğŸ™ğŸ¾
562,17-6-2023,I no pretend oooo â€¦ I know say I do something ğŸ˜‚
563,14-6-2023,Tg dey ginger me ahhhhhhhhhhnnrrgghhhhhhh ğŸ¤¯ğŸ¤¯ğŸ¤¯ğŸ¤¯
564,9-6-2023,And last nite you told me that itâ€™s all over e pain me o e pain me ooo
565,8-6-2023,"You go know say people fine
You go know say god design
Na elele, oh na elele, oh ah"
566,5-6-2023,Ur in pain itâ€™s ok â€¦
567,5-6-2023,U be Artist and u Dey form â€˜I no dey postâ€™ â€¦ nah u know imma hawk my shit like pure water!ğŸ˜‚
568,5-6-2023,I just watch am now now
569,5-6-2023,Otilor â¤ï¸ğŸŒğŸ¤ğŸ¾
570,3-6-2023,Sky cargo the BACH â³ğŸ’ğŸ›¬
571,2-6-2023,Amonabele ğŸ˜‚ğŸ˜‚
572,29-5-2023,Album dey on colos
573,29-5-2023,Not a dime Iâ€™ve known Excellency all my life â€¦ and Iâ€™m sure he will do well for the people of Abia state â¤ï¸ğŸ‡³ğŸ‡¬
574,27-5-2023,Yes of course â€¦ maybe on my bday
575,27-5-2023,UNA PAPA WORLDWIDE LTD
576,27-5-2023,Deluxe is sweeter
577,27-5-2023,Daddy is back in charge â€¦!
578,24-5-2023,OTILOR!!!!! ğŸŒâ¤ï¸ğŸ‘‘ FEEL!!!!
579,17-5-2023,"O ma gba, o ma ke tan ğŸŒ"
580,23-5-2023,This was fun
581,23-5-2023,Sheâ€™s so good ğŸ˜ğŸ˜
582,22-5-2023,All of the blessings wey dey come my wayâ³
583,19-5-2023,"Governance is not hard when you do the right thing! #timeless 
@AAdeleke_01
 â¤ï¸â¤ï¸â¤ï¸"
584,18-5-2023,Donâ€™t tell them lol
585,15-5-2023,Final Cut received and approved
586,11-5-2023,No vex
587,11-5-2023,I no get time for wahala I Dey IBIZA !!! ğŸ™‚
588,9-5-2023,"We go Dey shock dem like high tension!! 
@AAdeleke_01
 ğŸ‡³ğŸ‡¬ğŸ™ğŸ¾ğŸ’¡"
589,9-5-2023,Amen unc ğŸ™ğŸ¾. we got this!
590,8-5-2023,Balling nah normal tin â€¦.
591,6-5-2023,0 skips â³
592,5-5-2023,I no get time for wahala I Dey IBIZA !!! ğŸ™‚
593,1-5-2023,Proud of you Your excellency ğŸŒ
594,23-4-2023,ğŸ‡¬ğŸ‡§ Dey vex
595,23-4-2023,Showers of blessings
596,22-4-2023,Otilor ğŸŒğŸ¤ğŸ¾ğŸ’¿
597,20-4-2023,Sunday â€¦ unleash the BEAST ğŸ”¥ğŸ§¯
598,19-4-2023,Over dem all
599,18-4-2023,Igbadun is important ğŸ¾
600,18-4-2023,Call all my man dem make dem fall out
601,10-4-2023,Iâ€™m happy ur happy that Iâ€™m happy
602,10-4-2023,Ur ear is blessed
603,9-4-2023,I am happy â€¦. Thank you guys FR
604,2-4-2023,Love u mama ğŸ˜ğŸ˜
605,2-4-2023,Batman n robin
606,2-4-2023,Canâ€™t wait to see Israel when I get home â€¦ğŸ˜‚ d hailing no go be here #timeless
607,1-4-2023,Oya everybody deliver your unit !!! ğŸ˜‚ğŸ˜‚ğŸ˜‚ ğŸŒğŸŒğŸŒ #otilor
608,1-4-2023,One time! Them no dey see me! #UnavailableChallenge
609,19-12-2022,See yâ€™all in march ğŸ’¿
610,19-12-2022,Merry Christmas & Happy New Year. Thank you all. I love you â¤ï¸ğŸ‡¶ğŸ‡¦ #worldcupqatar2022ğŸ‡¶ğŸ‡¦ğŸŒğŸ†
611,24-10-2022,At this point ğŸ˜‚ğŸ˜‚ğŸ˜‚
612,18-10-2022,Something BIG is coming âŒ›ï¸
613,17-10-2022,One month chairman
614,17-10-2022,Dem seff wear cloth â€¦.. shameless..ğŸ˜‚
615,17-10-2022,Strictly good news this week Amen ğŸ™ğŸ¾
616,8-10-2022,Cars wey we go soon collect !! ğŸ˜‚ğŸ˜‚ğŸ˜‚
617,4-10-2022,"Relax, Renew, Refresh ğŸ’†ğŸ¾â€â™‚ï¸ ğŸ’†ğŸ¾â€â™‚ï¸ ğŸ’†ğŸ¾â€â™‚ï¸ â€¦. ğŸ‘€â³"
618,30-9-2022,God forbid â€¦..
619,23-9-2022,I FUCKING LOVE LAGOS
620,19-9-2022,Who go help you no go stress you
621,19-9-2022,"Your actually just a bad human being â€¦ 
@GboyegaOyetola
 no other way to put it spreading lies everywhere destroying ur legacy (not like you even have) â€¦ itâ€™s done and dusted 
@inecnigeria
 Abeg is there any such thing as over voting with your new BVAS Machine ? NOV 27th WE MOVE !!"
622,19-9-2022,Big cap
623,18-9-2022,Ok @callmeboichase think Iâ€™ve found A GUY ğŸ¤ğŸ¾
624,17-9-2022,Dey loosing they mind  .. I would too
625,16-9-2022,Say me I wan flex my soul ğŸ‘€
626,15-9-2022,Letâ€™s Rock !!! ğŸŒğŸŒğŸ¤¯
627,14-9-2022,Big Announcement 2moro for the CULTURE !! ğŸŒ
628,14-9-2022,Wahala â³
629,14-9-2022,Na me bring ğŸ˜‚ğŸ˜‚
630,14-9-2022,"Ijo kijo ti gba ilu kan
Won gbe ishe fun ee oli mukan .. Lodun Yii Efeela Efeela â€¦â€¦ I love that song"
631,14-9-2022,Youâ€™ve never liked me y ? Iâ€™ve always been good to you â€¦. Anyways ! AWAAAAAAAAAAAAAAAAY NOW!!!!!! Chu chu chu chu chu
632,13-9-2022,Nobody can stop Gods project  @GboyegaOyetolaâ€¦ nov 27 12pm â€¦ bye bye
633,10-9-2022,Every other day I organise
634,10-9-2022,One day I wanna be able to wake up and credit all my friends 1 million dollars â€¦ e go happen
635,10-9-2022,Family over everything â€¦â€¦
636,8-9-2022,U be good person enjoy it â€¦ more to come ğŸ¤ğŸ¾
637,4-9-2022,Not a bad idea hmmmmm
638,26-8-2022,Such an amazing Woman â€¦ God bless you ma â€¦. D way I was carrying mommyâ€™s bags today at the airport .. dem know say nah First class citizen â¤ï¸â¤ï¸â¤ï¸
639,24-8-2022,U for use this one â€˜ğŸ˜­â€™ reminds me of something â€¦ DUMMY
640,23-8-2022,So happy for him â€¦. â¤ï¸ğŸ‘ God bless u don baba
641,22-8-2022,Wait ?? ğŸ˜‚ğŸ˜‚ wow
642,20-7-2022,You do well @inecnigeria no vex for yesterday ğŸ˜‚â¤ï¸ğŸ¤ğŸ¾
643,20-7-2022,Sometimes e better to talk lol
644,19-7-2022,Nobody wins when the family feuds
645,17-7-2022,I love you guys ! This is a time to celebrate. No allow any mumu distract ona! Gracious in defeat 4 years ago and gracious in victory now! Imole sha de!!!!! Itâ€™s yours. Enjoy it !! â¤ï¸â¤ï¸â¤ï¸ğŸ’¡ğŸ’¡ğŸ’¡
646,17-7-2022,And he dey cry ğŸ˜‚ğŸ˜‚ğŸ˜‚ https://x.com/OriyomiOflagos/OriyomiOflagos/status/1548737592006508545
647,17-7-2022,This life is a pot of beans. Look at this old imbecile. How are these type of people not banned from twitter.  ğŸ˜‚ğŸ˜‚
648,17-7-2022,U cried on tv ur kids will grow up to see it
649,17-7-2022,God won. Osun won. You won. We all won! Imole Deeeeee â¤ï¸
650,17-7-2022,You will leave a LASTING legacy ! God bless you for this act alone sir !
651,17-7-2022,What you should be doing is calling to congratulate your successor. Forget studies.
652,17-7-2022,Confused â€¦ lostâ€¦ all of the above.
653,17-7-2022,Imma slap u wen I see u
654,17-7-2022,Say it to my face ! NIGGA U A WHOLE BITCH U CRIED ON NATIONAL TV ğŸ˜‚ğŸ˜‚ğŸ˜‚
655,17-7-2022,Ope ! Baba don show lol
656,17-7-2022,While returning officer is missing at the same time.  Imagine ??
657,17-7-2022,The Nigerian army have done well so far. Please stay neutral ! Help defend and protect our votes. No involvement or interference. Donâ€™t bow to any pressure from anybody! Our president said FREE AND FAIR ELECTIONS!
658,17-7-2022,What is delaying results being collated and announced now?? Where is the state collation officer ?!
659,17-7-2022,State collation officer for Osun elections is missing oo!! At a time like this. How???
660,16-7-2022,Orie ti daru thatâ€™s y yo bitch ass was crying screaming bout they intimidating ur family u a real bitch for life !!!
661,16-7-2022,Everyone watch out for foul play here !!!
662,16-7-2022,Shey ngbo werey ! THE PPLE R READY !!!! Try it!!
663,16-7-2022,"Retrieving the Stolen mandate with full force ğŸ’ªğŸ¾
IMOLE ğŸ’¡
Adeleke is coming! 
#OsunDecides2022 #OsunForAdeleke"
664,16-7-2022,Which tight race ??
665,16-7-2022,Itâ€™s raining. We will dance in the rain! Donâ€™t leave those collation centers ! Victory is close !
666,16-7-2022,Itâ€™s crazy out here IMOLEDE
667,16-7-2022,IFE STAND AGAINST OPPRESSION!! #IMOLEDE
668,16-7-2022,Them dey promise people money them no get! People Dey change am for them. ğŸ˜‚ğŸ˜‚ Rubbish.
669,16-7-2022,Panic in APC camp. Offering people money they donâ€™t even have ! Donâ€™t listen to them! Protect your vote! Chop their money vote your PDP vote. They must go. Nothing they can do this time around! #OsunDecides2022
670,16-7-2022,All the info coming in is looking very good for PDP and it is making APC jittery and desperate.  Please tell our people that are yet to vote that every vote is needed.  Everyone needs to go out to vote now!!!
671,16-7-2022,Rmemeber this is the critical period !! It was this time 4 years ago. Around 1 pm that they started their mischief. Everyone be vigilant. Come out and vote and defend your votes until the end!! Be alert ! We have waited 4 years for this moment !!
672,16-7-2022,All sides secured ! Voters troop out ! ğŸ¤ğŸ¾ğŸ¤ğŸ¾â¤ï¸â¤ï¸â¤ï¸ğŸ‡³ğŸ‡¬ğŸ‡³ğŸ‡¬ğŸ‡³ğŸ‡¬
673,16-7-2022,Pple rejecting money being offered to them left n right of the state today â€¦ GREAT TO SEE â€¦ there is stilll hope for Nigeria
674,12-7-2022,Were not being allowed to use the stadium for our own rally ? Why? Sad â€¦ pure wickedness â€¦ God knows best we will still find an alternate venue .. God bless
675,10-7-2022,Lmao this is embarrassingâ€¦ OYE T .. be packing ur load .. u outta here
676,10-7-2022,You wey be my fan .. sharrap
677,10-7-2022,See seuns  face sef like wat ???
678,10-7-2022,There were no grounds to declare inconclusive that night !! @GboyegaOyetola
679,10-7-2022,Oyetola just said mandate wasnâ€™t stolen ?? Looooooooooooool
680,10-7-2022,If there were jobs wouldnâ€™t crime reduce â€¦. #factscheck at this point yâ€™all know ur gonna lose on Sunday so right now una don dey crase for upstairs â€¦ itâ€™s allowed
681,10-7-2022,I love my uncle ğŸ˜‚ğŸ˜‚ğŸ‘ğŸ‘
682,10-7-2022,Iâ€™m bored af on this flight â€¦ QnA??
683,3-7-2022,Nobody is bigger than God â€¦. Stop shouting and letâ€™s go to the field
684,27-6-2022,Dem dey monitor my movements ğŸ˜‚ğŸ˜‚ dem dey check my tour calendar to see wen I go enter Osun ğŸ˜‚ğŸ˜‚ dem write MUMU fir my head ?? !! No worry Osun I DEY COME !! I no dey put date !! Dem go just see me like whinch ğŸ§™â€â™€ï¸ğŸ˜‚ğŸ˜‚ #IMOLE !!! OSUN IS READY FOR ADELEKE !!!! WE GO BRING JOY!!!!!
685,21-6-2022,Instead make u worry about the future of your country and your children your worries about American Citizen DAVIDO â€¦ what a fool .. 
686,21-6-2022,The biggest adventure you can ever take is to live the life of your dreams ğŸ‡ºğŸ‡¸ğŸ‡³ğŸ‡¬ #wrblotour
687,21-6-2022,Mumu don do â€¦
688,14-6-2022,The only way to win election now in Nigeria is to win the votes â€¦ We no wan hear any other thing !!! If u win u win if U lose u lose !!! GO HOME !!!
689,11-6-2022,If weekend go sweet nah from like Wednesday u go know
690,10-6-2022,Nigerian politics is not for the faint hearted â€¦. FIELD READY âš¾ï¸ğŸ¯â›³ï¸â™Ÿ
691,5-6-2022,July 16 fight to finish !!! NO KEKE MUST KEKE â€¦.. @AAdeleke_01
692,5-6-2022,Youths go show these pple sha in these  next elections â€¦
693,4-5-2022,Sickkk
694,1-6-2022,Iâ€™m F R EE FUCK NIGGA FREE! That shit hard ğŸ˜‚
695,29-5-2022,One thing bout me â€¦ we dey forgive but we no dey â€¦
696,29-5-2022,Greedy idiots una go collect one by one
697,29-5-2022,The so called elections in Osun nko â€¦.. KARMA A BITCH ğŸ˜‚ğŸ˜‚
698,29-5-2022,My way or the highway â€¦ I spend on you too much to negotiate
699,29-5-2022,So ur online ? Who r u talkin to ? ğŸ˜‚ğŸ˜‚ğŸ˜‚ğŸ˜‚ğŸ˜‚ my life nah full trips
700,29-5-2022,Make dem remove this online thing from WhatsApp e too dey bring Wahala
701,20-5-2022,JU TAKE UR TIME KNOW UR MATE OH â€¦ OYA ENTER FRIEND ZONE AND BEHAVE OOO
702,13-5-2022,Ur wicked ğŸ˜‚
703,13-5-2022,if I tell y say e easy nah Zobo !!!! ğŸ¶
704,10-5-2022," know what Iâ€™ve experienced the past 10 years, and alot of you have been through it all with me. Butâ€¦ have you really?"
705,9-5-2022,Omo @Pheelzonthebeat has finished me ğŸ¤¯
706,8-5-2022,"The thugs and electoral officers def don tire ! #IMOLE !! 
@AAdeleke_01"
707,6-5-20222,OBO NO GO MINUS â€¦.
708,2-5-2023,Tell the woman I love her and love you guys for always supporting anything I do â¤ï¸ #AlatAt5
709,1-4-2022,ME vs THE INDUSTRY !!! I LOVE IT !!
710,20-3-2022,"Why not fulfill it before election?
Must you wait to be reelected?"
711,16-3-2022,Bro I'm giving out Money on  friday join in and win something instead of fighting for pple who don't give a fuck about you ! I'm fighting for my state and my blood ! YOUR FIGHTING FOR SOMEONE WHO NO SEND U AND WILL PROBABLY EVEN REGARD ME BEFORE  YOU
712,16-3-2022,Mr Daniel if you have ur own 20'million Naira use it how you want and pls change ur dp that shit mad annoying ğŸ˜‚
713,16-3-2022,Govt don fail us nah to dey help each other we dey now ğŸ™ğŸ¾ğŸ˜ˆâ¤ï¸ğŸ¤ğŸ¾
714,16-3-2022,CountryğŸ‡³ğŸ‡¬  hard right now sha ... let's give 20 m to 20 pple on Friday ... send in your business ideas or start up ideas ... more details shortly #Wrblo
715,16-3-2022,Guy free me
716,16-3-2022,Naij don cast fully
717,16-3-2022,Omo I am my fathers child for that one ğŸ˜‚
718,16-3-2022,U don't even wanna know how much I just payed to clear my lambo... Pray for nigeria ... Jesus
719,14-3-2022,Say all you want about DAVIDO .... but DO NOT MENTION MY CHILDREN
720,14-3-2022,Dead man walking ! You don carry ur hate for me to my child !! Innocent child ! Brother  YOU DO THIS ONE !!!! Oya na https://x.com/Mista_Mdee/sta/Mista_Mdee/status/1503370388738392066
721,13-3-2022,I'm boutta build some crazy shit for the kids
722,13-3-2022,Woke up to another  Land from popsi in banana again ! Such a dope father ! Love u pops ğŸ¥°ğŸ¥°
723,12-3-2022,"Stop spreading This nonsense cap State Courts don't have jurisdiction, only Federal High Courts can handle post Primary Matters. Keep fooling y'all selves ! Anyway shutdown Manchester aka Gyalchester tonite! #IMOLEDE ğŸ’¡"
724,10-3-2022,I'm obsessed with my children
725,8-3-2022,Suck my dick ğŸ˜‚
726,8-3-2022,Ur talkin to the 1 person wey vote u abi .. I no understand which one be all supporters ... cousin dele ğŸ˜‚ğŸ˜‚ğŸ˜‚ frog jump loading
727,8-3-2022,Suck my dick 
728,8-3-2022,Smoking on that MAK pack tonite ğŸ˜‚ğŸ˜‚ğŸ˜‚ğŸ˜‚
729,7-3-2022,Nah MEN dey run am
730,7-3-2022,"Trusting GOD's plan isn't always easy. Doubt, fear and insecurities can fill our minds. But we have to remind ourselves that our GOD is an Awesome GOD. HE's the only one who knows our future and HE's in control.!!!!"
731,6-3-2022,Can never go wrong !!!
732,27-2-2022,No gym today no come my page for any update abeg body don weak + cheat day ğŸ˜‚ğŸ˜‚ğŸ˜‚
733,26-2-2022,U still no fine ğŸ˜‚
734,26-2-2022,"No embarrass ur children ğŸ˜‚ğŸ˜‚ğŸ˜‚ğŸ˜‚ nah ur pikin go tell u .... ""daddy davido posted ur picture ' 
Ugly mother fucker"
735,26-2-2022,Near my papa i go show u who I be
736,25-2-2022,U must not know my family ...
737,24-2-2022,If it don't burn it's not burning ğŸ’ªğŸ¿ğŸ’ªğŸ¿ğŸ‡¬ğŸ‡§ğŸ‡³ğŸ‡¬
738,23-2-2022,Show the real video ğŸ˜‚ğŸ˜‚ğŸ˜‚ werey
739,23-2-2022,I Dey burst my own head ğŸ˜…ğŸ¤¯ğŸ™ğŸ¾ğŸ¥°
740,23-2-2022,Arrest who? In which Nigeria? ğŸ˜‚ make dem come carry me from @TheO2 na ğŸ˜‚ğŸ˜‚ğŸ˜‚
741,23-2-2022,It hurts sha ... a certain politician that I love with all my heart  and look up too so much is the one trynna fuck us up ... but with God nothing dey sup ! IMOLE DE !!
742,23-2-2022,Lmao coming from a member of a party OF REAL DO OR DIE !! OSUN pple want ADELEKE AND SO  SHALL IT BE
743,23-2-2022,ADAGUNODO OF OSUN PDP RESPECT D COURT !!! Una don start this nonsense again 2022 I will cast any gad damn soul!!! FREE AND FAIR ELECTION IS WHAT WE WANT ! IMOLE DE
744,23-2-2022,"It has been brought to my attention that certain individuals have imported thugs and their machineries to our dear state to intimidate delegates, i will like to reassure Imole supporters and All Adhoc delegates that there is nothing to fear."
745,19-1-2022,For ur mind ur plan dey work abi ... werey Dele u dey crase ..
746,19-1-2022,"Dele, Mr Fake Intellectual, you really dared to cross that line !!! You dared include my Mom's Death in your lies about me. My mom that fed you and and literally clothed your sorry ass ! It is a shame !!! I promise to expose your ungrateful betraying ass to the whole Osun !!"
747,19-1-2022,Worst of all this Nigga really doing all this from the house my father gave you ! Audacity ! Disrespect me ! (I don't care) But my FATHER my MOTHER Never! DELE I WILL STRESS YOU ! We go meet for field ....
748,19-1-2022,"The truth hurt you that much you had to go that low to mention YOUR AUNTY VERO that cared for you .. well .. I don open my crase for the year 
@deleadeleke001
 stay tuned ğŸ¤˜ğŸ½ NEW MUSIC 2MORO! ğŸŒ‹"
749,19-1-2022,"Because of your ambition you have your people write about me (which I don't care ) but to include the death of my mother in an article ... same woman that raised you ... 
@deleadeleke001
 ok na .. ğŸ™ğŸ¾ Dele God will  reward you"
750,18-1-2022,"Wonderful! Me I finished uni with a 2:1. But itâ€™s now cousin dele who struggled to even get a 2:2 that is now forming â€œintellectualâ€.  Intellectual that has not succeeded in building one single thing in his life on his own. This life ehn! Osun beware of FAKES! 
@deleadeleke001"
751,10-1-2022,I'm so gee'd up my bro I'm sorry
752,22-11-2021,I will personally make sure this doesn't occur !! I put that on my life ! https://x.com/soibomari/stat/soibomari/status/1462215140611436545
753,18-11-2021,There won't even be space for u
754,20-9-2021,Success is sweet ! E sweet die ! But e no sweet when itâ€™s not with the pple who knew you werenâ€™t shit before!!
755,10-9-2021,Fuck you while your friends are watching baby ğŸ¶
756,7-7-2021,"And to Malik, even though you are taller than me â¤ï¸, you are basically my son. Doing so well in school, passing with flying colours. I have to be strong for you, and u have to be strong for the family, your mom . Everything 44 wanted to do for you, we will finish it together"
757,7-7-2021,"It is hard getting by without you, my backbone is truly gone but I wonâ€™t stop making you proud. I promise to continue to take this thing we started together, to the ends of the earth. I promise to continue dominating the world."
758,7-7-2021,"This has been such a haunting week for all of us. All of us, me, his family, his son, his daughter, his brothers, his friends, a whole brotherhood; God give us all the strength. This isnâ€™t even about me, itâ€™s about all of us, and all the amazing plans and vision you had."
759,7-7-2021,"This is by far the hardest thing Iâ€™ve had to write. Hurt, broken, sad, and lost. For the first time in my life, I am EXTREMELY confused. The pain is one I cannot explain. 44 was more than an elder brother to me, he was a protector. someone that literally just always made me smile"
760,17-6-2021,I warn u say no chop for clubğŸ¤¦ğŸ¾â€â™‚ï¸ğŸ¤¦ğŸ¾â€â™‚ï¸
761,10-6-2021,As I make we yarn but u Dey party party make I enter u say nothing naughty ooooo!!!
762,8-6-2021,God will expose and deal with any wickedness around me near or far AMEN ..ğŸ˜‡ Iâ€™m blessed
763,24-5-2021,Enjoy ur life .... this life nah once
764,12-5-2021,Notice he the only one without a mask .. mumu
765,11-5-2021,Iâ€™ll keep being a great person ... We move no be for everybody
766,5-5-2021,No but I see u want me to reply u so take ... https://x.com/Elixir_oficial/Elixir_oficial/status/1390002645000146948
767,5-5-2021,God how did it get to this man !!! Any body supporting this government suppose go hell fire Walai .... itâ€™s not even ridiculous no more itâ€™s disgusting and evil !!!!
768,5-5-2021,God how did it get to this man !!! Any body supporting this government suppose go hell fire Walai .... itâ€™s not even ridiculous no more itâ€™s disgusting and evil !!!!
769,20-5-2021,The boy sef no get mind show face. Cute from far ğŸ˜‚
770,8-3-2021,NO LIE ... if u be me shey u go Dey normal??
771,13-2-2021,Your excellency my nyansh !!!
772,7-1-2021,Others say youâ€™re arrogant when you proclaim yourself the best.
773,16-1-2021,We all do ... make nobody lie give u ... ğŸ˜‰ https://x.com/Pablo92801768//Pablo92801768/status/1350394189754888198
774,14-1-2021,No vex jo .. not direct  at any other ambassadors of other brands .. nah one wicked person like this wey dey work for another brand office wey   wan spoil my name for where I Dey work ğŸ˜‚ dem self  make dem no spoil person bag  ğŸ’° Abeg ğŸ˜‚ Namatse ğŸ™ğŸ¾ğŸ§
775,10-1-2021,Imagine waking up and lying to urself .... must suck https://x.com/_beall244/stat/_beall244/status/1348255180299657216
776,,
777,,3574
778,,
779,,
780,,
781,,
782,,
783,,
784,,
785,,
786,,
787,,
788,,
789,,
790,,
791,,
792,,
793,,
794,,
795,,
796,,
797,,
798,,
799,,
800,,
801,,
802,,
803,,
804,,
805,,
806,,
807,,
808,,
809,,
810,,
811,,
812,,
813,,
814,,
815,,
816,,
817,,
818,,
819,,
820,,
821,,
822,,
823,,
824,,
825,,
826,,
827,,
828,,
829,,
830,,
831,,
832,,
833,,
834,,
835,,
836,,
837,,
838,,
839,,
840,,
841,,
842,,
843,,
844,,
845,,
846,,
847,,
848,,
849,,
850,,
851,,
852,,
853,,
854,,
855,,
856,,
857,,
858,,
859,,
860,,
861,,
862,,
863,,
864,,
865,,
866,,
867,,
868,,
869,,
870,,
871,,
872,,
873,,
874,,
875,,
876,,
877,,
878,,
879,,
880,,
881,,
882,,
883,,
884,,
885,,
886,,
887,,
888,,
889,,
890,,
891,,
892,,
893,,
894,,
895,,
896,,
897,,
898,,
899,,
900,,
901,,
902,,
903,,
904,,
905,,
906,,
907,,
908,,
909,,
910,,
911,,
912,,
913,,
914,,
915,,
916,,
917,,
918,,
919,,
920,,
921,,
922,,
923,,
924,,
925,,
926,,
927,,
928,,
929,,
930,,
931,,
932,,
933,,
934,,
935,,
936,,
937,,
938,,
939,,
940,,
941,,
942,,
943,,
944,,
945,,
946,,
947,,
948,,
949,,
950,,
951,,
952,,
953,,
954,,
955,,
956,,
957,,
958,,
959,,
960,,
961,,
962,,
963,,
964,,
965,,
966,,
967,,
968,,
969,,
970,,
971,,
972,,
973,,
974,,
975,,
976,,
977,,
978,,
979,,
980,,
981,,
982,,
983,,
984,,
985,,
986,,
987,,
988,,
989,,
990,,
991,,
992,,
993,,
994,,
995,,
996,,
997,,
998,,
999,,
1000,,