S/N,DATE,TWEET
1,7-9-2024,Na to begin famz NINiola because of rice ğŸ˜Šâ€¦ na NINtendo wey dey no worry ğŸ«¶ğŸ¾
2,7-9-2024,"NIN=cheaper foodâ€¦

Welcome to NINGERIA.

The land of milk and hoNINâ€¦ğŸ«¡"
3,7-9-2024,"You canâ€™t run away from the cleansing work needed to be done to help every African to see their inner light.

There is more work to do than interviews if the original idea is about EQUALITY AND SOCIAL JUSTICE FOR ALL."
4,6-9-2024,"Again, if you are a fan / follower and you have kids, introduce your children ( especially daughters ) to calculated fighting in Self defenseâ€¦

Told a mother one time but she said the daughter will be raised â€œ soft â€œ as a flower.

I left it only for her to think about it later and try but by then the child was already interest in other things.

Men, once again, save your bloodline for the bad ways of men."
5,5-9-2024,"After admitting this flaw, what next? Stay in your lightâ€¦ e get why."
6,5-9-2024,Establishment wey dey craseâ€¦
7,5-9-2024,"
Omo, a lot should have tried to pay attention to comprehension in schoolâ€¦ 

itâ€™s disgustingly embarrassing.
Going by how many are, they should shutdown all schools in Nigeria. Itâ€™s of no use at this point . Lol"
8,5-9-2024,"Tribalism wonâ€™t save you. 

you have tribal rulers in kings and chiefs selling you to any money man. 

Your fellow tribes men and women do everyday business that destroys your health everyday.

You have men in â€œ power â€œ from your home town who wouldnâ€™t build infrastructure in their ( and your ) home town.

You are wasting all our time but who is anyone to tell anyone how to be?
Last edited

"
9,5-9-2024,"
how are those using the Bible as a life guide missing the point where God frowns at those who steal from his people saying they will  face disaster which you already see with some popular â€œ endorsersâ€. ; dem dey face better disaster because of their political alliance.

Bible dey"
10,4-9-2024,"
Victor osimhen #45 as in 4 + 5â€¦ 

May he have a great time in Galatasary.

âš½ï¸ğŸŸï¸âš½ï¸"
11,4-9-2024,"
Nobody is perfect but e get why dem dey say â€œ donâ€™t be stupid â€œ.

â¤ï¸ğŸ˜Šâ¤ï¸"
12,3-9-2024,"
The masquerades are out to show out today in Lafiajiâ€¦

ğŸ˜Š"
13,31-8-2024,"Any decision any Nigerian player makes, as long as itâ€™s not harming anybody ( minus Una wey betting wan finish una life ğŸ˜‚), is fine.

I am not living your life for you so why should i have any opinion about your decisions as a player in a field i dont play in?

Good luck to victor through this time."
14,31-8-2024,"
Would be interesting to see the striker that will deliver on victorâ€™s level of intensity and hunger as the season beginsâ€¦"
15,30-8-2024,"
People are easily tiring these days truly. Look aroundâ€¦ even though any Nigerian is probably â€œ damaged â€œ based on reality."
16,28-8-2024,"Love is enough actually because, 

na love dey make everybody kaju based on human fallibility.

If God is love, does that mean God is not enough?"
17,28-8-2024,"
You no like Charles Darwin?"
18,28-8-2024,"
as much as you can, Replace the artificial sweeteners in your life with natural sweeteners.

Replace your spices with as much natural options as possible and live your vices as you accept death is a must for all and you may find strength to deal with the other important things."
19,28-8-2024,"If you want theif, thiefâ€¦ which wan be explanation before you run am?"
20,28-8-2024,"
As fake leaders dey church and mosque, na so fake herbalists dey. 

The only way out of all of these is within ( where the spirit is ). 

You have to decide every day what your stance is to everything happeningâ€¦ even if in your own flaws; 
"
21,28-8-2024,"
You wan carry people wey dey poison you go fight people wey dey poison you? 

Donâ€™t you see they are the same?

Lol."
22,28-8-2024,"
Dem go Dey send sermon wey dem suppose hear alone take change their greedy ways wey dey help destroy majority of their people peaceâ€¦ their extended families self dey game oh but na lieâ€¦ 

imo ti ara eni nikan ti ğŸ¤¯ ori gbogbo wan.

Well, set awan Olori lâ€™awaâ€¦"
23,28-8-2024,"
i also notice the more you are pro-African ways like as in ifÃ¡, the more the religious ones judge you exactly howâ€œ their Holy Book â€œ has told them is sinful.

Many of them donâ€™t want to be accountable for the type of work it takes to be an honest believer in Godâ€™s ways."
24,28-8-2024,"
If many of una pastors dey tell una simple truth, many of una no go dey comfortable going to â€œ church â€œâ€¦ by the way, going to church is going to the self if â€œ HE THAT IS IN YOU IS GREATER THANâ€¦ â€œ"
25,28-8-2024,"
Note that he is just a ordinary citizen like you tooğŸ˜Š"
26,28-8-2024,"
People who believe Godâ€™s excellence has proof in something thatâ€™s man made? 

Clowns"
27,28-8-2024,"
People selling fake drinks and drugs that harm and â€œoff â€œ their fellow countrymen and women ( youth and older ) are the same as the â€œ evil â€œ politicians.

I gradually realize the fight is more around regular folks than the â€œ elite â€œ who usually just seize opportunity"
28,27-8-2024,"
people have the human right of association or dissociation and by this universal truth, should be allowed to separate themselves from any thing that honestly doesnâ€™t work for them.

Unity is about individuals coming togetherâ€¦"
29,27-8-2024,"
Politicians dey destroy the lives of parents wey go give birth who their children go fall in love with.

ğŸ˜Š"
30,26-8-2024,"
Put face make you sureğŸ˜Š"
31,26-8-2024,"
â€œ Oya oh oh oh juâ€™pa â€œ

âš¡ï¸ğŸâš¡ï¸"
32,24-8-2024,"

May we worship God and love all men

â¤ï¸ğŸâ¤ï¸"
33,23-8-2024,"
Dr ifatunde umar on a podcast about hiphop is hilarious and shows how shallow many â€œ hiphop Heads â€œ have always been."
34,22-8-2024,"
Be rest assured that, by the way things are going, the powerful will continue to face the result of their actions since generations ago. 

Their children live and interact with other children from the society they are destroyingâ€¦ 

Peace to everybody who deserves peace."
35,22-8-2024,"
giving Odegaard \ Havertz combo with itâ€™s own calm style of finesse but also defensively aware. 

Looks like Arteta is adding more option for attack play and retract for more defensive supportâ€¦ heâ€™s a mad man ğŸ˜‚.

Interesting choice of player to this current squad ğŸ¤”"
36,22-8-2024,"
Made my own green by myself thatâ€™s algae"
37,22-8-2024,"
Nigeria is not the giant of Africaâ€¦ 

ğŸ«¡NIGERIANS ARE."
38,22-8-2024,"
Nigerians wey I dey reason say colonial master go dey regret right now say dem interfere with these kind minds.

Na Yoruba culture thinking Dey help me check because if not, me self na the average NIGERIAN normally based on many many."
39,21-8-2024,"
I know what it means for a KC boy to â€œGbaâ€ for a Gregs boyâ€¦ Gazamba and 
@escobar470
 beat many to it tho"
40,21-8-2024,"
Letâ€™s get this person some Larry Spice  
@ThaBoyYom
"
41,21-8-2024,"i am willing to do Godâ€™s will if God willsâ€¦ itâ€™s out of my hands honestly. 

ğŸ˜Š"
42,21-8-2024,"
You donâ€™t fear God, itâ€™s coolâ€¦ iâ€™ll let God deal with you then; even if it means using me to teach the lessonâ€¦ USE ME LORD!"
43,19-8-2024,"
â€œâ€¦.Why wound a start trekâ€¦ â€œ no be fire London. You must waka shaa ni"
44,18-8-2024,"
Ladies and gentlemenâ€¦ Your Sunday sermonâ€¦ Lmao"
45,18-8-2024,"
Then cultural way don set proper way for man to be ( Omo olu iwa bi in the Yoruba context ) before â€œ swearing â€œâ€¦ ogun and co, in view, are only sought in situations where there is a derail from the proper set way."
46,18-8-2024,"
No be everything be action. Many times na reason first so the action go make honest intended impact"
47,18-8-2024,"
Una wey go rather go famz â€œ man of God â€œ than to stand with wetin simply dey right even if e no really favor una?

Religious people wey dey behave like say the religious books no dey address them tooâ€¦ Abi no be religious people dey government? Make una dey play fight dey goâ€¦"
48,18-8-2024,"
See new posts
Conversation
Teslim.
@VectorThaViper
If all of una dey talk boldly like this for the handles of the people we dey destroy una opportunities and the people wey dey join people wey dey put all of una for this predicament, we for don get better head way for where all of us dey go but herr we are as usual. 

You are becoming same with the â€œ principalities and powers â€œ by poisoning the conversation of enlightenment; your biology is sending you to hellâ€¦ I told you already."
49,18-8-2024,"
Your dustbin go full later."
50,18-8-2024,"
A successful man is one who knows himselfâ€¦ a lost man may find himself in something that isnâ€™t part his original natural self"
51,18-8-2024,"

Being broke is not terminal illnessâ€¦

And as for money, letâ€™s act like we havenâ€™t learnt that all that glitters isnâ€™t gold and that money can never be a constant figure ( it always either increases or decrease as long as man lives).

Alaaru tâ€™on je burediâ€¦"
52,17-8-2024,"
Thankful in life for experiencing my kind of peopleâ€¦ music has blessed me with this and i am grateful again.

â¤ï¸ğŸâ¤ï¸"
53,16-8-2024,"

Nigerian government isnâ€™t ready for the rise of the digital rebellionâ€¦ people wey no sabi anything other than money and loans na them wan face people wey impoverishment don turn them to â€œ cerebro â€œ for hustle?  Lol."
54,13-8-2024,"

All already know the king killer will smile over your death
You must be living upsides down with the tiles over your head 

Lol"
55,13-8-2024,"
Why are some surprised that music takes time to circulate amidst listeners? 

Na music no be order; breathe bro.

â¤ï¸ğŸâ¤ï¸"
56,12-8-2024,"
This is a wrong way to think you should be saddened by how they treat Africans whether Nigerian or people of Congo"
57,12-8-2024,"
If not for foolish leaders, wetin any person wan follow me talk as a Nigerian for this life? 
Na oil, Arts, Music, strength, brain, style or resource?

What can they have that is so great that i as a Nigerian shall tremble in marvel? 

Alas, everybody deserves what they get in life so i wish the African people who feel they can liberate themselves from their dog walkers by themselves ALONE good luckâ€¦ time always tells.

Moving onâ€¦"
58,12-8-2024,"
You wey my pikin senior for height? 

Wo oju mi ki o ri olodumare loâ€™ke"
59,12-8-2024,"
I saw this happen with channel O before now and to be honest , he have the right to preserve their culture as they deem fitâ€¦ you know say Nigerians are dominating by nature so yeahâ€¦"
60,12-8-2024,"

Buju may not know the musical implications of his argument. The talking drum for example plays a variety of beat patterns ( including dancehall ) in syncopations so complex that if anyone takes time, they will see that many original musical  inspiration comes from the Original side of the African music spectrum.

I like reggae and dancehall stillâ€¦"
61,12-8-2024,"
Anybody wey you need to remind say you do good for a no worth am"
62,12-8-2024,"
When them self finish make dem come backâ€¦ that said, Dey think properly before you respond to issues of intellect."
63,12-8-2024,"
Olodo! Na amapiano na him you see for all the attacks wey don dey so since before amapiano blow?"
64,12-8-2024,"
Pastors couldnâ€™t redeem himâ€¦ heâ€™s a lost case"
65,12-8-2024,"
With the way they stigmatize Nigerians, you would think we donâ€™t have Nigerians saving the lives of  many people outside Nigeria from sports to music to science and tech, academia, healthcare and more. 

i donâ€™t rate the countries genuinely stigmatizing my people because i know Nigerians add life to anything they are a part of. 

As for crime, you must be stupid to think we are the most criminal in the society where the drugs you claim come into your land via your native portsâ€¦lol 

I donâ€™t even know why many are traveling to these places to face racism and xenophobiaâ€¦  guess many would rather go and ride the bus Rosa parks ( and her likes ) fought for blacks to ride freely in than be like her in their own immediate reality."
66,12-8-2024,"
now hereâ€™s the twistâ€¦
You mean all those people who have â€œ spiritual powers â€œto harm from afar donâ€™t have a problem with how their leaders are disrespecting their humanity and selfishly making decisions that puts them and all their loved ones in constant stress and loss of life? 

As in, na just person wey dey try do better for life them dey focus on? ( as evident many times on social media ) Lolâ€¦

After this thought , if you still believe a man somewhere can read a book and become more important in your life than you with God then this talk is above you.

Ma jeun before you pay."
67,11-8-2024,"
Ma jeun before you payğŸ˜‰"
68,Nov 8,"
i genuinely feel the music world may be losing the simple essence of music and since you canâ€™t fault man for however man chooses to live, it may be best to let everyone be how they deem fit is best for them 
( may we all find what we desire ).

Again, the desire with music is simply to connect with who ever is ready to pair again and againâ€¦

â€¦and as for â€œflowersâ€? 
What is â€œflowersâ€ to vast gardens of supporters in fans? 

Make we just dey flex make music Dey goâ€¦ nobody lives forever.

Ma jeun before you pay on Sunday."
69,9-8-2024,"
Covid happen and all miracles pause now â€œmen of God â€œ don Dey seek judgement before judgement dayğŸ˜’

last last eye no need hand to open; No chop food before you payâ€¦"
70,9-8-2024,"
I see how you look up to such scenarios"
71,6-8-2024,"
Still standing out; emi ni omo ti o sunâ€™le"
72,6-8-2024,"
Olanrewaju omo gaâ€¦ iwo saa maa rora seâ€¦
"
73,5-8-2024,"
I think their individual names is just fine"
74,5-8-2024,"
Oya no vexâ€¦ğŸ˜Š"
75,5-8-2024,"
I always gift my loved ones music so we can all celebrate together in musicâ€¦ 

Omo! See answer noooooow!!!!! ğŸ˜¤

â¤ï¸ğŸ"
76,5-8-2024,"
Wa sere padiehğŸ’ªğŸ¾"
77,5-8-2024,"
YOU STILL NEED MUSIC IN TRYING TIMES  TEGWOLO!!!"
78,5-8-2024,"
Nothing toned down ; many of you just donâ€™t pay enough attention to the things you claim you love enough to follow it as it grows; youâ€™re stuck in your own thoughts. 

Tomorrow begins a story you should just followâ€¦ itâ€™s leading somewhereğŸ˜.

Oshamoh?"
79,5-8-2024,"
Back to musicâ€¦ tomorrow we commence. A7 begins."
80,5-8-2024,"
And you believe this rubbish you wrote? 
Interesting times."
81,5-8-2024,"
Maybe itâ€™s because itâ€™s an intelligence thing?"
82,5-8-2024,"
Them Dey hail teams wey Dey ball presently you Dey say your team don win something beforeâ€¦ ok now. You know say na your team go first win something before. Lol."
83,5-8-2024,"
What is herb to consciousnessğŸ«¥?"
84,5-8-2024,"
â€¦The only way to win is by the brain"
85,5-8-2024,"
Na the people way dey support the ones wey dey help politicians spoil people lives; many of you donâ€™t check them enough based on accountabilityâ€¦"
86,5-8-2024,"
At the â€œ peak â€œ of his game"
87,5-8-2024,"
Sure thing kingâ€¦ may the campaign be #successful"
88,5-8-2024,"
Since Kanu Nwankwo â€œ Papilo â€œ eraâ€¦

New season; new reason.
"
89,5-8-2024,"
Sadly, you canâ€™t force a Nigerian to be tired of hardship.

 said it many times that we must revolt against the people around us first before we collectively revolt against the system. 

Why? 
There are many who honestly donâ€™t have informed understanding of whatâ€™s going on and those people are easily impressioned into the wrong stanceâ€¦ you canâ€™t win a war with enemies within."
90,5-8-2024,"
The new military pregnancy test kitâ€¦ you pee on the black panel and the tip prints the results.
"
91,5-8-2024,"
My message is not to the rappers ( those ones, NO PRESSURE )â€¦ my message is to you who may not know the hell you are likely to get into simply because you are an artist honestly looking up to someone who knows â€œ the way â€œ when in truth, itâ€™s knowledge of the way to Hell.

EOD."
92,5-8-2024,"
Iâ€™m not anywhere i shouldnâ€™t beâ€¦ the great men are usually sabotaged by their closest environment then after the betrayal, everyone will agree they are greatâ€¦ thatâ€™s why the music message must be ever green; we have hacked the system of the ingrate"
93,Aug 5,"
Havenâ€™t responded to Hiphop commentaries in a long minute because the genre has the most vocal ignorants who know nothing about the art style of different artists they speak about. 

That said, Hiphop is a genre that stands with some HARD truth. 

Hiphop doesnâ€™t need fakes who use money and affluence to fight lyrical battlesâ€¦ I have had beefs with rappers but never thought to stop their â€œ ğŸ’¼ â€œ; i have put some on platforms that they would never put me for reasons best known to them if roles were reversed (and trust me, the roles have been reverse many times ) but hey â€œ i think they scared of me is my guess â€œ.

there are so many Hiphop affiliated execs (rappers ) who sell out their people in contractual greed; one of them you praise on here helps labels buy artists catalogues for cheap simply because if you convert the money to Naira, 
iss plenty. 

Many of you think some of these weak men are hard rappers simply because they tell you on tracksâ€¦ lol 

what then differs them from politicians? 
"
94,4-8-2024," 
Zoro is doing something with his new single blending traditional igbo and Yoruba instruments in productionâ€¦ 

There is a message in there somewhere #EgoOwo
@ZoroSwagbag"
95,4-8-2024,"
Them no dey tell blind man say rain dey fallâ€¦"
96,4-8-2024,"What do Africans think the western world would doâ€¦ take the sides of the immigrants that are exploited by the same western world in the first place? 

Is the war happening and brewing at the same time not enough reason to see reason with trying our best to better ourselves? I want to believe there were Nigerians based in Ukraine referencing Nigeria as â€œ that country â€œ until he unrestâ€¦

Last, last, ile ni abosimi."
97,4-8-2024,"
Oh my gosh! They loot too? Wow! ğŸ˜’"
98,4-8-2024,"
One for Sound sultan ğŸ’ªğŸ¾"
99,4-8-2024,"
â€œ Ma jeun before you pay â€œ thatâ€™s what Iâ€™m saying ğŸ˜‚"
100,4-8-2024,"
Na so that one wey be police station activist claim say protests have been high jacked by â€œ terro-rist â€œ which aided the false narratives that led to the actions that caused the demise of many.

If anybody talk that time dem go say na hate on grace, the fool is talking the same line of intentional misinformationâ€¦ he fails to see that the Nigerian people force expands beyond Naijaâ€¦

One day bushmeat go catch the hunter and when e happenâ€¦ #HASHIRA"
101,3-8-2024,"
The are the wilderness"
102,3-8-2024,"

Itâ€™s a chill on thereâ€¦"
103,3-8-2024,"
Person wey go dance with wolves must rehearseâ€¦"
104,3-8-2024,"

Preda he viper! I greet you"
105,3-8-2024,"
Your energy is perfect for the record champ! Na your herbalist dance remain like this ğŸ˜‚"
106,3-8-2024,Sheâ€™s a Dj based in Amsterdam SVBRINA.
107,3-8-2024,"
Head before hand"
108,3-8-2024,"
All the ones in Daura lol"
109,2-8-2024,"
Lolâ€¦ people are earning more to be able to afford less than beforeâ€¦ i can see that reality."
110,2-8-2024,Omo! If you no dey pay school fees for Naija or abroad no follow me talk lolâ€¦ twitter get plenty other handles.
111,2-8-2024,"
You suppose dey check your thoughts based on the importance of the conversation wey you dey engage."
112,2-8-2024,"
Make dem let people talk their mind and make dem self reason am with their mind."
113,2-8-2024,"
O mo pe eleda ti ire o wâ€™aiye wa fun niâ€¦"
114,2-8-2024,The sane officers hear me loud and clear and they are on social media because they are humans with other interesting lives outside of their uniformsâ€¦ maybe you all should stop generalizing as you would never in a life time believe VECTOR is he son of an upright officer in the police force. 
115,2 -8-2024,"
Once again to the men of the armed forces, 
 it is best for all to have accountable leaders. 
Your children are going to grow in the same society decay if we donâ€™t try our best for the best we can achieve.

Barrack children, Una self fit speak for Una parents; all that â€œBoss officerâ€ talk na when we be pikinâ€¦now most of us don turn men wey naija lifestyle dey affect; school fees self don increase based on fuel price and light tariff.

I greet you."
116,2-8-2024,"You are not my friendâ€¦ you are an acquaintance who used to roll dice with my friends and i decades ago. 
Itâ€™s was fun then but we are grown now.

The difference is, they ALL  didnâ€™t become addicts to the point where Theyâ€™d be embarrassing themselves on social media."
117,1 -8-2024,"
The point of the protest is, as usual, a call for attention to the state of the welfare of the peopleâ€¦ homes are going through  aggression influenced by the struggles of the society.

Families are loosing bond because of â€œ hustle / greener pastures â€œ.
If the impoverishment doesnâ€™t stop, society will breed more beastliness.

#EndBadGovernanceInNigeria for the future."
118,1-8-2024,"
What do people gain from trying to talk people down? 
Especially the people they canâ€™t really say they know?

How did this become such a heavy trend?
Una no dey reason am?"
119,1-8-2024,"
If only you all paid closer attention to â€œ Monsters you made â€œâ€¦ 

#StopKillingYourProphets you donâ€™t massively stream conscious music according to â€œ general argument â€œ either.

Love to 
@burnaboy
 stillâ€¦  #Big7ğŸ’ªğŸ¾"
120,1-8-2024,"
Lolâ€¦ dem dey roast you steady broğŸ˜‚."
121,1-8-2024,"
Lolâ€¦ omo! Respect yourself. Your boy is a big boy now tooâ€¦ bless him."
122,1-8-2024,"
No be everything wey you read you go understandâ€¦ how 7th heaven?"
123,1-8-2024,"
Yes it can if everyone decides to be honest with their lives and how they are living it; Itâ€™s actually not that hard."
124,1-8-2024,"
To my Christian friends, just so you know, Christ was not a coward in the face of mass injusticeâ€¦ His cross was his punishment for ALWAYS standing with the truth.

Amen?"
125,1-8-2024,"
Plenty people dey patronize wetin dey destroy all of usâ€¦ those people no really worth anything based on way forward."
126,1-8-2024,"
Na the money to buy am come remain like thisâ€¦ ki lâ€™a ma sa se bayi?"
127,1-8-2024,"
History will not be kind to me if honesty doesnâ€™t reign; I have no hopes for historical eventualitiesâ€¦

i am with my people because i donâ€™t have a better choice otherwise, many Nigerians are not worth the sacrifice."
128,1-8-2024,"
My message is solely for fans and maybe lovers of freedom... i have no intention of appealing to anyone outside this understanding; the rest can enjoy what they enjoy.

May Nigeria be free so that it can be valued right so that Nigerians can be respected accordingly globally."
129,1-8-2024,"
Lol.. dem self dey buy fuel and diesel"
130,1-8-2024,"
Donâ€™t rate many na why them say i dey form"
131,1-8-2024,"
You want to attack armed men and women with weaklingsâ€¦ if you fit best normal tough barrack boy i go dash you money"
132,1-8-2024,"
People we no get mouth dey abuse people we get mouth because they speak up. 

Their parents dey house all these years wey government dey abuse their generations but Tegwolo self go say elder dey market when dem born am.

Make we dey lookâ€¦ you canâ€™t â€œ savage â€œ away your reality."
133,1-8-2024,"
To the celebrities taking sides against the reality of their own people/fans, it may be best to repent before you become the only reachable option if the hardship doesnâ€™t stop.

#stopsupportingbadgovernance"
134,31-7-2024,"
Another thing, people donâ€™t need to be thanked for standing for what is right; what should any sane human stand for?"
135,31-7-2024,"
Queen Onyeka! The video of her weeping to the leaders will stay forever reminding the world where she stood for the people of the country;
Itâ€™s a blessing to know of her music and life. 

May the souls of all the faithful departed through the mercy of our God rest in peace."
136,31-7-2024,"
My stance with the people remainsâ€¦ 

#EndBadGovernace so that the people will stop having a reason to run away to worlds where something a simple as skin color is a problem; you are in office for them."
137,31-7-2024,"
Itâ€™s the ones talking like they can do jack in a one on one for meâ€¦ like if you were by yourself you would speak to like that?

ğŸ¤¡"
138,31-7-2024,"
The same one wey dem interview for tv? Lol. Abeg leave me"
139,31-7-2024,"
The elders are once again bragging to the youths, saying things that suggests that they will harm their own youths complaining about how life has always gotten harder the more we advance.

it is my human right to reject avoidable hardship in lifeâ€¦ the argument is simple."
140,20-7-2024,"
â€¦Not but honor may we ever bring,
to thy name whoâ€™s honor we bear,
may we worship God and love all menâ€¦
"
141,20-7-2024,"
â€œ But i know we canâ€™t win if na by guns; the only way to win is by the brain because if we must win by the sun, we must be willing to win in the rain â€œ"
142,20-7-2024,"
Na every barrack be that."
143,20-7-2024,"
All barrack boys and girls make una show SP with SUPER INTENT, 
pictures of the state of your barrack today incase heâ€™s unaware.

Barrack Children are becoming worse mentally in the barracks everyday due to the nature of welfare of their parents in the force."
144,19-7-2024,"
Anansewa! Based on â€œ the spider â€œ"
145,19-7-2024,"
When be burial? Una pick anakara?"
146,19-7-2024,"
Donâ€™t give up on knowing there are good peopleâ€¦  you may have to find them too if youâ€™re not too lazy to look."
147,19-7-2024,"
I know a person who thought to brag about  buying a house after selling out his people;

Oya now, live in it in the countryâ€¦ problem.
E sure me say to run gen alone go shake him pockets.

I Dey clear am oga say â€œbut God sees my heart â€œ you know say my own heart na Medusa headğŸ˜Š."
148,19-7-2024,"
I know a person who thought to brag about  buying a house after selling out his people;

Oya now, live in it in the countryâ€¦ problem.
E sure me say to run gen alone go shake him pockets.

I Dey clear am oga say â€œbut God sees my heart â€œ you know say my own heart na Medusa headğŸ˜Š."
149,16-7-2024,"

Lmaoâ€¦ e fit use talk damage you like this if e talk him mind ğŸ˜‚"
150,16-7-2024,"inside all this petrol matter, na barbers story go mad pass."
151,15-7-2024,"
â€œ God is not above 
if the feeling is within â€œ"
152,15-7-2024,"
Respect your elders guys and stop hating."
153,15-7-2024,"
This edition of A7 has Wonder women on it but before then, letâ€™s disturb the peace a little shall we?

#NoApologies "
154,14-7-2024,"
Una no fit see through these kinds but una want better governance from people who have skill in manipulating paper work? The same paper work that you would rather die than read? Lol. Ok now"
155,14-7-2024,"
Teslim.
@VectorThaViper
if man is made in the image and likeness of God, then i need to look no further especially if my ancestors have shown through NATURAL ways that God lives and takes care of life freely.

God is simply in Nature but your religious selves wonâ€™t â€œsupport â€œ herbs even thought you eat native vegetable soups. 
Lol.
"
156,14-7-2024,"
Dem dey talk say men of God dey use and mislead many, una dey say Godâ€™s word is deep lol. 

Itâ€™s like saying two plus two and you say the answer is yellowâ€¦.

Slow bunch arenâ€™t yâ€™all?"
157,14-7-2024,"
A lot of you will see that the issue is the person using information in the Bible but always move off point."
158,14-7-2024,"
If money ensures heaven, what about this Bible verse? 

â€œ It is easier for a camel to go through a needle's eye than for a rich person to enter into the Kingdom of God â€œ"
159,14-7-2024,"
You just quoted nonsense in the real sense of something that has no sense within true context. If what you claim is true, living with this version of humanity should have â€œ deaded â€œ your hopes for breathing. You exist in a reality where they would rather get GMOâ€™s deals than "
160,14-7-2024,"
They clearly arenâ€™t if they are â€œ okay â€œ with the reality around."
161,14-7-2024,"
Nigeria ati igbesi aiye eâ€¦ iwo naa rooâ€¦ se ko si ni sawawu problemu ni?"
162,14-7-2024,"
You donâ€™t need an activist to think."
163,14-7-2024,"
E get where suffer go reach, people no go need point anybody to anythingâ€¦"
164,14-7-2024,"
Those of you using what happened to fellow Nigerians (during Endsars) as examples in any form of mockery shaâ€¦

 like your social life is not crumbling around you with the increase in the price of petroleum and many other thingsâ€¦ 

Kidnap is the new armed robbery."
165,14-7-2024,"
Abi ori egbon adugbo daru? Mi o moâ€™ya e ri."
166,14-7-2024,"
As long as you are also aware that You canâ€™t hope for something you are not working towardsâ€¦"
167,14-7-2024,"
Na from mind Protest Dey startâ€¦ Una just like plenty actors na why script dey always change so una no go dey â€œ
Bored â€œ"
168,14-7-2024,"
Hereâ€™s an idea, maybe all the people begging online should storm the social media handles of their politicians showing expensive cars and jewelry with their aza anytime they post to show that they have plenty material wealthâ€¦

As for me? I be rapper nowâ€¦ rap no dey sell soâ€¦"
169,14-7-2024,"
â€¦as much as i respect the courage the Kenyan youths are showing, Nigeria is NOT Kenya; our dynamics are far apart. That said, since you canâ€™t and shouldnâ€™t force any human against their willâ€¦ 
when itâ€™s honest time, many more will align.

Peace to everybody who deserves peace."
170,13-7-2024,"
â€œ Agba kii wa lâ€™oja ki orii omo tun tun o woâ€¦ â€œ

Children with deformed heads all over the market place; they canâ€™t even think right"
171,12-7-2024,"
They care more about being savage to the public figure that wonâ€™t join politicians so they can post private trips to tension their followers"
172,12-7-2024,"
elders said â€œ Nay â€œ to a prayer in senate that suggests the government makes sure budget allocation for security is scrutinized to avoid FURTHER embezzlement.

Defenders ONLINE over to you.

By the way â€œ Nay â€œ means â€œNoâ€ incase you are slow."
173,12-7-2024,"
Lafiaji area bâ€™o ti Kere mo niâ€™beâ€¦ 

na why them go say some of us dey form where as na them no just get proper  
 self representation,dignity and respect. 

All the afore mentioned ( at its core ) have nothing to do with materialism."
174,11-7-2024,"
I wish you the type of woke that adequately helps you when nobodyâ€™s there; the one that keeps you going no matter what...

donâ€™t die till you stop breathing."
175,11-7-2024,"
Canâ€™t remember names; popularity sucks."
176,10-7-2024,"
lol. Like when ibro ask me for answer for exam hallâ€¦ I tell am e say â€œ itâ€™s a lie â€œ lmaoâ€¦ I wan blow him eye for hall"
177,9-7-2024,"
God no go forgive am for all the stress wey e put arsenal fans through lol. Lai lai."
178,9-7-2024,"
God no go forgive am for all the stress wey e put arsenal fans through lol. Lai lai."
179,8-7-2024,"
You fight each other because of the politics elders are playing with elders.
Itâ€™s so bad that you openly insult those that attempt to point your mind towards these thingsâ€¦ 

many of you claim you were sad about the story of the mockery of Jesus before he died.

You ask God"
180,7-7-2024,"If i â€œ cho â€œ wetin dey my mind to â€œ cho â€œ to you, them go say i dey shame you but dem no go see say you self no kuku get shame with the kind way wey you dey think but no wam! 

We Dey pray for you."
181,7-7-2024,"
You wey dey openly complain say woman dribble you dey get mouth? Lmao."
182,7-7-2024,"
Lolâ€¦ where were you in the same season? Una don begin dey do like â€œ okada riders fan club â€œ the mumu people go soon come begin defend team wey get defenders already ğŸ˜‚."
183,7-7-2024,"
This should be enough reason for you be unbothered but here you are proving a point that is presently useless in conversationâ€¦

Go and support your team ( they really need it RIGHT NOW ) and stop embarrassing yourself openly; Have some dignity."
184,7-7-2024,"
Na lie. Wetin you no really like right now be say your team no too dey game and na Sign say witchcraft dey your body because na sign of envy.

â€œUpâ€ Man U."
185,6-7-2024,"
Super glue dey your eyes all these years Abi na now you just begin think?"
186,29-6-2024,"
Lolâ€¦ if Iâ€™m not pressing it, how is it my fault"
187,29-6-2024,"
Lol. E good selfâ€¦ make him self chop
From oyibo ways of deception to create fear"
188,28-6-2024,"
When you think about the mindset of the majority of the fools( though probably hereditary ), you see how the hardship makes sense as Gods way of punishing everyone for allowing stupid minds lead.

You can NOT respect your way out of your daily struggles."
189,28-6-2024,"
You way Dey face light  and your opon still cast shadowâ€¦ 
with jaw like say e thief strong meat keep for one side."
190,28-6-2024,"
I wonder if na elders get the jetsâ€¦ Abi bawo?"
191,28-6-2024,"
I donâ€™t speak for anyone but my self. If all of una get issue with VDM make una self carry ring lightâ€¦ no be fight"
192,28-6-2024,"Teslim.
@VectorThaViper
Â·
Jun 28
If your papa face The amount of bullets wey my papa survive because of people like you and your own papa, you go Dey type in PTSD."
193,28-6-2024,"
If you may, start looking at those people defending fake respect for eldersâ€¦ they will most likely become exactly like the issue we are talking about. 

Many of una self vex for Desmond when he yarn but today, una home training pass Arsenal preparation for emiratesâ€¦lol. 

Why"
194,27-6-2024,"
God punish them in advance. After them come for me make them go back to their reality wey they no fit lie about."
195,27-6-2024,"
Let the youth embarrass the elders who donâ€™t respect themselves. 

People are constantly stressed by the decisions of â€œeldersâ€; even the elderly are suffering seriously from the lack of Elderly wisdom needed  to motivate the people to live well in the simplest wayâ€¦

God punish â€œelderâ€ wey dey mislead youthâ€¦ Go punish anybody wey dey believe say position pass human life.

No be curse when you look around and admit  reality.

"
196,26-6-2024,"
Those that â€œknowâ€ better than Saka should go and take his team shirt. Elenu nla eyan Festus."
197,25-6-2024,"
They havenâ€™t surfaced half as much as stupidity in podcastsâ€¦ they are coming. They are the colonial masters last line of the dense"
198,25-6-2024,"
Mumu say â€œOyibo don dey chop GMO since and nothing do them â€œâ€¦ lol. 

Oyibo don dey drink â€œ soda â€œsince self naâ€¦
Africas next biggest problem will be THE AFRICAN EDUCATED IDIOTS."
199,25-6-2024,"I donâ€™t have personal beef against government officials because na true say na the people hands true power dey but you see all those of you who stupidly say things to distract people from the truthâ€¦

itâ€™s Coming and i know you feel it.
Keep supporting bad leaders amidst the people directly suffering from Their decisions lol.
"
200,25-6-2024,"
There is hopeâ€¦ you just donâ€™t see it amidst ignorant people and sadly, look around."
201,20-6-2024,"
All of una wey dey madâ€¦ person go dey parachute dey glide on him own una go shoot am! Una no sabi fair play?"
202,20-6-2024,"
Olopa will kÃ³ all of youâ€¦ una know too much about weaponsğŸ˜"
203,5-6-2024,"
Everyone has one or two awkward pose  pics but 
@ThaBoyYom
 has way too manyâ€¦ even he knows what iâ€™m talking about. Weird guy"
204,5-6-2024,"Person wey be say, the way him head big reach, e go take am 1hour to clean sweat from him forehead finish from left to rightâ€¦ 

maybe a cargo plane next timeâ€¦"
205,29-5-2024,"
All the barbers that know they donâ€™t know how to line hair properly I have a questionâ€¦

Where are you running to?"
206,29-5-2024,"No matter how â€œ fresh â€œ it looks, it must be madness waiting for something as simple as the sun to come only for you to try to bask in it for a few months, weeks or even days in varying cases; something thatâ€™s so common that it may cause you headaches if youâ€™re out in it for long in Nigeria.
"
207,27-5-2024,"
Many of you want criminals in power to stop but the foundation of your respect for any human worships the lifestyle of public thieves and liars.
You make excuses for them openly in glorious folly; you defend people destroying you because of material â€œ grace â€œ. 

Keep believing."
208,27-5-2024,"
It is not wellâ€¦ a doctor died in an elevator in a hospital in a country where global warming is causing man made terror.

You are lying to yourself."
209,27-5-2024,"
Religious leaders are leaving the country they claim God has promised to redeem just like politicians are investing their accumulated wealth outside their national origin the same way artists that â€œloveâ€ their fans are aligned with those that impoverish the said fans everyday.
ğŸ‘€"
210,23-5-2024,"
Use your head reason am yourself."
211,23-5-2024,"
Make men dey reason like the men wey dem be; una don too dey loose guard na why embarrassment dey gum body with many of una."
212,9-5-2024,"
If you were intelligent, Considering you are on the floor either way,â€¦ never mind."
213,9-5-2024,"
Olodoâ€¦ Person wey don enter don enter. lol"
214,27-4-2024,"
Seun was making a point about kids whose parents are embezzlers and it had me thinkingâ€¦ what can the child of thief do about the thief that had been before he/she was born?"
215,27-4-2024,"
But many of una na bully nawâ€¦ the difference be say na keypad be una tool. Normally, physically, you will produce manure instantly."
216,23-4-2024,"
So many other team supporters have reduced themselves to waiting for a â€œ small club â€œ to fail. 
The irony is, they are acting like we donâ€™t see their team falling / fallen. Una no sabi yab but why would i wrestle
With pigs when I can just let you keep sniffing your own shit?"
217,23-4-2024,"
Learning martial arts or boxing instills discipline but I donâ€™t expect you to know that if you have never been through it. That said, if your child is a bully, you self suppose collect"
218,23-4-2024,"
Fathers, teach your daughters how to defend themselves against attackers.

Her future self esteem matters more than the hurt she will inflict on her oppressor or attacker.

Abi bully dey mad ni?"
219,14-4-2024,"
Make una self drop una headache. Goal goal goal, no result."
220,4-4-2024,"
â€œ Contemporary Nigerian foolishness â€œ"
221,1-4-2024,"
You donâ€™t need to wait for the days your team is in right now. 

Leave Arsenal to their fate and face yours... Itâ€™s embarrassing"
222,1-4-2024,"
Make una try focus on una team"
223,1-4-2024,"
Wan maan dÃ² kÃº normally ğŸ¤£. Attack Trossard aggressively at your own â€œriksâ€œ"
224,1-4-2024,"

Roy keane get sense pass many people"
225,1-4-2024,"
Agbado inu igo di awo mojumo fun adiyeâ€¦ Abi haters no go like dey see say them no matter?"
226,1-4-2024,"
You rate fools too muchâ€¦ they donâ€™t qualify as fear. "
227,1-4-2024,"

You all need to stop generalizing your negative tribalism; itâ€™s prolonging the unity of purpose you needed to succeed as people.

All of una eyes go open one day say no be politics be the biggest enemy but the people the politician report to."
228,31-3-2024,"
It actually makes more sense that a man of this skin color was put through torture for having his own beliefs."
229,31-3-2024,"
You no fit await wetin your team go playâ€¦ shameless devul wey no get fire for him hell"
230,29-4-2024,This is why you must hold your government accountableâ€¦ have you ever heard of regulatory bodies? It still takes a village to raise a child.
231,26-4-2024,If you are a pure one then i fuck with youâ€¦ itâ€™s as simple as that. Make people wey get sense begin align because the ones wey no get don align and na dem dey reign.
232,26-4-2024,"Who put them in power? lol. Dey play. Most of the fools backing liars donâ€™t eventually benefit from the spoils. Check the grass-root politicians, struggle wan finish them but them dey political party dey supp"
233,26-4-2024,"Police brutality no be until police injure or off person. 
I know how i have dealt with police oppression in the past and guess what, itâ€™s usually the citizens that instigate the abuse of power against themselves.

Most of you are more ev!l than the politicians."
234,26-4-2024,"
You donâ€™t have to be perfect to protect the children. Hell on earth and in the afterlife to those poisoning innocence by sleeping with them.

And those that turn a blind eye because of money, may those eyes never function for good for you."
235,25-4-2024,Gbo gbo wan o ni ni isimi
236,25-8-2024,"My parents raised me to hate â€œiregunâ€ so i will leave out details of what Iâ€™ve done for rap and rappers in Nigeria materially and mentally.

Again, itâ€™s not like any of you can walk up to me in Real life and be your bitch self so enjoy online."
237,25-8-2024,"Hip hip deadsâ€¦ terry no sabi rap again? Mojeed nko? What about O-zone? Sauce? And the younger ones? Corleone? Vader? What is your playlist saying? 
Check all out monthly listeners for instance on spotify and see how dead you HIPHop â€œfollowersâ€ are.

Mumu people."
238,25-8-2024,Hiphop heads wey their patronage no dey ever show for hiphop back end data? ğŸ˜‚ clowns
239,25-8-2024,"They have opinions that never seem to consider the CHILDREN. 

No man or woman is perfect but considering the CHILD is a MUST! 
You say your partner is selfish but what about you to the one who didnâ€™t hurt you to begin with?

Man or woman, all of una wey dey support lies dey mad."
240,18-4-2024,"Most Christians and Muslims behave like they donâ€™t know the holy books talks to them more than any other â€œ sinner â€œ group ğŸ˜‚.

I mean, Nigeria has always been headed by either Christians or Muslimsâ€¦ and see where it isâ€¦"
241,17-4-2024,Sad to hear but life happens. There are officers who didnâ€™t know my dad passed and found out later. There are people that are just acquaintances and not close buds. I donâ€™t hassle anyone who doesnâ€™t with me and thatâ€™s fine but i hear you.
242,11-4-2024,Are you asking what the use of making sense is to a dummy is?
243,11-4-2024,"Person wey get job wey still dey broke many times based on normal life dey tell musician say him style of music no dey dey sell.

Black life wey no too send black life dey say Black Lives Matter. 

Fuck the force men and their PTSD but they should act civil.

Ok now."
244,9-4-2024,These children say make i pass the Igbo wey i dey smoke for thinking about it o. Lol
245,9-4-2024,"Thatâ€™s why i laugh at the older generation saying the younger generations are â€œrudeâ€â€¦ lol. 

Who raised them?  ğŸ«µğŸ¾."
246,4-4-2024,You learn to leave the sins of the father to the fatherâ€¦ many are totally different from their parents although it may be true that some dangers that come with bad leadership doesnâ€™t escape the immediate family of the bad leader.
247,18-12-2024,"It just hit me what my guy was saying that deodorant self don too cost soâ€¦ 
today, one â€œ gba â€œ attack me and i no even see the person lol."
248,15-2-2024,"When many of you are tired, you will go back to loving music personally; Itâ€™s the same way most of are choosing leadersâ€¦ itâ€™s always by what â€œtheyâ€ are saying as though your own say is useless."
249,12-2-2024,Na so one man return Naija jersey as game finish say e no buy again! Lmao! Goofs out there wondering how Iâ€™m wearing a jersey and calmâ€¦. Werey my love for Naija pass ball naw.
250,12-2-2024,"Why many wait till we lose to talk say Eagles no play well? 
Una been dey fear before? Lol.

Alwada and co."
251,11-2-2024,Nelson Dey craseâ€¦ kudus dribble pass defense he dribble pass kudus immediately from defenseâ€¦ lol.
252,8-2-2024,"I don waaaaaaaaaaakeğŸ˜¤ğŸ˜¤ğŸ˜¤ğŸ˜¤. Watched with a South African and she was hoping to laugh at us at the end she no know say na barrack boy she dey deal with; Yab wan wound am ğŸ˜‚.

Todays bants for her is Gbafana gbafana as in GbÄ… fun ana, gbÄ… fun anaâ€¦ e don happen e don happen."
253,8-2-2024,"I don waaaaaaaaaaakeğŸ˜¤ğŸ˜¤ğŸ˜¤ğŸ˜¤. Watched with a South African and she was hoping to laugh at us at the end she no know say na barrack boy she dey deal with; Yab wan wound am ğŸ˜‚.

Todays bants for her is Gbafana gbafana as in GbÄ… fun ana, gbÄ… fun anaâ€¦ e don happen e don happen."
254,31-1-2024,"until they stop the fake hate, fake values, fake thinking, fake respect, fake love, fake topics in fake schools, fake life where, For most, constantly struggling with  â€œ modern â€œ lifestyle is â€œ living â€œ, fake unity and religion and fake Ego, itâ€™s just another episode."
255,22-1-2024,"Every body in their different settlements are needed to speak to the best for their immediate environment. 

When this becomes the case, the entire stance becomes everyone making sure their initial vicinity is good as inâ€¦ â€œ na from house we dey dress to public â€œ."
256,22-1-2024,You are all too busy being better than each other ( kinda like rappers ). You do all these and act like you are better when you all agree that you are all uncomfortable in your â€œ comfort â€œ.
257,19-1-2024,"About ibadan again, i have no intention of letting such become a norm. The least anyone can do is do their best where they can. Ibadan is dear to me and thatâ€™s enough to stand for it to remain its beautiful easy self.

Peace to everybody who deserves peace."
258,17-1-2024,I donâ€™t even find it sickening personally. Itâ€™s just embarrassing
259,17-1-2024,"
Whatever it is going on in ibadan, all i know is, i am not willing to accept such as a norm; It will never be normal to me and i will stand against anything that intends to make it a norm. 
Nowhere should be under such pressure and Ibadan is definitely not the place to disturb if and only if this blast is not a simple mishap: we await appropriate investigation."
260,26-12-2023,"
There is a plague of stupid people creating a weak image of Nigerians because of forex. 

They leave a trail of foreign investors thinking itâ€™s okay to deal with African acts however greed allows. It is literally the same story of how the slave masters deceived and made people sign agreements that had greedy terms hidden from simple comprehension"
261,26-12-2023,Lol. I actually donâ€™t mind Martinez getting cooked ğŸ˜‚. Either way e sweet.
262,19-12-2023,"To the intelligent Nigerian, be careful not to be used to spread propaganda that distracts even you; itâ€™s not worth it."
263,19-12-2023,"Them ask you why you dey pull out, you say you dey fear STDâ€™sâ€¦werey! You are not supposed to go in in the first place You fool lmao"
264,19-12-2023,"Them ask you why you dey pull out, you say you dey fear STDâ€™sâ€¦werey! You are not supposed to go in in the first place You fool lmao"
265,19-12-2023,"Them ask you why you dey pull out, you say you dey fear STDâ€™sâ€¦werey! You are not supposed to go in in the first place You fool lmao"
266,8-12-2023,Oyo state police command should provide proof of his welfare package and use that as a befitting argument against his misconduct.
267,26-12-2023,"
If then like make them be anything na for their headache against Arsenal"
268,25-10-2023,"You wey no dey pay attention for class?

Olodo."
269,25-11-2023,"All you Chelsea fans trying to make sure kai fails are just irritating.

Move on from his dickâ€¦ 
arenâ€™t your jaws tired? 
Setting a world record maybe? 
You made your point already now fuck off!"
270,9-11-2023,Omo! When men dey tell me Wetin dey happen i just dey laugh. Like embarrassing talks. Embarrassing bro.
271,8-11-2023,Garri canâ€™t talk about VAR decisions tomorrow now can he? Will he take a ball to demonstrate on the pitch again? Find out on the next episode of  werey Elenu Nla.
272,4-11-2023,No be your mama prayer go help you do that wan werey. Iwo lâ€™o oni fo now.
273,2-11-2023,"Bible fry decieve them say they wicked. Lmao. Na woman dey lead war? 

Make dem dey fore-play"
274,31-10-2023,"You wey dem dey pull in dey crase lol. Jokes apart, no one knows what turn life will take which is why you must always be on guard. Guide your thoughts diligently"
275,31-10-2023,"This is a lie. You are still guys, the other one no just get sense at the moment. You may distance however you deem fit but your guy na your guy."
276,31-10-2023,"No mind dem. Igbo go dey him own, crack and co go begin drag am join Wetin e no doâ€¦ lol"
277,31-10-2023,I just remember my guy wey go cut cable of brand new electric incense burner because he wan plug old fan wey no get plug. Fool come dey vex again say i dey check am... E know Wetin him eyes finally see that day.
278,21-10-2023,Youâ€™re a joker if you think i want to bant with you about the Match. Stop the desperationâ€¦ itâ€™s should be embarrassing that you even thought it in the first place.
279,19-10-2023,Ofo de ni olofo man se normally hence the status quoâ€¦
280,19-10-2023,On fucking dun
281,14-10-2023,"trust Nigerians to see when itâ€™s time; The world will hate why they showed Nigerians that no one is perfect.

Nigerians will not pass on the opportunity to remind you how ugly your own house is if need beâ€¦ they shouldâ€™ve been excluded from colonialism; these people are madğŸ˜‚"
282,6-10-2023,"All of u a wey dey talk anyhow about Thomas Partey get mind sha! 

No be una fault"
283,30-9-2023,Sebi you dey wear glasses? You no Dey see road wey lead to your front?
284,14-9-2023,"To think they now become slaves to the whip mentality when in truth, time and age catches up with the whipper and the whip. Whipper will get old and too tired to whip and whip will become lonely and die as such."
285,9-9-2023,"The nerve of some Of youâ€¦ 

if the head Of Your family sits in meetings I have sat in with the people i have sat with, the head of your house will become a side chic but we arenâ€™t having that conversation."
286,27-7-2023,"The education system that so many are PROUD about is actually harming their intellectual discourse but hey, let the clowns earn their wage"
287,26-7-2023,"Una dey talk like say no be the same Nigerians dey reference past regimes as economically better if you are looking at how the dollar has further made your currency a bigger bitch in valuation.

Abi no be animals wey lack discipline many people de behave like? 
The same citizens"
288,26-7-2023,"I have called out more darkness than you can ever sleep through from your birth till you are old and gone.

As for being afraid, you donâ€™t know what you are saying."
289,16-7-2023,Una no get boys for area? Dey there dey speak English.
290,16-7-2023,"Na oyibo sense oyibo get. If African no show am, e no fit know african sense."
291,16-7-2023,"Quite silly of them but na usual privilege wey dem don dey claim since; come to Africa (Nigeria) and talk like they know exactly what the reality is. 

Make we no talk of the fact say na them self cause many of the rubbish wey dey sup as them dey claim to introduce â€œadvancementsâ€"
292,16-7-2023,A lot of men are unstable and fucking stupid no worry yourself.
293,6-7-2023,"Silence is broken at time so the stupid can know they areâ€¦ maybe that way they will repent because the more stupid people we have, them more stupid the society."
294,6-7-2023,"Person wey no get monkey post team dey call Arsenal small clubâ€¦

Even if you be O.G. 
The meaning of your own O.G 
na Own Goal.

Ode go say na bant ğŸ˜‚."
295,13-4-2023,"You are personally offended that someone else is personally offended.

â€œ you must be stupid if you think you have a caseâ€"
296,11-4-2023,"How I go vex for you, see as you fine like fresh thief ğŸ˜‚"
297,11-4-2023,The breeze wey dey blow these days dey carry fowl and fowl yansh go totally; e go even carry fowl guys if them dey ğŸ˜‚.
298,9-4-2023,Leeds dey craze with that free kick just now ğŸ˜‚
299,9-4-2023,"If only them know Wetin rage be for barrack when fight sup ğŸ˜‚.
Children are not left out of the madness either."
300,27-2-2023,"Yoruba ro inu and NOT owo. 

Una dey say make Yoruba think but una Dey think about money. 

Na so."
301,19-1-2023,"it started to make sense that everything hardship in Nigeria is intentional. Think about it, how will you remember a stealing politician and what they stole when your entire life is from one unnecessary difficulty to another? Even if you get car, you shock absorber must collect."
302,16-1-2023,The nerve of these fools who are struggling
303,8-1-2023,"Oya sorry, you are not daft, you just type like you are. Iâ€™m sure there are other realities where you are a good person too."
304,5-1-2023,"There you go again talking like you are immune to â€œ hypocrisy â€œ which is hypocritical in itself. 
You also just generalized a personal response action with conviction in your statement. You must have known personally thoughğŸ¤·ğŸ¾â€â™‚ï¸"
305,5-1-2023,"There you go again talking like you are immune to â€œ hypocrisy â€œ which is hypocritical in itself. 
You also just generalized a personal response action with conviction in your statement. You must have known personally thoughğŸ¤·ğŸ¾â€â™‚ï¸"
306,24-12-2022,Eyin ti ori gbogbo idile yin ti daru ju ori ile ede wa.
307,24-12-2022,"Those of you vexing Dey try o.
Itâ€™s been about 13 years of vector and I can only imagine how hurt you must feel that nothing stops me.

To think Iâ€™m one out of the few who never took sides with those destroying your lives in governance.

May you find peace before you die."
308,24-12-2022,Funny how none of these boys can bruise me
309,21-12-2022,No worry smelling bad go cost you
310,19-11-2022,"Many of una still get mind come online dey talk Wetin una know say go back fire.
 Una say â€œNigeria no fit good againâ€ but if Naija na the people and you be part of Naija, then e mean say you self no fit good again so na YOU be the problem.
Many of una na thief self."
311,20-9-2022,Pls go and vote and stop asking question Rada rada ğŸ¤¨
312,16-9-2022,Imagine sag ninja change am for biggie say him self no fit find clueğŸ˜‚
313,6-9-2022,Some of you actually act like you believe your political choice is not influenced by bribe. You actually sound silly  a lot of times. Having a mind of your own is a myth to youâ€¦ we may fault your upbringing but you too can stop being stupid.
314,6-9-2022,"Many donâ€™t like how honest I can be and that shows that many donâ€™t like being honest so why should such people matter in consideration? By the way, the Corrupt leader does nit bribe himself now does he? Welcome to your self created and prolonged hellâ€¦ Thereâ€™s a lava pool tooğŸ˜ˆ."
315,20-8-2022,"Dem suppose call AJ team
Come collect with am. Itâ€™s was always and obvious thing when he fights. Iâ€™m so irritated with this fight."
316,20-8-2022,"If Aj looses this fight, he should just kiss usyk and take a ring from him because I donâ€™t understand why heâ€™s acting like heâ€™s playing with his wife"
317,4-8-2022,"
Them convict you for killing the lady seeking a job and you want to run away? Lol. You think say na only police dey find you?"
318,23-6-2022,"I have always said, there is no way you have to kill a human being and harvest his/her body parts just for money to fall from the unknown spirit world when money is simple paper and ink.

Now you know how crazy your reality is."
319,23-6-2022,"I studied philosophy of law in Unilag. I know itâ€™s spirit and letter arguments.
I can also spot various foundational fallacies in arguments like
â€œappeal to pityâ€, â€œhasty generalizationâ€ & moreâ€¦

That said, only the bar exams i engaged is by Royce da 5â€™9ğŸ¤·ğŸ¾â€â™‚ï¸.

Sega wey dey mad."
320,23-6-2022,"
I studied philosophy of law in Unilag. I know itâ€™s spirit and letter arguments.
I can also spot various foundational fallacies in arguments like
â€œappeal to pityâ€, â€œhasty generalizationâ€ & moreâ€¦

That said, only the bar exams i engaged is by Royce da 5â€™9ğŸ¤·ğŸ¾â€â™‚ï¸.

Sega wey dey mad."
321,23-6-2022,Comot the 7. Na one man e be. One mumu man. Mumu na wey deserve serious discipline
322,16-6-2022,"God don punish all of una wey dem dey use to come disrupt and further destroy lives of people wey just dey try survive this bullshit called government of today in Nigeria. When you japa, carry your generation with you and friends so the consequences no go touch them."
323,16-6-2022,"Not unless everyone in your circle is dumb, the ones wey get sense go see truth when them reason am by themselves."
324,,
325,,
326,,
327,,
328,,
329,,
330,,
331,,
332,,
333,,
334,,
335,,
336,,
337,,
338,,
339,,
340,,
341,,
342,,
343,,
344,,
345,,
346,,
347,,
348,,
349,,
350,,
351,,
352,,
353,,
354,,
355,,
356,,
357,,
358,,
359,,
360,,
361,,
362,,
363,,
364,,
365,,
366,,
367,,
368,,
369,,
370,,
371,,
372,,
373,,
374,,
375,,
376,,
377,,
378,,
379,,
380,,
381,,
382,,
383,,
384,,
385,,
386,,
387,,
388,,
389,,
390,,
391,,
392,,
393,,
394,,
395,,
396,,
397,,
398,,
399,,
400,,
401,,
402,,
403,,
404,,
405,,
406,,
407,,
408,,
409,,
410,,
411,,
412,,
413,,
414,,
415,,
416,,
417,,
418,,
419,,
420,,
421,,
422,,
423,,
424,,
425,,
426,,
427,,
428,,
429,,
430,,
431,,
432,,
433,,
434,,
435,,
436,,
437,,
438,,
439,,
440,,
441,,
442,,
443,,
444,,
445,,
446,,
447,,
448,,
449,,
450,,
451,,
452,,
453,,
454,,
455,,
456,,
457,,
458,,
459,,
460,,
461,,
462,,
463,,
464,,
465,,
466,,
467,,
468,,
469,,
470,,
471,,
472,,
473,,
474,,
475,,
476,,
477,,
478,,
479,,
480,,
481,,
482,,
483,,
484,,
485,,
486,,
487,,
488,,
489,,
490,,
491,,
492,,
493,,
494,,
495,,
496,,
497,,
498,,
499,,
500,,
501,,
502,,
503,,
504,,
505,,
506,,
507,,
508,,
509,,
510,,
511,,
512,,
513,,
514,,
515,,
516,,
517,,
518,,
519,,
520,,
521,,
522,,
523,,
524,,
525,,
526,,
527,,
528,,
529,,
530,,
531,,
532,,
533,,
534,,
535,,
536,,
537,,
538,,
539,,
540,,
541,,
542,,
543,,
544,,
545,,
546,,
547,,
548,,
549,,
550,,
551,,
552,,
553,,
554,,
555,,
556,,
557,,
558,,
559,,
560,,
561,,
562,,
563,,
564,,
565,,
566,,
567,,
568,,
569,,
570,,
571,,
572,,
573,,
574,,
575,,
576,,
577,,
578,,
579,,
580,,
581,,
582,,
583,,
584,,
585,,
586,,
587,,
588,,
589,,
590,,
591,,
592,,
593,,
594,,
595,,
596,,
597,,
598,,
599,,
600,,
601,,
602,,
603,,
604,,
605,,
606,,
607,,
608,,
609,,
610,,
611,,
612,,
613,,
614,,
615,,
616,,
617,,
618,,
619,,
620,,
621,,
622,,
623,,
624,,
625,,
626,,
627,,
628,,
629,,
630,,
631,,
632,,
633,,
634,,
635,,
636,,
637,,
638,,
639,,
640,,
641,,
642,,
643,,
644,,
645,,
646,,
647,,
648,,
649,,
650,,
651,,
652,,
653,,
654,,
655,,
656,,
657,,
658,,
659,,
660,,
661,,
662,,
663,,
664,,
665,,
666,,
667,,
668,,
669,,
670,,
671,,
672,,
673,,
674,,
675,,
676,,
677,,
678,,
679,,
680,,
681,,
682,,
683,,
684,,
685,,
686,,
687,,
688,,
689,,
690,,
691,,
692,,
693,,
694,,
695,,
696,,
697,,
698,,
699,,
700,,
701,,
702,,
703,,
704,,
705,,
706,,
707,,
708,,
709,,
710,,
711,,
712,,
713,,
714,,
715,,
716,,
717,,
718,,
719,,
720,,
721,,
722,,
723,,
724,,
725,,
726,,
727,,
728,,
729,,
730,,
731,,
732,,
733,,
734,,
735,,
736,,
737,,
738,,
739,,
740,,
741,,
742,,
743,,
744,,
745,,
746,,
747,,
748,,
749,,
750,,
751,,
752,,
753,,
754,,
755,,
756,,
757,,
758,,
759,,
760,,
761,,
762,,
763,,
764,,
765,,
766,,
767,,
768,,
769,,
770,,
771,,
772,,
773,,
774,,
775,,
776,,
777,,
778,,
779,,
780,,
781,,
782,,
783,,
784,,
785,,
786,,
787,,
788,,
789,,
790,,
791,,
792,,
793,,
794,,
795,,
796,,
797,,
798,,
799,,
800,,
801,,
802,,
803,,
804,,
805,,
806,,
807,,
808,,
809,,
810,,
811,,
812,,
813,,
814,,
815,,
816,,
817,,
818,,
819,,
820,,
821,,
822,,
823,,
824,,
825,,
826,,
827,,
828,,
829,,
830,,
831,,
832,,
833,,
834,,
835,,
836,,
837,,
838,,
839,,
840,,
841,,
842,,
843,,
844,,
845,,
846,,
847,,
848,,
849,,
850,,
851,,
852,,
853,,
854,,
855,,
856,,
857,,
858,,
859,,
860,,
861,,
862,,
863,,
864,,
865,,
866,,
867,,
868,,
869,,
870,,
871,,
872,,
873,,
874,,
875,,
876,,
877,,
878,,
879,,
880,,
881,,
882,,
883,,
884,,
885,,
886,,
887,,
888,,
889,,
890,,
891,,
892,,
893,,
894,,
895,,
896,,
897,,
898,,
899,,
900,,
901,,
902,,
903,,
904,,
905,,
906,,
907,,
908,,
909,,
910,,
911,,
912,,
913,,
914,,
915,,
916,,
917,,
918,,
919,,
920,,
921,,
922,,
923,,
924,,
925,,
926,,
927,,
928,,
929,,
930,,
931,,
932,,
933,,
934,,
935,,
936,,
937,,
938,,
939,,
940,,
941,,
942,,
943,,
944,,
945,,
946,,
947,,
948,,
949,,
950,,
951,,
952,,
953,,
954,,
955,,
956,,
957,,
958,,
959,,
960,,
961,,
962,,
963,,
964,,
965,,
966,,
967,,
968,,
969,,
970,,
971,,
972,,
973,,
974,,
975,,
976,,
977,,
978,,
979,,
980,,
981,,
982,,
983,,
984,,
985,,
986,,
987,,
988,,
989,,
990,,
991,,
992,,
993,,
994,,
995,,
996,,
997,,